{"config_name": "recursive_grid_1_symbols_1080days",
 "logging_level": 0,
 "long": {"auto_unstuck_delay_minutes": 121.79601319483415,
          "auto_unstuck_ema_dist": 0.0038275254862412096,
          "auto_unstuck_qty_pct": 0.040540706713352914,
          "auto_unstuck_wallet_exposure_threshold": 0.33296041730778486,
          "backwards_tp": true,
          "ddown_factor": 1.068954685109556,
          "ema_span_0": 827.2920375853249,
          "ema_span_1": 423.5009820526975,
          "enabled": true,
          "initial_eprice_ema_dist": 0.010273314023601852,
          "initial_qty_pct": 0.005,
          "markup_range": 6.234656521667606e-05,
          "min_markup": 0.003632690532456804,
          "n_close_orders": 7,
          "rentry_pprice_dist": 0.04401301389074422,
          "rentry_pprice_dist_wallet_exposure_weighting": 4.436276674135907,
          "wallet_exposure_limit": 2.0},
 "short": {"auto_unstuck_delay_minutes": 538.9624375845061,
           "auto_unstuck_ema_dist": -0.09429534361989403,
           "auto_unstuck_qty_pct": 0.001585945663834498,
           "auto_unstuck_wallet_exposure_threshold": 0.024594699404297062,
           "backwards_tp": true,
           "ddown_factor": 2.828074987056655,
           "ema_span_0": 607.4835011032643,
           "ema_span_1": 700.3592710297818,
           "enabled": true,
           "initial_eprice_ema_dist": -0.001349401788623459,
           "initial_qty_pct": 0.0053265742495337215,
           "markup_range": 0.0008862615904501241,
           "min_markup": 0.002061584135211934,
           "n_close_orders": 10,
           "rentry_pprice_dist": 0.03690530559167229,
           "rentry_pprice_dist_wallet_exposure_weighting": 0.33262047330920713,
           "wallet_exposure_limit": 1.0}}