{"config_name": "recursive_grid_1_symbols_1080days",
 "logging_level": 0,
 "long": {"auto_unstuck_delay_minutes": 191.3881869434571,
          "auto_unstuck_ema_dist": -0.09993730235346775,
          "auto_unstuck_qty_pct": 0.0628777143185328,
          "auto_unstuck_wallet_exposure_threshold": 0.3547273383416398,
          "backwards_tp": true,
          "ddown_factor": 0.2624438146168462,
          "ema_span_0": 856.0548806890047,
          "ema_span_1": 794.7241165930745,
          "enabled": true,
          "initial_eprice_ema_dist": -0.04573852960434522,
          "initial_qty_pct": 0.005,
          "markup_range": 8.999849707343388e-07,
          "min_markup": 0.008274909554370331,
          "n_close_orders": 2,
          "rentry_pprice_dist": 0.03124202997535034,
          "rentry_pprice_dist_wallet_exposure_weighting": 0.08664881407130275,
          "wallet_exposure_limit": 2.0},
 "short": {"auto_unstuck_delay_minutes": 245.6165509502189,
           "auto_unstuck_ema_dist": 0.0038070461569831363,
           "auto_unstuck_qty_pct": 0.012147389050255813,
           "auto_unstuck_wallet_exposure_threshold": 0.5266252365145685,
           "backwards_tp": true,
           "ddown_factor": 2.110677462079383,
           "ema_span_0": 566.5973778228813,
           "ema_span_1": 1327.0471534731084,
           "enabled": true,
           "initial_eprice_ema_dist": -0.019107020247442093,
           "initial_qty_pct": 0.011704050067443886,
           "markup_range": 0.0038515299449766263,
           "min_markup": 0.001,
           "n_close_orders": 3,
           "rentry_pprice_dist": 0.016666608057681043,
           "rentry_pprice_dist_wallet_exposure_weighting": 25.722915778194174,
           "wallet_exposure_limit": 1.0}}