{"config_name": "recursive_grid_1_symbols_1080days",
 "logging_level": 0,
 "long": {"auto_unstuck_delay_minutes": 121.60037159899527,
          "auto_unstuck_ema_dist": -0.08505491771914557,
          "auto_unstuck_qty_pct": 0.0001633070830455616,
          "auto_unstuck_wallet_exposure_threshold": 0.00022045906749850242,
          "backwards_tp": true,
          "ddown_factor": 0.1396728661476105,
          "ema_span_0": 10.751711744057133,
          "ema_span_1": 10,
          "enabled": true,
          "initial_eprice_ema_dist": -0.09851375233039511,
          "initial_qty_pct": 0.005,
          "markup_range": 0.0031918245980551915,
          "min_markup": 0.0015614505530010387,
          "n_close_orders": 15,
          "rentry_pprice_dist": 0.02146293409686553,
          "rentry_pprice_dist_wallet_exposure_weighting": 0.41824470980875694,
          "wallet_exposure_limit": 2.0},
 "short": {"auto_unstuck_delay_minutes": 246.57468600885656,
           "auto_unstuck_ema_dist": 0.003805140341234961,
           "auto_unstuck_qty_pct": 0.012144544256709897,
           "auto_unstuck_wallet_exposure_threshold": 0.5267405920449646,
           "backwards_tp": true,
           "ddown_factor": 2.1107201497168337,
           "ema_span_0": 568.0918243789187,
           "ema_span_1": 1327.1262944220678,
           "enabled": true,
           "initial_eprice_ema_dist": -0.019104606110390485,
           "initial_qty_pct": 0.011824125941269035,
           "markup_range": 0.0038526761790603483,
           "min_markup": 0.001,
           "n_close_orders": 3,
           "rentry_pprice_dist": 0.016660374311442034,
           "rentry_pprice_dist_wallet_exposure_weighting": 25.721663117838176,
           "wallet_exposure_limit": 1.0}}