{"config_name": "recursive_grid_1_symbols_1080days",
 "logging_level": 0,
 "long": {"auto_unstuck_delay_minutes": 209.4403888405437,
          "auto_unstuck_ema_dist": -0.09506681918543101,
          "auto_unstuck_qty_pct": 0.04407522380115447,
          "auto_unstuck_wallet_exposure_threshold": 0.2577798126468096,
          "backwards_tp": true,
          "ddown_factor": 0.121979479090048,
          "ema_span_0": 703.3915921117997,
          "ema_span_1": 354.2501612497333,
          "enabled": true,
          "initial_eprice_ema_dist": 0.011015840872685565,
          "initial_qty_pct": 0.008790487932139903,
          "markup_range": 2.295599432574313e-05,
          "min_markup": 0.003257642681069562,
          "n_close_orders": 15,
          "rentry_pprice_dist": 0.058085430207274226,
          "rentry_pprice_dist_wallet_exposure_weighting": 7.786123517993974,
          "wallet_exposure_limit": 2.0},
 "short": {"auto_unstuck_delay_minutes": 1240.0941943481146,
           "auto_unstuck_ema_dist": -0.09647416064494761,
           "auto_unstuck_qty_pct": 0.03417749697379577,
           "auto_unstuck_wallet_exposure_threshold": 0.437879191852326,
           "backwards_tp": true,
           "ddown_factor": 0.8372903593746456,
           "ema_span_0": 345.18793612771765,
           "ema_span_1": 576.1181959684801,
           "enabled": true,
           "initial_eprice_ema_dist": 0.0077726892834563835,
           "initial_qty_pct": 0.007576314354367031,
           "markup_range": 0.004329729468119013,
           "min_markup": 0.003980403882961621,
           "n_close_orders": 7,
           "rentry_pprice_dist": 0.01887560220281137,
           "rentry_pprice_dist_wallet_exposure_weighting": 39.995307028536395,
           "wallet_exposure_limit": 1.0}}