{"config_name": "recursive_grid_1_symbols_1080days",
 "logging_level": 0,
 "long": {"auto_unstuck_delay_minutes": 564.6123191125013,
          "auto_unstuck_ema_dist": -0.07320117683491187,
          "auto_unstuck_qty_pct": 0.007223207241760201,
          "auto_unstuck_wallet_exposure_threshold": 0.3846376985660025,
          "backwards_tp": true,
          "ddown_factor": 1.4838627620412823,
          "ema_span_0": 258.3453749227898,
          "ema_span_1": 10,
          "enabled": true,
          "initial_eprice_ema_dist": 0.0027206697523988114,
          "initial_qty_pct": 0.006884477225047789,
          "markup_range": 0.003935667639259573,
          "min_markup": 0.0051123315953177295,
          "n_close_orders": 10,
          "rentry_pprice_dist": 0.037032756951025314,
          "rentry_pprice_dist_wallet_exposure_weighting": 0.4443982272887499,
          "wallet_exposure_limit": 1},
 "short": {"auto_unstuck_delay_minutes": 1180.7657347534648,
           "auto_unstuck_ema_dist": -0.030999250021242625,
           "auto_unstuck_qty_pct": 0.026246280225180784,
           "auto_unstuck_wallet_exposure_threshold": 0.3665318764469975,
           "backwards_tp": true,
           "ddown_factor": 0.9547335515729738,
           "ema_span_0": 1116.919917585838,
           "ema_span_1": 1305.8307624030201,
           "enabled": false,
           "initial_eprice_ema_dist": -0.062425176127252346,
           "initial_qty_pct": 0.032767109674829424,
           "markup_range": 0.0594418544751228,
           "min_markup": 0.0025091792238117793,
           "n_close_orders": 11,
           "rentry_pprice_dist": 0.01915002261148381,
           "rentry_pprice_dist_wallet_exposure_weighting": 7.655646921485908,
           "wallet_exposure_limit": 0.6347677056484835}}