{"config_name": "recursive_grid_1_symbols_1080days",
 "logging_level": 0,
 "long": {"auto_unstuck_delay_minutes": 499.41645753572504,
          "auto_unstuck_ema_dist": -0.018773986967396728,
          "auto_unstuck_qty_pct": 0.04163221479817961,
          "auto_unstuck_wallet_exposure_threshold": 0.6101034120237698,
          "backwards_tp": true,
          "ddown_factor": 2.02142916095857,
          "ema_span_0": 11.413073232279688,
          "ema_span_1": 2115.293362069195,
          "enabled": true,
          "initial_eprice_ema_dist": -0.029971454500241232,
          "initial_qty_pct": 0.016701122844161174,
          "markup_range": 0.0006893009355959037,
          "min_markup": 0.003910402508324299,
          "n_close_orders": 14,
          "rentry_pprice_dist": 0.04842465976166569,
          "rentry_pprice_dist_wallet_exposure_weighting": 3.7396163847899913,
          "wallet_exposure_limit": 2.0},
 "short": {"auto_unstuck_delay_minutes": 58.384888408032964,
           "auto_unstuck_ema_dist": -0.054331622113538806,
           "auto_unstuck_qty_pct": 0.029286405656582255,
           "auto_unstuck_wallet_exposure_threshold": 0.2634205348794647,
           "backwards_tp": true,
           "ddown_factor": 1.4725661904040361,
           "ema_span_0": 653.9684906565238,
           "ema_span_1": 1059.0974124453542,
           "enabled": true,
           "initial_eprice_ema_dist": -0.056116964546024516,
           "initial_qty_pct": 0.005,
           "markup_range": 0.0028657423119250428,
           "min_markup": 0.0031506810602017696,
           "n_close_orders": 2,
           "rentry_pprice_dist": 0.026493932617598297,
           "rentry_pprice_dist_wallet_exposure_weighting": 2.5504537462489587,
           "wallet_exposure_limit": 1.0}}