{"config_name": "recursive_grid_1_symbols_1080days",
 "logging_level": 0,
 "long": {"auto_unstuck_delay_minutes": 393.99277460814415,
          "auto_unstuck_ema_dist": -0.06931831796645507,
          "auto_unstuck_qty_pct": 0.012130565585413196,
          "auto_unstuck_wallet_exposure_threshold": 0.4501838901388053,
          "backwards_tp": true,
          "ddown_factor": 0.6148946137672809,
          "ema_span_0": 671.2178086331977,
          "ema_span_1": 1805.5743160378954,
          "enabled": true,
          "initial_eprice_ema_dist": -0.0199641249189704,
          "initial_qty_pct": 0.012305288616069542,
          "markup_range": 0.004920225448287844,
          "min_markup": 0.00386610947025409,
          "n_close_orders": 10,
          "rentry_pprice_dist": 0.03482848701462061,
          "rentry_pprice_dist_wallet_exposure_weighting": 2.676456028992029,
          "wallet_exposure_limit": 1},
 "short": {"auto_unstuck_delay_minutes": 1404.1271830011171,
           "auto_unstuck_ema_dist": -0.04576839515588179,
           "auto_unstuck_qty_pct": 0.04192077832170377,
           "auto_unstuck_wallet_exposure_threshold": 0.22986846163272426,
           "backwards_tp": true,
           "ddown_factor": 2.1276694491783994,
           "ema_span_0": 819.3768919962649,
           "ema_span_1": 192.5740422079484,
           "enabled": false,
           "initial_eprice_ema_dist": -0.05766642302509989,
           "initial_qty_pct": 0.09039485063312676,
           "markup_range": 0.0017731190517443873,
           "min_markup": 0.0034334879294377458,
           "n_close_orders": 10,
           "rentry_pprice_dist": 0.05684333481674909,
           "rentry_pprice_dist_wallet_exposure_weighting": 14.550358252428008,
           "wallet_exposure_limit": 0.5171285015423298}}