{"config_name": "recursive_grid_1_symbols_1080days",
 "logging_level": 0,
 "long": {"auto_unstuck_delay_minutes": 940.7213896378075,
          "auto_unstuck_ema_dist": -0.07888286839109068,
          "auto_unstuck_qty_pct": 0.06976759582114678,
          "auto_unstuck_wallet_exposure_threshold": 0.5642406816465596,
          "backwards_tp": true,
          "ddown_factor": 0.41406033230056494,
          "ema_span_0": 753.3916987241577,
          "ema_span_1": 947.0497929633995,
          "enabled": true,
          "initial_eprice_ema_dist": -0.05164528474395727,
          "initial_qty_pct": 0.006725289403435857,
          "markup_range": 9.958668714878575e-06,
          "min_markup": 0.00584479176157972,
          "n_close_orders": 13,
          "rentry_pprice_dist": 0.04944941126014462,
          "rentry_pprice_dist_wallet_exposure_weighting": 1.685038923953792,
          "wallet_exposure_limit": 2.0},
 "short": {"auto_unstuck_delay_minutes": 278.1857075331858,
           "auto_unstuck_ema_dist": -0.029770956119003156,
           "auto_unstuck_qty_pct": 0.03327807022029407,
           "auto_unstuck_wallet_exposure_threshold": 0.13966578258930973,
           "backwards_tp": true,
           "ddown_factor": 0.223341984057735,
           "ema_span_0": 728.7472824003008,
           "ema_span_1": 2141.2769754960514,
           "enabled": true,
           "initial_eprice_ema_dist": -0.012460063547596822,
           "initial_qty_pct": 0.005121378060651032,
           "markup_range": 0.006438477108959983,
           "min_markup": 0.003710242420352741,
           "n_close_orders": 11,
           "rentry_pprice_dist": 0.034204448650116605,
           "rentry_pprice_dist_wallet_exposure_weighting": 0.0009879774622979095,
           "wallet_exposure_limit": 1.0}}