{"config_name": "recursive_grid_1_symbols_1080days",
 "logging_level": 0,
 "long": {"auto_unstuck_delay_minutes": 1331.0328921128475,
          "auto_unstuck_ema_dist": -0.08625593447530376,
          "auto_unstuck_qty_pct": 0.07958458069775903,
          "auto_unstuck_wallet_exposure_threshold": 0.0,
          "backwards_tp": true,
          "ddown_factor": 2.7831584875680258,
          "ema_span_0": 417.0162656775692,
          "ema_span_1": 513.2364786371477,
          "enabled": true,
          "initial_eprice_ema_dist": -0.019496781187106068,
          "initial_qty_pct": 0.005510191683970811,
          "markup_range": 0.006096990657368956,
          "min_markup": 0.002295169283198629,
          "n_close_orders": 11,
          "rentry_pprice_dist": 0.04267257316087994,
          "rentry_pprice_dist_wallet_exposure_weighting": 2.9257960549273463,
          "wallet_exposure_limit": 2.0},
 "short": {"auto_unstuck_delay_minutes": 1366.4801567126951,
           "auto_unstuck_ema_dist": -0.007777798735047333,
           "auto_unstuck_qty_pct": 0.03198344592615277,
           "auto_unstuck_wallet_exposure_threshold": 0.6151737157991201,
           "backwards_tp": true,
           "ddown_factor": 1.1963378537521747,
           "ema_span_0": 720.8301045340382,
           "ema_span_1": 1442.2366266058855,
           "enabled": true,
           "initial_eprice_ema_dist": -0.04808207563287974,
           "initial_qty_pct": 0.010586379740871973,
           "markup_range": 0.001881182276141704,
           "min_markup": 0.006402579827603773,
           "n_close_orders": 7,
           "rentry_pprice_dist": 0.040246156764401915,
           "rentry_pprice_dist_wallet_exposure_weighting": 4.262543086025002,
           "wallet_exposure_limit": 1.0}}