{
    "config_name": "recursive_grid_1_symbols_1080days",
    "logging_level": 0,
    "long": {
        "auto_unstuck_delay_minutes": 1331.0328921128475,
        "auto_unstuck_ema_dist": -0.08625593447530376,
        "auto_unstuck_qty_pct": 0.07958458069775903,
        "auto_unstuck_wallet_exposure_threshold": 0.0,
        "backwards_tp": true,
        "ddown_factor": 2.7831584875680258,
        "ema_span_0": 417.0162656775692,
        "ema_span_1": 513.2364786371477,
        "enabled": true,
        "initial_eprice_ema_dist": -0.019496781187106068,
        "initial_qty_pct": 0.005510191683970811,
        "markup_range": 0.006096990657368956,
        "min_markup": 0.002295169283198629,
        "n_close_orders": 11,
        "rentry_pprice_dist": 0.04267257316087994,
        "rentry_pprice_dist_wallet_exposure_weighting": 2.9257960549273463,
        "wallet_exposure_limit": 2.0
    },
    "short": {
        "auto_unstuck_delay_minutes": 1138.240502349259,
        "auto_unstuck_ema_dist": -0.003475275034476836,
        "auto_unstuck_qty_pct": 0.04452188497184538,
        "auto_unstuck_wallet_exposure_threshold": 0.3758683876090612,
        "backwards_tp": true,
        "ddown_factor": 0.7175764034761115,
        "ema_span_0": 1231.2549655151972,
        "ema_span_1": 122.59926967700858,
        "enabled": true,
        "initial_eprice_ema_dist": -0.006989692375814235,
        "initial_qty_pct": 0.014839541388839984,
        "markup_range": 0.017731844508463334,
        "min_markup": 0.0019546071070687,
        "n_close_orders": 10,
        "rentry_pprice_dist": 0.03237210347375739,
        "rentry_pprice_dist_wallet_exposure_weighting": 2.2855428403246933,
        "wallet_exposure_limit": 1
    }
}