{"config_name": "recursive_grid_1_symbols_1080days",
 "logging_level": 0,
 "long": {"auto_unstuck_delay_minutes": 576.0740869145726,
          "auto_unstuck_ema_dist": -0.051798909379063965,
          "auto_unstuck_qty_pct": 0.0032028093635165073,
          "auto_unstuck_wallet_exposure_threshold": 0.6704957649947533,
          "backwards_tp": true,
          "ddown_factor": 0.8289927190600752,
          "ema_span_0": 892.7819823901617,
          "ema_span_1": 1540.8794156854333,
          "enabled": true,
          "initial_eprice_ema_dist": 0.013944731511236283,
          "initial_qty_pct": 0.007156185745627968,
          "markup_range": 0.0005349189795337051,
          "min_markup": 0.004092717121264199,
          "n_close_orders": 10,
          "rentry_pprice_dist": 0.04743876151238639,
          "rentry_pprice_dist_wallet_exposure_weighting": 5.797847632243431,
          "wallet_exposure_limit": 2.0},
 "short": {"auto_unstuck_delay_minutes": 1370.7994695937414,
           "auto_unstuck_ema_dist": -0.1,
           "auto_unstuck_qty_pct": 0.03525094734054321,
           "auto_unstuck_wallet_exposure_threshold": 0.694462452776678,
           "backwards_tp": true,
           "ddown_factor": 2.8262556544463475,
           "ema_span_0": 1410.8800095388417,
           "ema_span_1": 187.57258497797338,
           "enabled": true,
           "initial_eprice_ema_dist": -0.010863489480531624,
           "initial_qty_pct": 0.005065893314114271,
           "markup_range": 0.0,
           "min_markup": 0.0071219110512522775,
           "n_close_orders": 16,
           "rentry_pprice_dist": 0.030943346286908494,
           "rentry_pprice_dist_wallet_exposure_weighting": 1.1065928650352626,
           "wallet_exposure_limit": 1.0}}