{"config_name": "recursive_grid_1_symbols_1080days",
 "logging_level": 0,
 "long": {"auto_unstuck_delay_minutes": 402.4550564154993,
          "auto_unstuck_ema_dist": -0.02881344415466079,
          "auto_unstuck_qty_pct": 0.022923958614335792,
          "auto_unstuck_wallet_exposure_threshold": 0.2270109914098068,
          "backwards_tp": true,
          "ddown_factor": 0.41406257725157636,
          "ema_span_0": 664.5231328976292,
          "ema_span_1": 819.7152551835294,
          "enabled": true,
          "initial_eprice_ema_dist": -0.03293568811948177,
          "initial_qty_pct": 0.011872429459010172,
          "markup_range": 0.0,
          "min_markup": 0.006037968868590258,
          "n_close_orders": 6,
          "rentry_pprice_dist": 0.03676445111313404,
          "rentry_pprice_dist_wallet_exposure_weighting": 1.847254879327445,
          "wallet_exposure_limit": 2.0},
 "short": {"auto_unstuck_delay_minutes": 1193.865162487132,
           "auto_unstuck_ema_dist": -0.012460526768080937,
           "auto_unstuck_qty_pct": 0.00340539499199508,
           "auto_unstuck_wallet_exposure_threshold": 0.5328908166782069,
           "backwards_tp": true,
           "ddown_factor": 0.5987056823696192,
           "ema_span_0": 1184.1420747296372,
           "ema_span_1": 1499.297284720371,
           "enabled": true,
           "initial_eprice_ema_dist": -0.011190602859633993,
           "initial_qty_pct": 0.014118109050403263,
           "markup_range": 5.714410643040929e-05,
           "min_markup": 0.008349012246671048,
           "n_close_orders": 3,
           "rentry_pprice_dist": 0.03621369204389205,
           "rentry_pprice_dist_wallet_exposure_weighting": 8.83575932774284,
           "wallet_exposure_limit": 1.0}}