{"config_name": "recursive_grid_1_symbols_1080days",
 "logging_level": 0,
 "long": {"auto_unstuck_delay_minutes": 558.7028332523646,
          "auto_unstuck_ema_dist": -0.08383109296234355,
          "auto_unstuck_qty_pct": 0.007801594317299465,
          "auto_unstuck_wallet_exposure_threshold": 0.08895826947214301,
          "backwards_tp": true,
          "ddown_factor": 1.6227694828327408,
          "ema_span_0": 761.7547562462004,
          "ema_span_1": 603.6418695654565,
          "enabled": true,
          "initial_eprice_ema_dist": -0.002618915299923103,
          "initial_qty_pct": 0.005001880552673133,
          "markup_range": 0.0030417897130728283,
          "min_markup": 0.0056588474200273044,
          "n_close_orders": 7,
          "rentry_pprice_dist": 0.054399689981840305,
          "rentry_pprice_dist_wallet_exposure_weighting": 1.1295618710942996,
          "wallet_exposure_limit": 2.0},
 "short": {"auto_unstuck_delay_minutes": 867.8852988112139,
           "auto_unstuck_ema_dist": -0.04265532506517479,
           "auto_unstuck_qty_pct": 0.0011855554343595826,
           "auto_unstuck_wallet_exposure_threshold": 0.07104317260833216,
           "backwards_tp": true,
           "ddown_factor": 1.6020643884387686,
           "ema_span_0": 1118.8666785154364,
           "ema_span_1": 5,
           "enabled": true,
           "initial_eprice_ema_dist": 0.013796544420104863,
           "initial_qty_pct": 0.010873331568745,
           "markup_range": 0.0408059352901195,
           "min_markup": 0.01,
           "n_close_orders": 3,
           "rentry_pprice_dist": 0.05949103667334141,
           "rentry_pprice_dist_wallet_exposure_weighting": 38.99477350654251,
           "wallet_exposure_limit": 1.0}}