{"config_name": "recursive_grid_1_symbols_1080days",
 "logging_level": 0,
 "long": {"auto_unstuck_delay_minutes": 547.2987106825392,
          "auto_unstuck_ema_dist": -0.036653233956911474,
          "auto_unstuck_qty_pct": 0.060492051414902374,
          "auto_unstuck_wallet_exposure_threshold": 0.6883748537909093,
          "backwards_tp": true,
          "ddown_factor": 0.4153860595846771,
          "ema_span_0": 680.3304593006703,
          "ema_span_1": 381.35958528553414,
          "enabled": true,
          "initial_eprice_ema_dist": 0.008349231045423273,
          "initial_qty_pct": 0.007652053225196171,
          "markup_range": 0.004249520266617929,
          "min_markup": 0.006849397498108557,
          "n_close_orders": 5,
          "rentry_pprice_dist": 0.03908993098284607,
          "rentry_pprice_dist_wallet_exposure_weighting": 0.6485779842349322,
          "wallet_exposure_limit": 1},
 "short": {"auto_unstuck_delay_minutes": 1346.6405895672722,
           "auto_unstuck_ema_dist": -0.06899697449685169,
           "auto_unstuck_qty_pct": 0.0777140349360019,
           "auto_unstuck_wallet_exposure_threshold": 0.577523582318166,
           "backwards_tp": true,
           "ddown_factor": 2.897724043557272,
           "ema_span_0": 1274.1598302887037,
           "ema_span_1": 295.0227350415063,
           "enabled": false,
           "initial_eprice_ema_dist": -0.031671176802055445,
           "initial_qty_pct": 0.07164020249194862,
           "markup_range": 0.015372880406849122,
           "min_markup": 0.005637535506630183,
           "n_close_orders": 4,
           "rentry_pprice_dist": 0.02010050150578229,
           "rentry_pprice_dist_wallet_exposure_weighting": 29.245658894469365,
           "wallet_exposure_limit": 0.19642654970411078}}