{"config_name": "recursive_grid_1_symbols_1080days",
 "logging_level": 0,
 "long": {"auto_unstuck_delay_minutes": 802.0074295097041,
          "auto_unstuck_ema_dist": -0.047227262889998886,
          "auto_unstuck_qty_pct": 0.073472603747138,
          "auto_unstuck_wallet_exposure_threshold": 0.13409426989756656,
          "backwards_tp": true,
          "ddown_factor": 1.7079177239126677,
          "ema_span_0": 1395.7633601706204,
          "ema_span_1": 1866.971664766687,
          "enabled": true,
          "initial_eprice_ema_dist": -0.09439573016305791,
          "initial_qty_pct": 0.01527435902010943,
          "markup_range": 0.0,
          "min_markup": 0.003156583196461945,
          "n_close_orders": 7,
          "rentry_pprice_dist": 0.04641312740538714,
          "rentry_pprice_dist_wallet_exposure_weighting": 3.045866117631738,
          "wallet_exposure_limit": 2.0},
 "short": {"auto_unstuck_delay_minutes": 637.1892693803833,
           "auto_unstuck_ema_dist": -0.04712303263608392,
           "auto_unstuck_qty_pct": 0.07658519623058402,
           "auto_unstuck_wallet_exposure_threshold": 0.43788707221707773,
           "backwards_tp": true,
           "ddown_factor": 1.9172407364143327,
           "ema_span_0": 794.4645057606024,
           "ema_span_1": 1271.720225931242,
           "enabled": true,
           "initial_eprice_ema_dist": 0.007561212280732064,
           "initial_qty_pct": 0.005,
           "markup_range": 4.72449233511539e-05,
           "min_markup": 0.0095510248721932,
           "n_close_orders": 9,
           "rentry_pprice_dist": 0.033438569929112136,
           "rentry_pprice_dist_wallet_exposure_weighting": 1.4059001872743757,
           "wallet_exposure_limit": 1.0}}