{"config_name": "recursive_grid_1_symbols_1080days",
 "logging_level": 0,
 "long": {"auto_unstuck_delay_minutes": 1379.8897899210222,
          "auto_unstuck_ema_dist": -0.07733360692458975,
          "auto_unstuck_qty_pct": 0.07502703239428479,
          "auto_unstuck_wallet_exposure_threshold": 0.5829387911125776,
          "backwards_tp": true,
          "ddown_factor": 0.3246262385824756,
          "ema_span_0": 686.0501556245795,
          "ema_span_1": 1992.1451360082124,
          "enabled": true,
          "initial_eprice_ema_dist": -0.0803807549251993,
          "initial_qty_pct": 0.011243966815712174,
          "markup_range": 0.004234095031779571,
          "min_markup": 0.003760844410617976,
          "n_close_orders": 14,
          "rentry_pprice_dist": 0.03979213362847115,
          "rentry_pprice_dist_wallet_exposure_weighting": 0.1830216939946281,
          "wallet_exposure_limit": 2.0},
 "short": {"auto_unstuck_delay_minutes": 671.1458342301057,
           "auto_unstuck_ema_dist": -0.0521200679484271,
           "auto_unstuck_qty_pct": 0.01510545216461874,
           "auto_unstuck_wallet_exposure_threshold": 0.6644238977428072,
           "backwards_tp": true,
           "ddown_factor": 0.904523104412445,
           "ema_span_0": 886.4101803487038,
           "ema_span_1": 1875.2989911823413,
           "enabled": true,
           "initial_eprice_ema_dist": -0.04235586082669397,
           "initial_qty_pct": 0.005,
           "markup_range": 0.0020171422293687757,
           "min_markup": 0.005024461259257271,
           "n_close_orders": 11,
           "rentry_pprice_dist": 0.03041087523580288,
           "rentry_pprice_dist_wallet_exposure_weighting": 3.655600423201279,
           "wallet_exposure_limit": 1.0}}