{"config_name": "recursive_grid_1_symbols_1080days",
 "logging_level": 0,
 "long": {"auto_unstuck_delay_minutes": 1049.0382495596539,
          "auto_unstuck_ema_dist": -0.09670758478226248,
          "auto_unstuck_qty_pct": 0.010612890752012787,
          "auto_unstuck_wallet_exposure_threshold": 0.7,
          "backwards_tp": true,
          "ddown_factor": 2.6505879515227573,
          "ema_span_0": 820.1142847108068,
          "ema_span_1": 1648.5276436175104,
          "enabled": true,
          "initial_eprice_ema_dist": -0.017772821121382038,
          "initial_qty_pct": 0.008403794298420636,
          "markup_range": 0.00137823592889066,
          "min_markup": 0.0018918625188090244,
          "n_close_orders": 14,
          "rentry_pprice_dist": 0.034124664588829054,
          "rentry_pprice_dist_wallet_exposure_weighting": 0.9845810294094618,
          "wallet_exposure_limit": 1.0},
 "short": {"auto_unstuck_delay_minutes": 1114.650640917256,
           "auto_unstuck_ema_dist": -0.041563015569701656,
           "auto_unstuck_qty_pct": 0.04732779984606105,
           "auto_unstuck_wallet_exposure_threshold": 0.45819694894028823,
           "backwards_tp": true,
           "ddown_factor": 1.6749178559407276,
           "ema_span_0": 551.551631394501,
           "ema_span_1": 2256.93338434838,
           "enabled": false,
           "initial_eprice_ema_dist": -0.02444954312543897,
           "initial_qty_pct": 0.014578763977324306,
           "markup_range": 0.038519704753247085,
           "min_markup": 0.0015996970355775075,
           "n_close_orders": 13,
           "rentry_pprice_dist": 0.05793942464720077,
           "rentry_pprice_dist_wallet_exposure_weighting": 6.346219648356342,
           "wallet_exposure_limit": 0.5954038668403622}}