{"config_name": "recursive_grid_1_symbols_1080days",
 "logging_level": 0,
 "long": {"auto_unstuck_delay_minutes": 499.3532133380585,
          "auto_unstuck_ema_dist": -0.021443894098938054,
          "auto_unstuck_qty_pct": 0.025866857384281308,
          "auto_unstuck_wallet_exposure_threshold": 0.6254513250831116,
          "backwards_tp": true,
          "ddown_factor": 1.0295346959977227,
          "ema_span_0": 1074.3613863992896,
          "ema_span_1": 728.733277864928,
          "enabled": true,
          "initial_eprice_ema_dist": -0.019294623219134464,
          "initial_qty_pct": 0.005,
          "markup_range": 0.0007724043539661699,
          "min_markup": 0.002031287685169414,
          "n_close_orders": 5,
          "rentry_pprice_dist": 0.033659536140332784,
          "rentry_pprice_dist_wallet_exposure_weighting": 1.6514085354906318,
          "wallet_exposure_limit": 2.0},
 "short": {"auto_unstuck_delay_minutes": 1440.0,
           "auto_unstuck_ema_dist": -0.08419545565515338,
           "auto_unstuck_qty_pct": 0.0799999122588327,
           "auto_unstuck_wallet_exposure_threshold": 0.5768250360198495,
           "backwards_tp": true,
           "ddown_factor": 0.1,
           "ema_span_0": 1440.0,
           "ema_span_1": 2299.05552126575,
           "enabled": true,
           "initial_eprice_ema_dist": 0.0005272268096782741,
           "initial_qty_pct": 0.028798182796128738,
           "markup_range": 0.00526198825142755,
           "min_markup": 0.0012118800950973528,
           "n_close_orders": 12,
           "rentry_pprice_dist": 0.05307218710046859,
           "rentry_pprice_dist_wallet_exposure_weighting": 0.000445476921262447,
           "wallet_exposure_limit": 1.0}}