{"config_name": "recursive_grid_1_symbols_1080days",
 "logging_level": 0,
 "long": {"auto_unstuck_delay_minutes": 914.7096387398627,
          "auto_unstuck_ema_dist": -0.07560573676087215,
          "auto_unstuck_qty_pct": 0.020224713834842145,
          "auto_unstuck_wallet_exposure_threshold": 0.6993030235689923,
          "backwards_tp": true,
          "ddown_factor": 2.3082465965156853,
          "ema_span_0": 320.50269672771987,
          "ema_span_1": 1495.720496111387,
          "enabled": true,
          "initial_eprice_ema_dist": -0.015068917647171541,
          "initial_qty_pct": 0.005001387821233365,
          "markup_range": 0.005297571445244074,
          "min_markup": 0.0012078372625311605,
          "n_close_orders": 15,
          "rentry_pprice_dist": 0.04780368257099351,
          "rentry_pprice_dist_wallet_exposure_weighting": 4.29862390853727,
          "wallet_exposure_limit": 1.0},
 "short": {"auto_unstuck_delay_minutes": 1009.2474377238394,
           "auto_unstuck_ema_dist": -0.06094443503733089,
           "auto_unstuck_qty_pct": 0.008823468099500431,
           "auto_unstuck_wallet_exposure_threshold": 0.6115641982374594,
           "backwards_tp": true,
           "ddown_factor": 2.496379618947142,
           "ema_span_0": 985.243812601702,
           "ema_span_1": 2221.4453101844747,
           "enabled": false,
           "initial_eprice_ema_dist": -0.08189052713135411,
           "initial_qty_pct": 0.019078119543893733,
           "markup_range": 0.010988889977468837,
           "min_markup": 0.006751757687158298,
           "n_close_orders": 12,
           "rentry_pprice_dist": 0.014181765021230544,
           "rentry_pprice_dist_wallet_exposure_weighting": 17.48896588653271,
           "wallet_exposure_limit": 0.9449005587912337}}