{"config_name": "recursive_grid_1_symbols_1080days",
 "logging_level": 0,
 "long": {"auto_unstuck_delay_minutes": 38.65799668946341,
          "auto_unstuck_ema_dist": 0.0017534536175785737,
          "auto_unstuck_qty_pct": 0.005967221990815783,
          "auto_unstuck_wallet_exposure_threshold": 0.041619600537072136,
          "backwards_tp": true,
          "ddown_factor": 1.6851911527755226,
          "ema_span_0": 639.7620149597594,
          "ema_span_1": 664.846298510323,
          "enabled": true,
          "initial_eprice_ema_dist": 0.0012657169918914135,
          "initial_qty_pct": 0.008759849843383178,
          "markup_range": 0.0,
          "min_markup": 0.0015840127357344266,
          "n_close_orders": 10,
          "rentry_pprice_dist": 0.01925018436912087,
          "rentry_pprice_dist_wallet_exposure_weighting": 1.5504883335717066,
          "wallet_exposure_limit": 2.0},
 "short": {"auto_unstuck_delay_minutes": 254.95523654666326,
           "auto_unstuck_ema_dist": -0.09329873673162055,
           "auto_unstuck_qty_pct": 0.006405696566065799,
           "auto_unstuck_wallet_exposure_threshold": 0.7,
           "backwards_tp": true,
           "ddown_factor": 2.229519443760546,
           "ema_span_0": 1371.4016404739623,
           "ema_span_1": 584.0235084467433,
           "enabled": true,
           "initial_eprice_ema_dist": -0.06385741268961473,
           "initial_qty_pct": 0.005006790614580111,
           "markup_range": 0.00012639261615627226,
           "min_markup": 0.0013544498226613112,
           "n_close_orders": 3,
           "rentry_pprice_dist": 0.016025884632676193,
           "rentry_pprice_dist_wallet_exposure_weighting": 21.23424111946336,
           "wallet_exposure_limit": 1.0}}