{"config_name": "recursive_grid_1_symbols_1080days",
 "logging_level": 0,
 "long": {"auto_unstuck_delay_minutes": 1258.707426510474,
          "auto_unstuck_ema_dist": -0.028712942190657696,
          "auto_unstuck_qty_pct": 0.06710825898891688,
          "auto_unstuck_wallet_exposure_threshold": 0.6985679914661455,
          "backwards_tp": true,
          "ddown_factor": 0.8807011218364654,
          "ema_span_0": 10.042096156501488,
          "ema_span_1": 570.1559655322095,
          "enabled": true,
          "initial_eprice_ema_dist": -0.099896846297789,
          "initial_qty_pct": 0.005326844390999542,
          "markup_range": 0.0,
          "min_markup": 0.0037823076300751704,
          "n_close_orders": 3,
          "rentry_pprice_dist": 0.03924190882553279,
          "rentry_pprice_dist_wallet_exposure_weighting": 2.4353243285523516,
          "wallet_exposure_limit": 2.0},
 "short": {"auto_unstuck_delay_minutes": 469.00301484366526,
           "auto_unstuck_ema_dist": 0.0049618377260075616,
           "auto_unstuck_qty_pct": 0.019492735447292363,
           "auto_unstuck_wallet_exposure_threshold": 0.1869535046329859,
           "backwards_tp": true,
           "ddown_factor": 2.055065026939886,
           "ema_span_0": 1047.4969960428577,
           "ema_span_1": 872.2193680198507,
           "enabled": true,
           "initial_eprice_ema_dist": 0.010177735078146786,
           "initial_qty_pct": 0.005,
           "markup_range": 0.0049897626885129255,
           "min_markup": 0.0032572634299504275,
           "n_close_orders": 7,
           "rentry_pprice_dist": 0.010660486201059433,
           "rentry_pprice_dist_wallet_exposure_weighting": 27.47856274343089,
           "wallet_exposure_limit": 1.0}}