{"config_name": "recursive_grid_1_symbols_1080days",
 "logging_level": 0,
 "long": {"auto_unstuck_delay_minutes": 946.1945782206845,
          "auto_unstuck_ema_dist": -0.08595036276647988,
          "auto_unstuck_qty_pct": 0.010844804538548563,
          "auto_unstuck_wallet_exposure_threshold": 0.25592522799813777,
          "backwards_tp": true,
          "ddown_factor": 0.838616444732527,
          "ema_span_0": 1263.9800462445403,
          "ema_span_1": 719.8794417675593,
          "enabled": true,
          "initial_eprice_ema_dist": -0.06490128842904266,
          "initial_qty_pct": 0.008871041360327967,
          "markup_range": 1.7904879983718493e-05,
          "min_markup": 0.009281565370480534,
          "n_close_orders": 4,
          "rentry_pprice_dist": 0.027660937243304682,
          "rentry_pprice_dist_wallet_exposure_weighting": 4.2500884099592,
          "wallet_exposure_limit": 2.0},
 "short": {"auto_unstuck_delay_minutes": 55.85636474081846,
           "auto_unstuck_ema_dist": -0.06537891291148236,
           "auto_unstuck_qty_pct": 0.04731744517749564,
           "auto_unstuck_wallet_exposure_threshold": 0.4408468115065795,
           "backwards_tp": true,
           "ddown_factor": 2.069972417097602,
           "ema_span_0": 246.19667457856437,
           "ema_span_1": 2203.574898006379,
           "enabled": true,
           "initial_eprice_ema_dist": -0.00807495538919292,
           "initial_qty_pct": 0.005026398476198404,
           "markup_range": 0.007533667793211835,
           "min_markup": 0.0043724849528257595,
           "n_close_orders": 9,
           "rentry_pprice_dist": 0.01868503385302648,
           "rentry_pprice_dist_wallet_exposure_weighting": 14.578108369761948,
           "wallet_exposure_limit": 1.0}}