{"config_name": "recursive_grid_1_symbols_1080days",
 "logging_level": 0,
 "long": {"auto_unstuck_delay_minutes": 47.15828668435268,
          "auto_unstuck_ema_dist": 0.0007067031954941235,
          "auto_unstuck_qty_pct": 0.006334368644832413,
          "auto_unstuck_wallet_exposure_threshold": 0.3665057365604089,
          "backwards_tp": true,
          "ddown_factor": 2.4145284721907534,
          "ema_span_0": 223.37732975380104,
          "ema_span_1": 164.88081219050494,
          "enabled": true,
          "initial_eprice_ema_dist": 0.008784837825480136,
          "initial_qty_pct": 0.00502526981363574,
          "markup_range": 4.385619789894042e-08,
          "min_markup": 0.002708360357095223,
          "n_close_orders": 7,
          "rentry_pprice_dist": 0.04431097591314499,
          "rentry_pprice_dist_wallet_exposure_weighting": 3.0744766094260148,
          "wallet_exposure_limit": 2.0},
 "short": {"auto_unstuck_delay_minutes": 301.4015829166113,
           "auto_unstuck_ema_dist": -0.03467173719140545,
           "auto_unstuck_qty_pct": 0.06754365065730109,
           "auto_unstuck_wallet_exposure_threshold": 0.6297700552037759,
           "backwards_tp": true,
           "ddown_factor": 2.8031913852272696,
           "ema_span_0": 798.6818235458892,
           "ema_span_1": 968.6649066364971,
           "enabled": true,
           "initial_eprice_ema_dist": -0.005156314008385284,
           "initial_qty_pct": 0.006119141248606437,
           "markup_range": 0.0007738838244754216,
           "min_markup": 0.005142273572886281,
           "n_close_orders": 8,
           "rentry_pprice_dist": 0.0422095460953114,
           "rentry_pprice_dist_wallet_exposure_weighting": 8.954278342523535,
           "wallet_exposure_limit": 1.0}}