{"config_name": "recursive_grid_1_symbols_1080days",
 "logging_level": 0,
 "long": {"auto_unstuck_delay_minutes": 1439.0290410996406,
          "auto_unstuck_ema_dist": -0.029675668632641403,
          "auto_unstuck_qty_pct": 0.07959753912033532,
          "auto_unstuck_wallet_exposure_threshold": 0.26585286066399355,
          "backwards_tp": true,
          "ddown_factor": 1.0380741062289822,
          "ema_span_0": 755.7945395772016,
          "ema_span_1": 1609.0085718793027,
          "enabled": true,
          "initial_eprice_ema_dist": -0.038949008007877935,
          "initial_qty_pct": 0.005983444060775653,
          "markup_range": 0.0006304354108464755,
          "min_markup": 0.0023551252032159575,
          "n_close_orders": 16,
          "rentry_pprice_dist": 0.02288659165101938,
          "rentry_pprice_dist_wallet_exposure_weighting": 2.836343704292344,
          "wallet_exposure_limit": 2.0},
 "short": {"auto_unstuck_delay_minutes": 0,
           "auto_unstuck_ema_dist": -0.09772003554855642,
           "auto_unstuck_qty_pct": 0.0398164462749621,
           "auto_unstuck_wallet_exposure_threshold": 0.7,
           "backwards_tp": true,
           "ddown_factor": 1.2135840907567317,
           "ema_span_0": 82.04794071140857,
           "ema_span_1": 153.09727981848843,
           "enabled": true,
           "initial_eprice_ema_dist": -0.08429329924256866,
           "initial_qty_pct": 0.0086805806151679,
           "markup_range": 0.046900768450804556,
           "min_markup": 0.009867044652406842,
           "n_close_orders": 16,
           "rentry_pprice_dist": 0.041989986326284284,
           "rentry_pprice_dist_wallet_exposure_weighting": 9.13041036047967,
           "wallet_exposure_limit": 1.0}}