{"config_name": "recursive_grid_1_symbols_1080days",
 "logging_level": 0,
 "long": {"auto_unstuck_delay_minutes": 554.9117792287079,
          "auto_unstuck_ema_dist": -0.03868475332647647,
          "auto_unstuck_qty_pct": 0.06761187691441523,
          "auto_unstuck_wallet_exposure_threshold": 0.3982544448840886,
          "backwards_tp": true,
          "ddown_factor": 0.4161685692825667,
          "ema_span_0": 1094.535227971059,
          "ema_span_1": 1393.247717428357,
          "enabled": true,
          "initial_eprice_ema_dist": 0.0063934054717579925,
          "initial_qty_pct": 0.006934550728272727,
          "markup_range": 0.009355993211428153,
          "min_markup": 0.006136681120138343,
          "n_close_orders": 15,
          "rentry_pprice_dist": 0.024866030122676755,
          "rentry_pprice_dist_wallet_exposure_weighting": 6.1654171692010875,
          "wallet_exposure_limit": 2.0},
 "short": {"auto_unstuck_delay_minutes": 3.2589888625879286,
           "auto_unstuck_ema_dist": -0.0926671169420479,
           "auto_unstuck_qty_pct": 0.020084152082633172,
           "auto_unstuck_wallet_exposure_threshold": 0.16370674410920105,
           "backwards_tp": true,
           "ddown_factor": 0.4568708494302485,
           "ema_span_0": 1100.9774139560457,
           "ema_span_1": 1600.7210187865364,
           "enabled": true,
           "initial_eprice_ema_dist": 0.003858841875051659,
           "initial_qty_pct": 0.005,
           "markup_range": 0.0025338447421510684,
           "min_markup": 0.004131506149240449,
           "n_close_orders": 2,
           "rentry_pprice_dist": 0.054441327888517736,
           "rentry_pprice_dist_wallet_exposure_weighting": 1.117703536798051,
           "wallet_exposure_limit": 1.0}}