{"config_name": "recursive_grid_1_symbols_1080days",
 "logging_level": 0,
 "long": {"auto_unstuck_delay_minutes": 701.4891076746925,
          "auto_unstuck_ema_dist": -0.0958488858214216,
          "auto_unstuck_qty_pct": 0.018711126015479137,
          "auto_unstuck_wallet_exposure_threshold": 0.45115502805609886,
          "backwards_tp": true,
          "ddown_factor": 2.4517766619537533,
          "ema_span_0": 801.7759196142772,
          "ema_span_1": 591.7859910524937,
          "enabled": true,
          "initial_eprice_ema_dist": 0.011483108917677159,
          "initial_qty_pct": 0.005001103819468445,
          "markup_range": 0.00023201623551042912,
          "min_markup": 0.0070710019922368885,
          "n_close_orders": 6,
          "rentry_pprice_dist": 0.04847395654753648,
          "rentry_pprice_dist_wallet_exposure_weighting": 5.680281341121142,
          "wallet_exposure_limit": 2.0},
 "short": {"auto_unstuck_delay_minutes": 5.016368570077206,
           "auto_unstuck_ema_dist": 0.00393987253208374,
           "auto_unstuck_qty_pct": 0.0003822083848642478,
           "auto_unstuck_wallet_exposure_threshold": 0.20461486955081098,
           "backwards_tp": true,
           "ddown_factor": 0.29130346729721934,
           "ema_span_0": 1337.5185245844473,
           "ema_span_1": 2019.0263163720022,
           "enabled": true,
           "initial_eprice_ema_dist": -0.011532356241998467,
           "initial_qty_pct": 0.016110579984927497,
           "markup_range": 0.009362528720146479,
           "min_markup": 0.0011320838643845994,
           "n_close_orders": 13,
           "rentry_pprice_dist": 0.04372008900300044,
           "rentry_pprice_dist_wallet_exposure_weighting": 2.267663231733389,
           "wallet_exposure_limit": 1.0}}