{"config_name": "recursive_grid_1_symbols_1080days",
 "logging_level": 0,
 "long": {"auto_unstuck_delay_minutes": 1439.9999985862987,
          "auto_unstuck_ema_dist": -0.03531648750897206,
          "auto_unstuck_qty_pct": 0.04400065151271823,
          "auto_unstuck_wallet_exposure_threshold": 0.012427694557991049,
          "backwards_tp": true,
          "ddown_factor": 0.12424507268716678,
          "ema_span_0": 1372.0690293902662,
          "ema_span_1": 1740.3679516124844,
          "enabled": true,
          "initial_eprice_ema_dist": 0.0010601672440728339,
          "initial_qty_pct": 0.023640374141590727,
          "markup_range": 0.0,
          "min_markup": 0.007131267625101419,
          "n_close_orders": 2,
          "rentry_pprice_dist": 0.0367838645784161,
          "rentry_pprice_dist_wallet_exposure_weighting": 0.0,
          "wallet_exposure_limit": 2.0},
 "short": {"auto_unstuck_delay_minutes": 0.3684863165194578,
           "auto_unstuck_ema_dist": -0.004869164102642214,
           "auto_unstuck_qty_pct": 0.026726877244176335,
           "auto_unstuck_wallet_exposure_threshold": 0.36668207157992,
           "backwards_tp": true,
           "ddown_factor": 1.719405745335145,
           "ema_span_0": 1427.1617626368297,
           "ema_span_1": 2213.024558504198,
           "enabled": true,
           "initial_eprice_ema_dist": 0.0009120843278275251,
           "initial_qty_pct": 0.005,
           "markup_range": 0.009350197801762754,
           "min_markup": 0.0045147073567855965,
           "n_close_orders": 13,
           "rentry_pprice_dist": 0.033739381346569175,
           "rentry_pprice_dist_wallet_exposure_weighting": 6.591431628768063e-10,
           "wallet_exposure_limit": 1.0}}