{"config_name": "recursive_grid_1_symbols_1080days",
 "logging_level": 0,
<<<<<<< HEAD
 "long": {"auto_unstuck_delay_minutes": 1439.9999985862987,
          "auto_unstuck_ema_dist": -0.03531648750897206,
          "auto_unstuck_qty_pct": 0.04400065151271823,
          "auto_unstuck_wallet_exposure_threshold": 0.012427694557991049,
          "backwards_tp": true,
          "ddown_factor": 0.12424507268716678,
          "ema_span_0": 1372.0690293902662,
          "ema_span_1": 1740.3679516124844,
          "enabled": true,
          "initial_eprice_ema_dist": 0.0010601672440728339,
          "initial_qty_pct": 0.023640374141590727,
          "markup_range": 0.0,
          "min_markup": 0.007131267625101419,
          "n_close_orders": 2,
          "rentry_pprice_dist": 0.0367838645784161,
          "rentry_pprice_dist_wallet_exposure_weighting": 0.0,
          "wallet_exposure_limit": 2.0},
 "short": {"auto_unstuck_delay_minutes": 0.3684863165194578,
           "auto_unstuck_ema_dist": -0.004869164102642214,
           "auto_unstuck_qty_pct": 0.026726877244176335,
           "auto_unstuck_wallet_exposure_threshold": 0.36668207157992,
           "backwards_tp": true,
           "ddown_factor": 1.719405745335145,
           "ema_span_0": 1427.1617626368297,
           "ema_span_1": 2213.024558504198,
           "enabled": true,
           "initial_eprice_ema_dist": 0.0009120843278275251,
           "initial_qty_pct": 0.005,
           "markup_range": 0.009350197801762754,
           "min_markup": 0.0045147073567855965,
           "n_close_orders": 13,
           "rentry_pprice_dist": 0.033739381346569175,
           "rentry_pprice_dist_wallet_exposure_weighting": 6.591431628768063e-10,
           "wallet_exposure_limit": 1.0}}
=======
 "long": {"auto_unstuck_delay_minutes": 1384.6227270195766,
          "auto_unstuck_ema_dist": -0.03389235082089831,
          "auto_unstuck_qty_pct": 0.03206141124141962,
          "auto_unstuck_wallet_exposure_threshold": 0.0474512982695635,
          "backwards_tp": true,
          "ddown_factor": 0.2644015037412496,
          "ema_span_0": 1305.6152859229462,
          "ema_span_1": 1739.6731610893582,
          "enabled": true,
          "initial_eprice_ema_dist": 0.005357605728101159,
          "initial_qty_pct": 0.019660762007918716,
          "markup_range": 0.004062534917086496,
          "min_markup": 0.006199312844554018,
          "n_close_orders": 3,
          "rentry_pprice_dist": 0.0372335682225305,
          "rentry_pprice_dist_wallet_exposure_weighting": 0.029219240214324566,
          "wallet_exposure_limit": 1},
 "short": {"auto_unstuck_delay_minutes": 1170.1965489197237,
           "auto_unstuck_ema_dist": -0.08520769391346958,
           "auto_unstuck_qty_pct": 0.06947443397905771,
           "auto_unstuck_wallet_exposure_threshold": 0.46040699315354155,
           "backwards_tp": true,
           "ddown_factor": 2.7881545643256596,
           "ema_span_0": 1204.994754511164,
           "ema_span_1": 188.20302395436374,
           "enabled": false,
           "initial_eprice_ema_dist": -0.09620519442080491,
           "initial_qty_pct": 0.0713727441226568,
           "markup_range": 0.04640017157968602,
           "min_markup": 0.009666065416013583,
           "n_close_orders": 5,
           "rentry_pprice_dist": 0.03731466910766959,
           "rentry_pprice_dist_wallet_exposure_weighting": 19.11699899006412,
           "wallet_exposure_limit": 0.17270858088731422}}
>>>>>>> 82f271c3bdfe701b940e3f9c180f099f9c71f6cd
