{"config_name": "recursive_grid_1_symbols_1080days",
 "logging_level": 0,
 "long": {"auto_unstuck_delay_minutes": 581.7582103005739,
          "auto_unstuck_ema_dist": -0.08807697832124163,
          "auto_unstuck_qty_pct": 2.6231317250851255e-09,
          "auto_unstuck_wallet_exposure_threshold": 0.021440282248489904,
          "backwards_tp": true,
          "ddown_factor": 2.7935754374909014,
          "ema_span_0": 1264.3453434190506,
          "ema_span_1": 1390.7308988455454,
          "enabled": true,
          "initial_eprice_ema_dist": 0.009137446095733564,
          "initial_qty_pct": 0.005,
          "markup_range": 0.00017400533502077493,
          "min_markup": 0.0014445207983445312,
          "n_close_orders": 2,
          "rentry_pprice_dist": 0.05811076317234442,
          "rentry_pprice_dist_wallet_exposure_weighting": 5.3320223793392065,
          "wallet_exposure_limit": 2.0},
 "short": {"auto_unstuck_delay_minutes": 8.074302269602585,
           "auto_unstuck_ema_dist": 6.121403947156602e-05,
           "auto_unstuck_qty_pct": 1.0873988158477968e-06,
           "auto_unstuck_wallet_exposure_threshold": 0.00033904558252695956,
           "backwards_tp": true,
           "ddown_factor": 2.1512959399549088,
           "ema_span_0": 1439.913109358908,
           "ema_span_1": 1452.5766980276853,
           "enabled": true,
           "initial_eprice_ema_dist": -0.0003147155042639601,
           "initial_qty_pct": 0.019224728886784268,
           "markup_range": 0.0020328714007345227,
           "min_markup": 0.006576999174619828,
           "n_close_orders": 11,
           "rentry_pprice_dist": 0.04695007466380771,
           "rentry_pprice_dist_wallet_exposure_weighting": 3.9300872381932117,
           "wallet_exposure_limit": 1.0}}