{"config_name": "recursive_grid_1_symbols_1080days",
 "logging_level": 0,
 "long": {"auto_unstuck_delay_minutes": 986.2679313686286,
          "auto_unstuck_ema_dist": 0.0005547549483445186,
          "auto_unstuck_qty_pct": 0.0030464867448750437,
          "auto_unstuck_wallet_exposure_threshold": 0.13661727779841162,
          "backwards_tp": true,
          "ddown_factor": 0.7099028881089052,
          "ema_span_0": 560.5905139873831,
          "ema_span_1": 1449.483741814623,
          "enabled": true,
          "initial_eprice_ema_dist": -0.05618804498129478,
          "initial_qty_pct": 0.008153303633114707,
          "markup_range": 0.00474952322000796,
          "min_markup": 0.005068197713755783,
          "n_close_orders": 3,
          "rentry_pprice_dist": 0.03305392008969299,
          "rentry_pprice_dist_wallet_exposure_weighting": 0.0,
          "wallet_exposure_limit": 1},
 "short": {"auto_unstuck_delay_minutes": 1174.3747035471836,
           "auto_unstuck_ema_dist": -0.06932506617549951,
           "auto_unstuck_qty_pct": 0.03160732958310293,
           "auto_unstuck_wallet_exposure_threshold": 0.02881048969710775,
           "backwards_tp": true,
           "ddown_factor": 1.4191603483334438,
           "ema_span_0": 105.69906992447227,
           "ema_span_1": 2190.6204292713564,
           "enabled": false,
           "initial_eprice_ema_dist": -0.09396607305401637,
           "initial_qty_pct": 0.057322278430944715,
           "markup_range": 0.031745109859963414,
           "min_markup": 0.0031771367033553892,
           "n_close_orders": 11,
           "rentry_pprice_dist": 0.04003791895835078,
           "rentry_pprice_dist_wallet_exposure_weighting": 4.797572791486693,
           "wallet_exposure_limit": 0.05579827867410103}}