{"config_name": "recursive_grid_1_symbols_1080days",
 "logging_level": 0,
 "long": {"auto_unstuck_delay_minutes": 513.5831732536318,
          "auto_unstuck_ema_dist": -0.02957109556389334,
          "auto_unstuck_qty_pct": 0.018451136426060107,
          "auto_unstuck_wallet_exposure_threshold": 0.38249821141498713,
          "backwards_tp": true,
          "ddown_factor": 2.2642553438318567,
          "ema_span_0": 696.5161137172637,
          "ema_span_1": 998.088939449201,
          "enabled": true,
          "initial_eprice_ema_dist": 0.008667094614135128,
          "initial_qty_pct": 0.005,
          "markup_range": 4.227906402393125e-05,
          "min_markup": 0.0019594476490013024,
          "n_close_orders": 15,
          "rentry_pprice_dist": 0.03448390899890753,
          "rentry_pprice_dist_wallet_exposure_weighting": 1.9859873537217698,
          "wallet_exposure_limit": 2.0},
 "short": {"auto_unstuck_delay_minutes": 1107.62787105538,
           "auto_unstuck_ema_dist": -0.007865892585707163,
           "auto_unstuck_qty_pct": 0.03742725937502461,
           "auto_unstuck_wallet_exposure_threshold": 0.4472254459932832,
           "backwards_tp": true,
           "ddown_factor": 2.5448888725764998,
           "ema_span_0": 835.2228544481643,
           "ema_span_1": 1894.4116018291097,
           "enabled": true,
           "initial_eprice_ema_dist": 0.003971497434940234,
           "initial_qty_pct": 0.007663573600613368,
           "markup_range": 0.0018530717726961752,
           "min_markup": 0.006803704216755354,
           "n_close_orders": 5,
           "rentry_pprice_dist": 0.04441139630775813,
           "rentry_pprice_dist_wallet_exposure_weighting": 20.51624626197242,
           "wallet_exposure_limit": 1.0}}