{"config_name": "recursive_grid_1_symbols_1080days",
 "logging_level": 0,
 "long": {"auto_unstuck_delay_minutes": 961.7695878251623,
          "auto_unstuck_ema_dist": -0.04587726506578384,
          "auto_unstuck_qty_pct": 0.0028031163575973003,
          "auto_unstuck_wallet_exposure_threshold": 0.45198594881906323,
          "backwards_tp": true,
          "ddown_factor": 0.750348679742932,
          "ema_span_0": 264.6539372076089,
          "ema_span_1": 28.490808183613552,
          "enabled": true,
          "initial_eprice_ema_dist": -0.06775183909717665,
          "initial_qty_pct": 0.00673784647399123,
          "markup_range": 0.0,
          "min_markup": 0.00410141746970294,
          "n_close_orders": 16,
          "rentry_pprice_dist": 0.025608604988804275,
          "rentry_pprice_dist_wallet_exposure_weighting": 1.4897400914218029,
          "wallet_exposure_limit": 1},
 "short": {"auto_unstuck_delay_minutes": 1254.9819509588713,
           "auto_unstuck_ema_dist": -0.012581377397656135,
           "auto_unstuck_qty_pct": 0.02761723591809144,
           "auto_unstuck_wallet_exposure_threshold": 0.11054687204198647,
           "backwards_tp": true,
           "ddown_factor": 2.8979969912542844,
           "ema_span_0": 1329.0595253175036,
           "ema_span_1": 2208.3115301106563,
           "enabled": false,
           "initial_eprice_ema_dist": -0.038731343721887634,
           "initial_qty_pct": 0.03936568571503533,
           "markup_range": 0.03744407834091702,
           "min_markup": 0.0021280255314227317,
           "n_close_orders": 9,
           "rentry_pprice_dist": 0.022101767003807827,
           "rentry_pprice_dist_wallet_exposure_weighting": 11.279813885212029,
           "wallet_exposure_limit": 0.13644431414651004}}