{"config_name": "recursive_grid_1_symbols_1080days",
 "logging_level": 0,
 "long": {"auto_unstuck_delay_minutes": 66.23960012102512,
          "auto_unstuck_ema_dist": -0.03416175218480948,
          "auto_unstuck_qty_pct": 0.07621632416948422,
          "auto_unstuck_wallet_exposure_threshold": 0.14690465099408326,
          "backwards_tp": true,
          "ddown_factor": 0.10415095635439449,
          "ema_span_0": 129.07394017971754,
          "ema_span_1": 922.3714487426125,
          "enabled": true,
          "initial_eprice_ema_dist": -0.0030569672488084676,
          "initial_qty_pct": 0.013761708073702495,
          "markup_range": 0.006870282685350559,
          "min_markup": 0.0044782709286144105,
          "n_close_orders": 8,
          "rentry_pprice_dist": 0.030250675940165866,
          "rentry_pprice_dist_wallet_exposure_weighting": 0.7079821555439825,
          "wallet_exposure_limit": 1},
 "short": {"auto_unstuck_delay_minutes": 1348.6706153630626,
           "auto_unstuck_ema_dist": -0.0383619137738858,
           "auto_unstuck_qty_pct": 0.05983800914590012,
           "auto_unstuck_wallet_exposure_threshold": 0.31910932908037654,
           "backwards_tp": true,
           "ddown_factor": 0.5912093189730828,
           "ema_span_0": 1216.6102760975548,
           "ema_span_1": 1839.251865916251,
           "enabled": false,
           "initial_eprice_ema_dist": -0.04610347301563512,
           "initial_qty_pct": 0.03475456302703753,
           "markup_range": 0.010829983029633327,
           "min_markup": 0.006591062562553257,
           "n_close_orders": 14,
           "rentry_pprice_dist": 0.015707834883385174,
           "rentry_pprice_dist_wallet_exposure_weighting": 39.66472525222634,
           "wallet_exposure_limit": 0.9102440210945483}}