{"config_name": "recursive_grid_1_symbols_1080days",
 "logging_level": 0,
 "long": {"auto_unstuck_delay_minutes": 797.13969265905,
          "auto_unstuck_ema_dist": -0.059067459464990424,
          "auto_unstuck_qty_pct": 0.07999899771708711,
          "auto_unstuck_wallet_exposure_threshold": 0.5463047440859549,
          "backwards_tp": true,
          "ddown_factor": 1.3630432261561638,
          "ema_span_0": 1422.66960093612,
          "ema_span_1": 828.5329551809551,
          "enabled": true,
          "initial_eprice_ema_dist": 0.0060249237732706165,
          "initial_qty_pct": 0.005028109899086708,
          "markup_range": 1.1800574883593851e-05,
          "min_markup": 0.003209213897880258,
          "n_close_orders": 4,
          "rentry_pprice_dist": 0.038137544302022444,
          "rentry_pprice_dist_wallet_exposure_weighting": 2.8722702352239233,
          "wallet_exposure_limit": 2.0},
 "short": {"auto_unstuck_delay_minutes": 616.6758559301956,
           "auto_unstuck_ema_dist": -0.06431311424654175,
           "auto_unstuck_qty_pct": 0.011925074961736651,
           "auto_unstuck_wallet_exposure_threshold": 0.5851014608685177,
           "backwards_tp": true,
           "ddown_factor": 1.1244310878922459,
           "ema_span_0": 732.498233203877,
           "ema_span_1": 675.78496195606,
           "enabled": true,
           "initial_eprice_ema_dist": 0.011145929312767927,
           "initial_qty_pct": 0.005088936799895711,
           "markup_range": 0.005551482356555842,
           "min_markup": 0.005125776858094616,
           "n_close_orders": 13,
           "rentry_pprice_dist": 0.013989622587332827,
           "rentry_pprice_dist_wallet_exposure_weighting": 15.28146897112568,
           "wallet_exposure_limit": 1.0}}