{"config_name": "recursive_grid_1_symbols_1080days",
 "logging_level": 0,
<<<<<<< HEAD
 "long": {"auto_unstuck_delay_minutes": 1344.271966368854,
          "auto_unstuck_ema_dist": -0.010827296538777502,
          "auto_unstuck_qty_pct": 0.019364868591288515,
          "auto_unstuck_wallet_exposure_threshold": 0.14419378126280966,
          "backwards_tp": true,
          "ddown_factor": 0.8172905898903919,
          "ema_span_0": 1191.8665646064826,
          "ema_span_1": 1345.4684380633648,
          "enabled": true,
          "initial_eprice_ema_dist": 0.007349375712574505,
          "initial_qty_pct": 0.0143135696749131,
          "markup_range": 0.016936281522175845,
          "min_markup": 0.004060779090559949,
          "n_close_orders": 5,
          "rentry_pprice_dist": 0.025335677893987576,
          "rentry_pprice_dist_wallet_exposure_weighting": 2.23147801238807,
          "wallet_exposure_limit": 2.0},
 "short": {"auto_unstuck_delay_minutes": 621.5429630072139,
           "auto_unstuck_ema_dist": -0.09184114915481019,
           "auto_unstuck_qty_pct": 0.028303944854550064,
           "auto_unstuck_wallet_exposure_threshold": 0.5168051490812009,
           "backwards_tp": true,
           "ddown_factor": 0.6387717510983668,
           "ema_span_0": 722.6332404297991,
           "ema_span_1": 1634.5840615888758,
           "enabled": true,
           "initial_eprice_ema_dist": -0.01886234515832181,
           "initial_qty_pct": 0.01616212491493785,
           "markup_range": 0.005019250093229028,
           "min_markup": 0.006144684692897497,
           "n_close_orders": 6,
           "rentry_pprice_dist": 0.047493283023243425,
           "rentry_pprice_dist_wallet_exposure_weighting": 4.50178139942352,
           "wallet_exposure_limit": 1.0}}
=======
 "long": {"auto_unstuck_delay_minutes": 1384.6227270195766,
          "auto_unstuck_ema_dist": -0.03389235082089831,
          "auto_unstuck_qty_pct": 0.03206141124141962,
          "auto_unstuck_wallet_exposure_threshold": 0.0474512982695635,
          "backwards_tp": true,
          "ddown_factor": 0.2644015037412496,
          "ema_span_0": 1305.6152859229462,
          "ema_span_1": 1739.6731610893582,
          "enabled": true,
          "initial_eprice_ema_dist": 0.005357605728101159,
          "initial_qty_pct": 0.019660762007918716,
          "markup_range": 0.004062534917086496,
          "min_markup": 0.006199312844554018,
          "n_close_orders": 3,
          "rentry_pprice_dist": 0.0372335682225305,
          "rentry_pprice_dist_wallet_exposure_weighting": 0.029219240214324566,
          "wallet_exposure_limit": 1},
 "short": {"auto_unstuck_delay_minutes": 1170.1965489197237,
           "auto_unstuck_ema_dist": -0.08520769391346958,
           "auto_unstuck_qty_pct": 0.06947443397905771,
           "auto_unstuck_wallet_exposure_threshold": 0.46040699315354155,
           "backwards_tp": true,
           "ddown_factor": 2.7881545643256596,
           "ema_span_0": 1204.994754511164,
           "ema_span_1": 188.20302395436374,
           "enabled": false,
           "initial_eprice_ema_dist": -0.09620519442080491,
           "initial_qty_pct": 0.0713727441226568,
           "markup_range": 0.04640017157968602,
           "min_markup": 0.009666065416013583,
           "n_close_orders": 5,
           "rentry_pprice_dist": 0.03731466910766959,
           "rentry_pprice_dist_wallet_exposure_weighting": 19.11699899006412,
           "wallet_exposure_limit": 0.17270858088731422}}
>>>>>>> 82f271c3bdfe701b940e3f9c180f099f9c71f6cd
