{
    "config_name": "recursive_grid_1_symbols_1080days",
    "logging_level": 0,
    "long": {
        "auto_unstuck_ema_dist": -0.002177120998072576,
        "auto_unstuck_wallet_exposure_threshold": 0.0757438576691948,
        "backwards_tp": true,
        "ddown_factor": 1.6116416570224028,
        "ema_span_0": 286.9236187761089,
        "ema_span_1": 1323.305841732434,
        "enabled": true,
        "initial_eprice_ema_dist": 0.01010305664174374,
        "initial_qty_pct": 0.024975524823301593,
        "markup_range": 0.009848605183602192,
        "min_markup": 0.007759465327122263,
        "n_close_orders": 5,
        "rentry_pprice_dist": 0.02049898449321175,
        "rentry_pprice_dist_wallet_exposure_weighting": 5.695811845175503,
        "wallet_exposure_limit": 0.3
    },
    "short": {
        "auto_unstuck_ema_dist": 0.0015712132130873888,
        "auto_unstuck_wallet_exposure_threshold": 0.03188215351621147,
        "backwards_tp": true,
        "ddown_factor": 1.5429878586987857,
        "ema_span_0": 716.0125040411851,
        "ema_span_1": 315.48784004845635,
        "enabled": true,
        "initial_eprice_ema_dist": 0.002499552334428443,
        "initial_qty_pct": 0.010669684962885617,
        "markup_range": 0.0020241365043860587,
        "min_markup": 0.002300310200009684,
        "n_close_orders": 11,
        "rentry_pprice_dist": 0.029115125563804207,
        "rentry_pprice_dist_wallet_exposure_weighting": 5.849419386666722,
        "wallet_exposure_limit": 1
    }
}