{"config_name": "recursive_grid_1_symbols_1080days",
 "logging_level": 0,
 "long": {"auto_unstuck_delay_minutes": 1162.5551772880042,
          "auto_unstuck_ema_dist": -0.0015475732956660518,
          "auto_unstuck_qty_pct": 0.07672907744482148,
          "auto_unstuck_wallet_exposure_threshold": 0.6158057811369902,
          "backwards_tp": true,
          "ddown_factor": 0.47911437469013224,
          "ema_span_0": 1418.1583171996735,
          "ema_span_1": 2315.6139393416647,
          "enabled": true,
          "initial_eprice_ema_dist": -0.026490782383117407,
          "initial_qty_pct": 0.005260671615019077,
          "markup_range": 1.9743325192632998e-05,
          "min_markup": 0.005333640209292145,
          "n_close_orders": 15,
          "rentry_pprice_dist": 0.03844323518423854,
          "rentry_pprice_dist_wallet_exposure_weighting": 0.279699271897593,
          "wallet_exposure_limit": 2.0},
 "short": {"auto_unstuck_delay_minutes": 152.89804913631326,
           "auto_unstuck_ema_dist": -0.010283184568650277,
           "auto_unstuck_qty_pct": 0.01019650478920099,
           "auto_unstuck_wallet_exposure_threshold": 0.002019326891136654,
           "backwards_tp": true,
           "ddown_factor": 2.3109969171142923,
           "ema_span_0": 1440.0,
           "ema_span_1": 907.5438752813295,
           "enabled": true,
           "initial_eprice_ema_dist": 0.006926565587129149,
           "initial_qty_pct": 0.023479265007697994,
           "markup_range": 0.0014537652682173267,
           "min_markup": 0.00383135847249952,
           "n_close_orders": 16,
           "rentry_pprice_dist": 0.0338985084450874,
           "rentry_pprice_dist_wallet_exposure_weighting": 0.22336396667156644,
           "wallet_exposure_limit": 1.0}}