{"config_name": "recursive_grid_1_symbols_1080days",
 "logging_level": 0,
 "long": {"auto_unstuck_delay_minutes": 736.4150005604952,
          "auto_unstuck_ema_dist": -0.07823655926788313,
          "auto_unstuck_qty_pct": 0.051999287764469146,
          "auto_unstuck_wallet_exposure_threshold": 0.22367079934847492,
          "backwards_tp": true,
          "ddown_factor": 1.1594114011590007,
          "ema_span_0": 864.3382949791147,
          "ema_span_1": 548.8442786139489,
          "enabled": true,
          "initial_eprice_ema_dist": 0.01312496102608395,
          "initial_qty_pct": 0.005,
          "markup_range": 0.0006451211206945687,
          "min_markup": 0.008250766968560794,
          "n_close_orders": 5,
          "rentry_pprice_dist": 0.039197054909135304,
          "rentry_pprice_dist_wallet_exposure_weighting": 2.167137914987274,
          "wallet_exposure_limit": 2.0},
 "short": {"auto_unstuck_delay_minutes": 482.9611879758969,
           "auto_unstuck_ema_dist": -0.08229304109726879,
           "auto_unstuck_qty_pct": 0.01820037463328179,
           "auto_unstuck_wallet_exposure_threshold": 0.6849886765233036,
           "backwards_tp": true,
           "ddown_factor": 1.416117035485261,
           "ema_span_0": 1027.3341474797612,
           "ema_span_1": 1876.6709311758298,
           "enabled": true,
           "initial_eprice_ema_dist": 0.008065906840602178,
           "initial_qty_pct": 0.005002010673298185,
           "markup_range": 0.010432592280672054,
           "min_markup": 0.008374443214083803,
           "n_close_orders": 6,
           "rentry_pprice_dist": 0.04522813598354534,
           "rentry_pprice_dist_wallet_exposure_weighting": 21.36193171038872,
           "wallet_exposure_limit": 1.0}}