{"config_name": "recursive_grid_1_symbols_1080days",
 "logging_level": 0,
 "long": {"auto_unstuck_delay_minutes": 25.05581839127732,
          "auto_unstuck_ema_dist": -0.024387199058946513,
          "auto_unstuck_qty_pct": 0.043999278846576804,
          "auto_unstuck_wallet_exposure_threshold": 0.4457543022028333,
          "backwards_tp": true,
          "ddown_factor": 1.4294775837660125,
          "ema_span_0": 516.8222276285952,
          "ema_span_1": 15.473416933015619,
          "enabled": true,
          "initial_eprice_ema_dist": -0.016315154843839687,
          "initial_qty_pct": 0.00833388504056445,
          "markup_range": 0.00024076237810413922,
          "min_markup": 0.00160357353409689,
          "n_close_orders": 5,
          "rentry_pprice_dist": 0.059999973693062675,
          "rentry_pprice_dist_wallet_exposure_weighting": 0.401687872511633,
          "wallet_exposure_limit": 1.0},
 "short": {"auto_unstuck_delay_minutes": 388.68475484728424,
           "auto_unstuck_ema_dist": -0.058983933671519086,
           "auto_unstuck_qty_pct": 0.019789234407869217,
           "auto_unstuck_wallet_exposure_threshold": 0.5673644538611166,
           "backwards_tp": true,
           "ddown_factor": 0.887301129892767,
           "ema_span_0": 124.86312761723177,
           "ema_span_1": 191.73524056524644,
           "enabled": false,
           "initial_eprice_ema_dist": -0.05641606632996488,
           "initial_qty_pct": 0.07676432661966066,
           "markup_range": 0.029951035887503738,
           "min_markup": 0.006554418347323978,
           "n_close_orders": 9,
           "rentry_pprice_dist": 0.04840369205856357,
           "rentry_pprice_dist_wallet_exposure_weighting": 18.43794989748242,
           "wallet_exposure_limit": 0.059150100725059884}}