{"config_name": "recursive_grid_1_symbols_1080days",
 "logging_level": 0,
 "long": {"auto_unstuck_delay_minutes": 778.6821025124743,
          "auto_unstuck_ema_dist": -0.03798167740241718,
          "auto_unstuck_qty_pct": 0.02650533466585003,
          "auto_unstuck_wallet_exposure_threshold": 0.2628798548178166,
          "backwards_tp": true,
          "ddown_factor": 0.38204683957005303,
          "ema_span_0": 96.7396501860252,
          "ema_span_1": 791.140278291299,
          "enabled": true,
          "initial_eprice_ema_dist": 0.007091325170864744,
          "initial_qty_pct": 0.010648305100217442,
          "markup_range": 0.004338606161839553,
          "min_markup": 0.006075946973426899,
          "n_close_orders": 8,
          "rentry_pprice_dist": 0.024173533513036596,
          "rentry_pprice_dist_wallet_exposure_weighting": 1.0203741007086982,
          "wallet_exposure_limit": 1},
 "short": {"auto_unstuck_delay_minutes": 1210.943020606258,
           "auto_unstuck_ema_dist": -0.020753162039823914,
           "auto_unstuck_qty_pct": 0.017607196480903003,
           "auto_unstuck_wallet_exposure_threshold": 0.43571191115387403,
           "backwards_tp": true,
           "ddown_factor": 0.4422004224987709,
           "ema_span_0": 460.5673351545519,
           "ema_span_1": 596.2363612732189,
           "enabled": false,
           "initial_eprice_ema_dist": -0.00478319913886012,
           "initial_qty_pct": 0.01440940426969227,
           "markup_range": 0.02547124757557823,
           "min_markup": 0.00995535561263463,
           "n_close_orders": 15,
           "rentry_pprice_dist": 0.059038779163465505,
           "rentry_pprice_dist_wallet_exposure_weighting": 30.683527547155688,
           "wallet_exposure_limit": 0.32803706965110313}}