{"config_name": "recursive_grid_1_symbols_1080days",
 "logging_level": 0,
 "long": {"auto_unstuck_delay_minutes": 256.17179803884096,
          "auto_unstuck_ema_dist": -0.033863653393724075,
          "auto_unstuck_qty_pct": 0.06454936684801846,
          "auto_unstuck_wallet_exposure_threshold": 0.06947556593815858,
          "backwards_tp": true,
          "ddown_factor": 0.44738721382571284,
          "ema_span_0": 581.3723638153983,
          "ema_span_1": 1099.6581515463733,
          "enabled": true,
          "initial_eprice_ema_dist": -0.03748350878086377,
          "initial_qty_pct": 0.006657274501684896,
          "markup_range": 0.0036601590467331044,
          "min_markup": 0.004351092129689939,
          "n_close_orders": 11,
          "rentry_pprice_dist": 0.03196324570614473,
          "rentry_pprice_dist_wallet_exposure_weighting": 4.205896096227001,
          "wallet_exposure_limit": 2.0},
 "short": {"auto_unstuck_delay_minutes": 1348.7469550445433,
           "auto_unstuck_ema_dist": -0.012751637599014423,
           "auto_unstuck_qty_pct": 0.0738860896758432,
           "auto_unstuck_wallet_exposure_threshold": 0.4418973402568052,
           "backwards_tp": true,
           "ddown_factor": 0.7286983460328341,
           "ema_span_0": 679.3921101899022,
           "ema_span_1": 1509.9836420325585,
           "enabled": true,
           "initial_eprice_ema_dist": -0.00670394297633812,
           "initial_qty_pct": 0.005551892949769907,
           "markup_range": 0.010870223935220509,
           "min_markup": 0.0013946537995036408,
           "n_close_orders": 5,
           "rentry_pprice_dist": 0.05880762570468497,
           "rentry_pprice_dist_wallet_exposure_weighting": 0.9049130789440093,
           "wallet_exposure_limit": 1.0}}