{"config_name": "recursive_grid_1_symbols_1080days",
 "logging_level": 0,
 "long": {"auto_unstuck_delay_minutes": 1435.6926660332983,
          "auto_unstuck_ema_dist": -0.04219849254896645,
          "auto_unstuck_qty_pct": 0.06604745097081903,
          "auto_unstuck_wallet_exposure_threshold": 0.3028172868879887,
          "backwards_tp": true,
          "ddown_factor": 0.7163822728378701,
          "ema_span_0": 1226.504251775434,
          "ema_span_1": 278.49181090220975,
          "enabled": true,
          "initial_eprice_ema_dist": -0.004444910520297869,
          "initial_qty_pct": 0.015525258664229158,
          "markup_range": 0.0028679236012492675,
          "min_markup": 0.001692165817569002,
          "n_close_orders": 8,
          "rentry_pprice_dist": 0.026698274398756928,
          "rentry_pprice_dist_wallet_exposure_weighting": 7.743707724739271,
          "wallet_exposure_limit": 2.0},
 "short": {"auto_unstuck_delay_minutes": 647.0533969557963,
           "auto_unstuck_ema_dist": -0.07781743913309787,
           "auto_unstuck_qty_pct": 0.013692956878127898,
           "auto_unstuck_wallet_exposure_threshold": 0.33349202935350103,
           "backwards_tp": true,
           "ddown_factor": 0.5476768528294133,
           "ema_span_0": 468.57230799295075,
           "ema_span_1": 622.7459088788224,
           "enabled": true,
           "initial_eprice_ema_dist": -0.006266148183592291,
           "initial_qty_pct": 0.00551925393111161,
           "markup_range": 0.003282068483541508,
           "min_markup": 0.001390789206857394,
           "n_close_orders": 4,
           "rentry_pprice_dist": 0.039883493713062525,
           "rentry_pprice_dist_wallet_exposure_weighting": 18.27917162687932,
           "wallet_exposure_limit": 1.0}}