{"config_name": "recursive_grid_1_symbols_1080days",
 "logging_level": 0,
 "long": {"auto_unstuck_delay_minutes": 778.0529973125066,
          "auto_unstuck_ema_dist": -0.08417205173758027,
          "auto_unstuck_qty_pct": 0.0005210525461706642,
          "auto_unstuck_wallet_exposure_threshold": 0.5379163445078575,
          "backwards_tp": true,
          "ddown_factor": 0.741056415090929,
          "ema_span_0": 57.18283596595176,
          "ema_span_1": 647.5850538093841,
          "enabled": true,
          "initial_eprice_ema_dist": -0.07907008502188563,
          "initial_qty_pct": 0.0050064636461445555,
          "markup_range": 0.0006736563805103469,
          "min_markup": 0.001087286056032777,
          "n_close_orders": 14,
          "rentry_pprice_dist": 0.01863763672581185,
          "rentry_pprice_dist_wallet_exposure_weighting": 0.6355051767189662,
          "wallet_exposure_limit": 2.0},
 "short": {"auto_unstuck_delay_minutes": 39.29467377983035,
           "auto_unstuck_ema_dist": -0.07724722448208005,
           "auto_unstuck_qty_pct": 0.08,
           "auto_unstuck_wallet_exposure_threshold": 0.008474488283582167,
           "backwards_tp": true,
           "ddown_factor": 0.1,
           "ema_span_0": 1425.9128720460487,
           "ema_span_1": 13.08358353411428,
           "enabled": true,
           "initial_eprice_ema_dist": -0.07842877435055706,
           "initial_qty_pct": 0.005028508083064795,
           "markup_range": 0.00012630413685071743,
           "min_markup": 0.009552665547636207,
           "n_close_orders": 2,
           "rentry_pprice_dist": 0.022848016559750457,
           "rentry_pprice_dist_wallet_exposure_weighting": 2.175930826020445,
           "wallet_exposure_limit": 1.0}}