{"config_name": "recursive_grid_1_symbols_1080days",
 "logging_level": 0,
 "long": {"auto_unstuck_delay_minutes": 900.7629625951099,
          "auto_unstuck_ema_dist": -0.0896070329542852,
          "auto_unstuck_qty_pct": 0.0162887042613003,
          "auto_unstuck_wallet_exposure_threshold": 0.4276237322875434,
          "backwards_tp": true,
          "ddown_factor": 1.784734010735697,
          "ema_span_0": 1100.3800903623512,
          "ema_span_1": 1222.9402998863186,
          "enabled": true,
          "initial_eprice_ema_dist": 0.0030600039897678353,
          "initial_qty_pct": 0.005008111475820298,
          "markup_range": 0.005691923607998579,
          "min_markup": 0.003200099057176002,
          "n_close_orders": 7,
          "rentry_pprice_dist": 0.034990969084661275,
          "rentry_pprice_dist_wallet_exposure_weighting": 2.1128264071878666,
          "wallet_exposure_limit": 1.0},
 "short": {"auto_unstuck_delay_minutes": 1282.8544378443519,
           "auto_unstuck_ema_dist": -0.009536508200534186,
           "auto_unstuck_qty_pct": 0.05710116452816182,
           "auto_unstuck_wallet_exposure_threshold": 0.2962179181737001,
           "backwards_tp": true,
           "ddown_factor": 2.0603516609493373,
           "ema_span_0": 753.8941950863336,
           "ema_span_1": 2170.6699442301133,
           "enabled": false,
           "initial_eprice_ema_dist": -0.04856083589993451,
           "initial_qty_pct": 0.05917777215615502,
           "markup_range": 0.043190026786434785,
           "min_markup": 0.003685347865602477,
           "n_close_orders": 8,
           "rentry_pprice_dist": 0.028736562259015754,
           "rentry_pprice_dist_wallet_exposure_weighting": 21.417182512927333,
           "wallet_exposure_limit": 0.10430608574379496}}