{"config_name": "recursive_grid_1_symbols_1080days",
 "logging_level": 0,
 "long": {"auto_unstuck_delay_minutes": 0,
          "auto_unstuck_ema_dist": -0.0232182492906712,
          "auto_unstuck_qty_pct": 0.07892260195453855,
          "auto_unstuck_wallet_exposure_threshold": 0.11625842159015219,
          "backwards_tp": true,
          "ddown_factor": 0.5057088055780196,
          "ema_span_0": 843.995576688442,
          "ema_span_1": 1144.7873132402917,
          "enabled": true,
          "initial_eprice_ema_dist": -0.02602922305246247,
          "initial_qty_pct": 0.005000028129312813,
          "markup_range": 0.0038383035564849267,
          "min_markup": 0.0010001913641244098,
          "n_close_orders": 7,
          "rentry_pprice_dist": 0.011668894708554544,
          "rentry_pprice_dist_wallet_exposure_weighting": 3.4231297814092447,
          "wallet_exposure_limit": 2.0},
 "short": {"auto_unstuck_delay_minutes": 415.07266608518614,
           "auto_unstuck_ema_dist": 0.003807275025427322,
           "auto_unstuck_qty_pct": 0.08,
           "auto_unstuck_wallet_exposure_threshold": 0.6708660384650652,
           "backwards_tp": true,
           "ddown_factor": 0.41082096812711044,
           "ema_span_0": 1435.2169318603512,
           "ema_span_1": 85.48187061331144,
           "enabled": true,
           "initial_eprice_ema_dist": -0.09476537844684291,
           "initial_qty_pct": 0.005013680977934236,
           "markup_range": 0.0063333298404663115,
           "min_markup": 0.0017475628371624876,
           "n_close_orders": 7,
           "rentry_pprice_dist": 0.026239947152478377,
           "rentry_pprice_dist_wallet_exposure_weighting": 1.0667153178231625,
           "wallet_exposure_limit": 1.0}}