{"config_name": "recursive_grid_1_symbols_1080days",
 "logging_level": 0,
<<<<<<< HEAD
 "long": {"auto_unstuck_delay_minutes": 606.7963612513547,
          "auto_unstuck_ema_dist": -0.014779785843652369,
          "auto_unstuck_qty_pct": 0.05729753254284126,
          "auto_unstuck_wallet_exposure_threshold": 0.0035970052029668837,
          "backwards_tp": true,
          "ddown_factor": 1.089186661878167,
          "ema_span_0": 1382.340082449473,
          "ema_span_1": 1850.1188390673517,
          "enabled": true,
          "initial_eprice_ema_dist": 0.013287147506986277,
          "initial_qty_pct": 0.005,
          "markup_range": 0.005037647862183128,
          "min_markup": 0.006796711949154333,
          "n_close_orders": 2,
          "rentry_pprice_dist": 0.02652906556495424,
          "rentry_pprice_dist_wallet_exposure_weighting": 1.8323143363768286,
          "wallet_exposure_limit": 2.0},
 "short": {"auto_unstuck_delay_minutes": 361.1485486324781,
           "auto_unstuck_ema_dist": -0.011794317049333662,
           "auto_unstuck_qty_pct": 0.07781119939127046,
           "auto_unstuck_wallet_exposure_threshold": 0.46627555855707536,
           "backwards_tp": true,
           "ddown_factor": 0.42474917764346476,
           "ema_span_0": 1439.9986647608555,
           "ema_span_1": 544.7892247427375,
           "enabled": true,
           "initial_eprice_ema_dist": -0.04881417845545161,
           "initial_qty_pct": 0.006433402332387572,
           "markup_range": 0.006143263120473967,
           "min_markup": 0.0017779982057170333,
           "n_close_orders": 3,
           "rentry_pprice_dist": 0.02315389613830448,
           "rentry_pprice_dist_wallet_exposure_weighting": 0.0759536376657525,
           "wallet_exposure_limit": 1.0}}
=======
 "long": {"auto_unstuck_delay_minutes": 1384.6227270195766,
          "auto_unstuck_ema_dist": -0.03389235082089831,
          "auto_unstuck_qty_pct": 0.03206141124141962,
          "auto_unstuck_wallet_exposure_threshold": 0.0474512982695635,
          "backwards_tp": true,
          "ddown_factor": 0.2644015037412496,
          "ema_span_0": 1305.6152859229462,
          "ema_span_1": 1739.6731610893582,
          "enabled": true,
          "initial_eprice_ema_dist": 0.005357605728101159,
          "initial_qty_pct": 0.019660762007918716,
          "markup_range": 0.004062534917086496,
          "min_markup": 0.006199312844554018,
          "n_close_orders": 3,
          "rentry_pprice_dist": 0.0372335682225305,
          "rentry_pprice_dist_wallet_exposure_weighting": 0.029219240214324566,
          "wallet_exposure_limit": 1},
 "short": {"auto_unstuck_delay_minutes": 1170.1965489197237,
           "auto_unstuck_ema_dist": -0.08520769391346958,
           "auto_unstuck_qty_pct": 0.06947443397905771,
           "auto_unstuck_wallet_exposure_threshold": 0.46040699315354155,
           "backwards_tp": true,
           "ddown_factor": 2.7881545643256596,
           "ema_span_0": 1204.994754511164,
           "ema_span_1": 188.20302395436374,
           "enabled": false,
           "initial_eprice_ema_dist": -0.09620519442080491,
           "initial_qty_pct": 0.0713727441226568,
           "markup_range": 0.04640017157968602,
           "min_markup": 0.009666065416013583,
           "n_close_orders": 5,
           "rentry_pprice_dist": 0.03731466910766959,
           "rentry_pprice_dist_wallet_exposure_weighting": 19.11699899006412,
           "wallet_exposure_limit": 0.17270858088731422}}
>>>>>>> 82f271c3bdfe701b940e3f9c180f099f9c71f6cd
