{"config_name": "recursive_grid_1_symbols_1080days",
 "logging_level": 0,
 "long": {"auto_unstuck_delay_minutes": 386.44087868249517,
          "auto_unstuck_ema_dist": 0.002985540223776971,
          "auto_unstuck_qty_pct": 0.013251933672721752,
          "auto_unstuck_wallet_exposure_threshold": 0.24884639011676998,
          "backwards_tp": true,
          "ddown_factor": 0.2735808066151355,
          "ema_span_0": 1220.8938869110473,
          "ema_span_1": 2419.787216222028,
          "enabled": true,
          "initial_eprice_ema_dist": -0.011574197159906095,
          "initial_qty_pct": 0.01075318679878659,
          "markup_range": 0.0021069930743637,
          "min_markup": 0.003753934374771927,
          "n_close_orders": 3,
          "rentry_pprice_dist": 0.027788434717451672,
          "rentry_pprice_dist_wallet_exposure_weighting": 1.0205603283616485,
          "wallet_exposure_limit": 2.0},
 "short": {"auto_unstuck_delay_minutes": 0.2976438153418838,
           "auto_unstuck_ema_dist": -0.0926507798719985,
           "auto_unstuck_qty_pct": 0.07982245586405477,
           "auto_unstuck_wallet_exposure_threshold": 0.12108580878896517,
           "backwards_tp": true,
           "ddown_factor": 0.6208769558039999,
           "ema_span_0": 543.3314324834766,
           "ema_span_1": 525.2408895169507,
           "enabled": true,
           "initial_eprice_ema_dist": -0.016070474578233695,
           "initial_qty_pct": 0.005729908399291342,
           "markup_range": 0.0007406213901233293,
           "min_markup": 0.0018590540177809405,
           "n_close_orders": 4,
           "rentry_pprice_dist": 0.01000395912120904,
           "rentry_pprice_dist_wallet_exposure_weighting": 39.52328911965735,
           "wallet_exposure_limit": 1.0}}