{"config_name": "recursive_grid_1_symbols_1080days",
 "logging_level": 0,
 "long": {"auto_unstuck_delay_minutes": 384.45622041896297,
          "auto_unstuck_ema_dist": 0.0031219874049778695,
          "auto_unstuck_qty_pct": 0.03455560001418828,
          "auto_unstuck_wallet_exposure_threshold": 0.48675296555217856,
          "backwards_tp": true,
          "ddown_factor": 0.1132435344651571,
          "ema_span_0": 1289.1749982275464,
          "ema_span_1": 2305.0681824833177,
          "enabled": true,
          "initial_eprice_ema_dist": -0.007019231114093912,
          "initial_qty_pct": 0.011797769417613796,
          "markup_range": 0.006839654283548785,
          "min_markup": 0.003075062734187608,
          "n_close_orders": 5,
          "rentry_pprice_dist": 0.02679968754478974,
          "rentry_pprice_dist_wallet_exposure_weighting": 0.9177479532204476,
          "wallet_exposure_limit": 2.0},
 "short": {"auto_unstuck_delay_minutes": 17.1674394424567,
           "auto_unstuck_ema_dist": -0.09686824360804937,
           "auto_unstuck_qty_pct": 0.07687806200207144,
           "auto_unstuck_wallet_exposure_threshold": 0.052194508926074655,
           "backwards_tp": true,
           "ddown_factor": 0.5034796056033702,
           "ema_span_0": 352.3625560330541,
           "ema_span_1": 798.0212054282896,
           "enabled": true,
           "initial_eprice_ema_dist": -0.09030326709263115,
           "initial_qty_pct": 0.005,
           "markup_range": 0.0,
           "min_markup": 0.0075479975561614215,
           "n_close_orders": 12,
           "rentry_pprice_dist": 0.023818051570825713,
           "rentry_pprice_dist_wallet_exposure_weighting": 5.343627561021615,
           "wallet_exposure_limit": 1.0}}