{"config_name": "recursive_grid_1_symbols_1080days",
 "logging_level": 0,
 "long": {"auto_unstuck_delay_minutes": 177.1604778609379,
          "auto_unstuck_ema_dist": -0.059492280931037714,
          "auto_unstuck_qty_pct": 0.002645410185829607,
          "auto_unstuck_wallet_exposure_threshold": 0.036571820381326565,
          "backwards_tp": true,
          "ddown_factor": 1.6761447860667384,
          "ema_span_0": 379.2351440885737,
          "ema_span_1": 387.9359439759521,
          "enabled": true,
          "initial_eprice_ema_dist": 0.008514713247960593,
          "initial_qty_pct": 0.005898429267980932,
          "markup_range": 0.0,
          "min_markup": 0.0017923291824055423,
          "n_close_orders": 3,
          "rentry_pprice_dist": 0.05452923941783153,
          "rentry_pprice_dist_wallet_exposure_weighting": 1.4239986617898284,
          "wallet_exposure_limit": 2.0},
 "short": {"auto_unstuck_delay_minutes": 504.4291888230416,
           "auto_unstuck_ema_dist": -0.057103535638554075,
           "auto_unstuck_qty_pct": 0.028066430263603503,
           "auto_unstuck_wallet_exposure_threshold": 0.52765201662352,
           "backwards_tp": true,
           "ddown_factor": 2.8472694068162587,
           "ema_span_0": 339.84084802230143,
           "ema_span_1": 1354.2568533363637,
           "enabled": true,
           "initial_eprice_ema_dist": 0.00786114756836754,
           "initial_qty_pct": 0.01591627838243974,
           "markup_range": 0.0019402028953551618,
           "min_markup": 0.005970579425597954,
           "n_close_orders": 14,
           "rentry_pprice_dist": 0.04411547074811385,
           "rentry_pprice_dist_wallet_exposure_weighting": 21.17409311881477,
           "wallet_exposure_limit": 1.0}}