{
    "config_name": "recursive_grid_0days",
    "logging_level": 0,
    "long": {
        "auto_unstuck_delay_minutes": 0,
        "auto_unstuck_ema_dist": 0,
        "auto_unstuck_qty_pct": 0,
        "auto_unstuck_wallet_exposure_threshold": 0.0,
        "backwards_tp": true,
        "ddown_factor": 0.136980516315344,
        "ema_span_0": 990.5411928116741,
        "ema_span_1": 1107.7590226770542,
        "enabled": true,
        "initial_eprice_ema_dist": -0.00673973466369681,
        "initial_qty_pct": 0.006748739638866885,
        "markup_range": 0.001916299903031851,
        "min_markup": 0.005651226545313381,
        "n_close_orders": 14,
        "rentry_pprice_dist": 0.019491943571174564,
        "rentry_pprice_dist_wallet_exposure_weighting": 2.2047101396037654,
        "wallet_exposure_limit": 1
    },
    "short": {
        "auto_unstuck_delay_minutes": 0,
        "auto_unstuck_ema_dist": 0,
        "auto_unstuck_qty_pct": 0,
        "auto_unstuck_wallet_exposure_threshold": 0.0,
        "backwards_tp": true,
        "ddown_factor": 1.3610810877333834,
        "ema_span_0": 1387.859631016273,
        "ema_span_1": 830.0336606892711,
        "enabled": true,
        "initial_eprice_ema_dist": -4.7693696982364265e-05,
        "initial_qty_pct": 0.01409087864308198,
        "markup_range": 0.008065203688859808,
        "min_markup": 0.003815556092409007,
        "n_close_orders": 4,
        "rentry_pprice_dist": 0.02435442439173191,
        "rentry_pprice_dist_wallet_exposure_weighting": 5.853916217735233,
        "wallet_exposure_limit": 1
    }
}