{
    "config_name": "recursive_grid_0days",
    "logging_level": 0,
    "long": {
        "auto_unstuck_ema_dist": 0,
        "auto_unstuck_wallet_exposure_threshold": 0.0,
        "backwards_tp": true,
        "ddown_factor": 1.3170654861265616,
        "ema_span_0": 51.32508850575413,
        "ema_span_1": 85.73478088311553,
        "enabled": true,
        "initial_eprice_ema_dist": -0.1,
        "initial_qty_pct": 0.020362532869802986,
        "markup_range": 0.006148573380195009,
        "min_markup": 0.002668121496394675,
        "n_close_orders": 2,
        "rentry_pprice_dist": 0.03634820094436128,
        "rentry_pprice_dist_wallet_exposure_weighting": 2.0354975497963763,
        "wallet_exposure_limit": 0.3
    },
    "short": {
        "auto_unstuck_delay_minutes": 0,
        "auto_unstuck_ema_dist": 0,
        "auto_unstuck_qty_pct": 0,
        "auto_unstuck_wallet_exposure_threshold": 0.0,
        "backwards_tp": true,
        "ddown_factor": 2.2786973858222805,
        "ema_span_0": 1000.4465971902919,
        "ema_span_1": 719.1892457727339,
        "enabled": true,
        "initial_eprice_ema_dist": -0.0038440126795189146,
        "initial_qty_pct": 0.009013348131738912,
        "markup_range": 0.004037628610652699,
        "min_markup": 0.00936671082180018,
        "n_close_orders": 6,
        "rentry_pprice_dist": 0.03484864995313628,
        "rentry_pprice_dist_wallet_exposure_weighting": 3.0433055323287936,
        "wallet_exposure_limit": 1
    }
}