{
    "config_name": "recursive_grid_0days",
    "logging_level": 0,
    "long": {
        "auto_unstuck_delay_minutes": 0,
        "auto_unstuck_ema_dist": 0,
        "auto_unstuck_qty_pct": 0,
        "auto_unstuck_wallet_exposure_threshold": 0.0,
        "backwards_tp": true,
        "ddown_factor": 2.7744167571017946,
        "ema_span_0": 629.7331143469389,
        "ema_span_1": 829.6540223214417,
        "enabled": true,
        "initial_eprice_ema_dist": -0.002106605095191355,
        "initial_qty_pct": 0.006316145502872654,
        "markup_range": 0.002660809801426568,
        "min_markup": 0.005606694784076129,
        "n_close_orders": 10,
        "rentry_pprice_dist": 0.032454468623924926,
        "rentry_pprice_dist_wallet_exposure_weighting": 0.3624276992424163,
        "wallet_exposure_limit": 1
    },
    "short": {
        "auto_unstuck_delay_minutes": 0,
        "auto_unstuck_ema_dist": 0,
        "auto_unstuck_qty_pct": 0,
        "auto_unstuck_wallet_exposure_threshold": 0.0,
        "backwards_tp": true,
        "ddown_factor": 1.9121421344624778,
        "ema_span_0": 721.1251219702132,
        "ema_span_1": 1150.8345584701594,
        "enabled": true,
        "initial_eprice_ema_dist": 0.0022686918843395245,
        "initial_qty_pct": 0.006515385336641121,
        "markup_range": 0.0,
        "min_markup": 0.0016276182682950862,
        "n_close_orders": 11,
        "rentry_pprice_dist": 0.048670649528362246,
        "rentry_pprice_dist_wallet_exposure_weighting": 5.405434920929156,
        "wallet_exposure_limit": 1
    }
}