{"analysis": {"adg": 0.00291941287037399,
              "drawdown_worst": 0.4952691272937353,
              "equity_balance_diff_max": 0.6613186495081992,
              "equity_balance_diff_mean": 0.004446387545230539,
              "loss_profit_ratio": 0.24199603178744133,
              "mdg": 0.0016885336905387914,
              "n_iters": 10811,
              "sharpe_ratio": 0.2716724140740629,
              "w_0": -0.00291941287037399,
              "w_1": -0.2716724140740629},
 "backtest": {"base_dir": "backtests",
              "end_date": "now",
              "exchange": "binance",
              "start_date": "2021-05-01",
              "starting_balance": 100000,
              "symbols": ["DOGEUSDT",
                          "DYDXUSDT",
                          "HBARUSDT",
                          "INJUSDT",
                          "NEARUSDT",
                          "XRPUSDT"]},
 "bot": {"long": {"close_grid_markup_range": 0.008853083833138296,
                  "close_grid_min_markup": 0.001347004833938968,
                  "close_grid_qty_pct": 0.8059731822524335,
                  "close_trailing_grid_ratio": -0.14703157273137643,
                  "close_trailing_qty_pct": 0.9721421647694924,
                  "close_trailing_retracement_pct": 0.008578264751385853,
                  "close_trailing_threshold_pct": 0.015084943720689838,
                  "ema_span_0": 267.73360418471265,
                  "ema_span_1": 501.7735843122916,
                  "entry_grid_double_down_factor": 1.9049562183511966,
                  "entry_grid_spacing_pct": 0.05379497679851314,
                  "entry_grid_spacing_weight": 0.22648118909594273,
                  "entry_initial_ema_dist": -0.041665182520427876,
                  "entry_initial_qty_pct": 0.017181415526028358,
                  "entry_trailing_grid_ratio": -0.11802671407731916,
                  "entry_trailing_retracement_pct": 0.03196624248806978,
                  "entry_trailing_threshold_pct": 0.047854664673003755,
                  "n_positions": 3.060423817777627,
                  "total_wallet_exposure_limit": 1.7991281770384893,
                  "unstuck_close_pct": 0.030131861718319435,
                  "unstuck_ema_dist": -0.06190074519581913,
                  "unstuck_loss_allowance_pct": 0.020535626600768537,
                  "unstuck_threshold": 0.5342829030970644},
         "short": {"close_grid_markup_range": 0.011653410202616827,
                   "close_grid_min_markup": 0.019563368119517834,
                   "close_grid_qty_pct": 0.7668313507405966,
                   "close_trailing_grid_ratio": -0.15720741098476526,
                   "close_trailing_qty_pct": 0.936342671506174,
                   "close_trailing_retracement_pct": 0.015174532362321861,
                   "close_trailing_threshold_pct": 0.01720016381217697,
                   "ema_span_0": 696.9119916001721,
                   "ema_span_1": 1379.4617702226137,
                   "entry_grid_double_down_factor": 0.8932537334809719,
                   "entry_grid_spacing_pct": 0.02058537095272587,
                   "entry_grid_spacing_weight": 1.3686069873732207,
                   "entry_initial_ema_dist": -0.053044751312558716,
                   "entry_initial_qty_pct": 0.04801864352973348,
                   "entry_trailing_grid_ratio": -0.34305339812859215,
                   "entry_trailing_retracement_pct": 0.08261925364753953,
                   "entry_trailing_threshold_pct": -0.0960869375870085,
                   "n_positions": 0,
                   "total_wallet_exposure_limit": 0.6896770982586802,
                   "unstuck_close_pct": 0.09050828636753894,
                   "unstuck_ema_dist": -0.05289633048283531,
                   "unstuck_loss_allowance_pct": 0.027207599483389647,
                   "unstuck_threshold": 0.6456864997924086}},
 "live": {"approved_coins": ["DOGEUSDT",
                             "DYDXUSDT",
                             "HBARUSDT",
                             "INJUSDT",
                             "NEARUSDT",
                             "XRPUSDT"],
          "auto_gs": true,
          "coin_flags": {},
          "execution_delay_seconds": 2,
          "filter_by_min_effective_cost": true,
          "forced_mode_long": "",
          "forced_mode_short": "",
          "ignored_coins": ["COIN1", "COIN2"],
          "leverage": 10,
          "max_n_cancellations_per_batch": 5,
          "max_n_creations_per_batch": 3,
          "minimum_coin_age_days": 7.0,
          "noisiness_rolling_mean_window_size": 60,
          "pnls_max_lookback_days": 30,
          "price_distance_threshold": 0.002,
          "relative_volume_filter_clip_pct": 0.1,
          "time_in_force": "good_till_cancelled",
          "user": "hyperliquid_v7"},
 "optimize": {"bounds": {"long_close_grid_markup_range": [0, 0.03],
                         "long_close_grid_min_markup": [0.001, 0.03],
                         "long_close_grid_qty_pct": [0.05, 1],
                         "long_close_trailing_grid_ratio": [-1, 1],
                         "long_close_trailing_qty_pct": [0.05, 1.0],
                         "long_close_trailing_retracement_pct": [0, 0.1],
                         "long_close_trailing_threshold_pct": [-0.1, 0.1],
                         "long_ema_span_0": [200, 1440],
                         "long_ema_span_1": [200, 1440],
                         "long_entry_grid_double_down_factor": [0.1, 3],
                         "long_entry_grid_spacing_pct": [0.005, 0.12],
                         "long_entry_grid_spacing_weight": [0, 2],
                         "long_entry_initial_ema_dist": [-0.1, 0.002],
                         "long_entry_initial_qty_pct": [0.005, 0.1],
                         "long_entry_trailing_grid_ratio": [-1, 1],
                         "long_entry_trailing_retracement_pct": [0, 0.1],
                         "long_entry_trailing_threshold_pct": [-0.1, 0.1],
                         "long_n_positions": [1, 20],
                         "long_total_wallet_exposure_limit": [0, 2],
                         "long_unstuck_close_pct": [0.001, 0.1],
                         "long_unstuck_ema_dist": [-0.1, 0.01],
                         "long_unstuck_loss_allowance_pct": [0.001, 0.05],
                         "long_unstuck_threshold": [0.4, 0.95],
                         "short_close_grid_markup_range": [0, 0.03],
                         "short_close_grid_min_markup": [0.001, 0.03],
                         "short_close_grid_qty_pct": [0.05, 1],
                         "short_close_trailing_grid_ratio": [-1, 1],
                         "short_close_trailing_qty_pct": [0.05, 1.0],
                         "short_close_trailing_retracement_pct": [0, 0.1],
                         "short_close_trailing_threshold_pct": [-0.1, 0.1],
                         "short_ema_span_0": [200, 1440],
                         "short_ema_span_1": [200, 1440],
                         "short_entry_grid_double_down_factor": [0.1, 3],
                         "short_entry_grid_spacing_pct": [0.005, 0.12],
                         "short_entry_grid_spacing_weight": [0, 2],
                         "short_entry_initial_ema_dist": [-0.1, 0.002],
                         "short_entry_initial_qty_pct": [0.005, 0.1],
                         "short_entry_trailing_grid_ratio": [-1, 1],
                         "short_entry_trailing_retracement_pct": [0, 0.1],
                         "short_entry_trailing_threshold_pct": [-0.1, 0.1],
                         "short_n_positions": [0, 0],
                         "short_total_wallet_exposure_limit": [0, 2],
                         "short_unstuck_close_pct": [0.001, 0.1],
                         "short_unstuck_ema_dist": [-0.1, 0.01],
                         "short_unstuck_loss_allowance_pct": [0.001, 0.05],
                         "short_unstuck_threshold": [0.4, 0.95]},