{
    "analysis": {
        "adg": 0.0009480685276458293,
        "drawdown_worst": 0.18402480990181286,
        "equity_balance_diff_max": 0.1865106572510344,
        "equity_balance_diff_mean": 0.007866882197648703,
        "loss_profit_ratio": 0.4640693746198352,
        "mdg": 0.0004756889116356576,
        "n_iters": 9539,
        "sharpe_ratio": 0.12885129166466766,
        "w_0": -0.0004756889116356576,
        "w_1": -0.12885129166466766
    },
    "backtest": {
        "base_dir": "backtests",
        "end_date": "now",
        "exchange": "binance",
        "start_date": "2021-05-01",
        "starting_balance": 100000,
        "symbols": [
            "AAVEUSDT"
        ]
    },
    "bot": {
        "long": {
            "close_grid_markup_range": 0.05288654461428491,
            "close_grid_min_markup": 0.02035903599740954,
            "close_grid_qty_pct": 0.4036920746950236,
            "close_trailing_grid_ratio": -0.17155995179187739,
            "close_trailing_qty_pct": 0.3821367745397965,
            "close_trailing_retracement_pct": 0.06325896225656949,
            "close_trailing_threshold_pct": -0.03034022689133311,
            "ema_span_0": 303.0128515631386,
            "ema_span_1": 1054.7938263309625,
            "entry_grid_double_down_factor": 1.0888371472493352,
            "entry_grid_spacing_pct": 0.04437353635351647,
            "entry_grid_spacing_weight": 6.057356086713237,
            "entry_initial_ema_dist": -0.029654909622952905,
            "entry_initial_qty_pct": 0.06522400793387008,
            "entry_trailing_grid_ratio": -0.584193453563183,
            "entry_trailing_retracement_pct": 0.02205474628478942,
            "entry_trailing_threshold_pct": -0.09476815733177825,
            "n_positions": 6.426475719987087,
            "total_wallet_exposure_limit": 2.949170546306367,
            "unstuck_close_pct": 0.05430451406379066,
            "unstuck_ema_dist": -0.07552463926465265,
            "unstuck_loss_allowance_pct": 0.02006752486793274,
            "unstuck_threshold": 0.43954631701652835
        },
        "short": {
            "close_grid_markup_range": 0.0025638758942522926,
            "close_grid_min_markup": 0.003203501818370315,
            "close_grid_qty_pct": 0.6442269905749648,
            "close_trailing_grid_ratio": 0.22043702043168084,
            "close_trailing_qty_pct": 0.6047635951061477,
            "close_trailing_retracement_pct": 0.05946298932940486,
            "close_trailing_threshold_pct": 0.0953096896599229,
            "ema_span_0": 819.9485770391225,
            "ema_span_1": 733.7252965495574,
            "entry_grid_double_down_factor": 1.3689964821107032,
            "entry_grid_spacing_pct": 0.04438173738175556,
            "entry_grid_spacing_weight": 3.1496248053747697,
            "entry_initial_ema_dist": -0.03882935324720908,
            "entry_initial_qty_pct": 0.009139837557088686,
            "entry_trailing_grid_ratio": -0.6572692511941962,
            "entry_trailing_retracement_pct": 0.00016282246362689812,
            "entry_trailing_threshold_pct": 0.052470864795518074,
            "n_positions": 0,
            "total_wallet_exposure_limit": 4.841645463831501,
            "unstuck_close_pct": 0.06080491944042579,
            "unstuck_ema_dist": -0.08822463212717861,
            "unstuck_loss_allowance_pct": 0.012486465526328764,
            "unstuck_threshold": 0.714178728144786
        }
    },
    "live": {
        "approved_coins": [
            "AAVEUSDT"
        ],
        "auto_gs": true,
        "coin_flags": {},
        "execution_delay_seconds": 2,
        "filter_by_min_effective_cost": true,
        "forced_mode_long": "",
        "forced_mode_short": "",
        "ignored_coins": [
            "COIN1",
            "COIN2"
        ],
        "leverage": 10,
        "max_n_cancellations_per_batch": 5,
        "max_n_creations_per_batch": 3,
        "minimum_coin_age_days": 30,
        "ohlcv_rolling_window": 60,
        "pnls_max_lookback_days": 30,
        "price_distance_threshold": 0.002,
        "relative_volume_filter_clip_pct": 0.5,
        "time_in_force": "good_till_cancelled",
        "user": "hyperliquid_v7"
    },
    "optimize": {
        "bounds": {
            "long_close_grid_markup_range": [
                0,
                0.06
            ],
            "long_close_grid_min_markup": [
                0.001,
                0.06
            ],
            "long_close_grid_qty_pct": [
                0.05,
                1
            ],
            "long_close_trailing_grid_ratio": [
                -1,
                1
            ],
            "long_close_trailing_qty_pct": [
                0.05,
                1
            ],
            "long_close_trailing_retracement_pct": [
                0,
                0.3
            ],
            "long_close_trailing_threshold_pct": [
                -0.1,
                0.1
            ],
            "long_ema_span_0": [
                200,
                1440
            ],
            "long_ema_span_1": [
                200,
                1440
            ],
            "long_entry_grid_double_down_factor": [
                0.1,
                3
            ],
            "long_entry_grid_spacing_pct": [
                0.001,
                0.12
            ],
            "long_entry_grid_spacing_weight": [
                0,
                10
            ],
            "long_entry_initial_ema_dist": [
                -0.1,
                0.003
            ],
            "long_entry_initial_qty_pct": [
                0.005,
                0.1
            ],
            "long_entry_trailing_grid_ratio": [
                -1,
                1
            ],
            "long_entry_trailing_retracement_pct": [
                0,
                0.1
            ],
            "long_entry_trailing_threshold_pct": [
                -0.1,
                0.1
            ],
            "long_n_positions": [
                1,
                20
            ],
            "long_total_wallet_exposure_limit": [
                2,
                4
            ],
            "long_unstuck_close_pct": [
                0.001,
                0.1
            ],
            "long_unstuck_ema_dist": [
                -0.1,
                0.01
            ],
            "long_unstuck_loss_allowance_pct": [
                0,
                0.05
            ],
            "long_unstuck_threshold": [
                0.4,
                0.95
            ],
            "short_close_grid_markup_range": [
                0,
                0.03
            ],
            "short_close_grid_min_markup": [
                0.001,
                0.03
            ],
            "short_close_grid_qty_pct": [
                0.05,
                1
            ],
            "short_close_trailing_grid_ratio": [
                -1,
                1
            ],
            "short_close_trailing_qty_pct": [
                0.05,
                1
            ],
            "short_close_trailing_retracement_pct": [
                0,
                0.1
            ],
            "short_close_trailing_threshold_pct": [
                -0.1,
                0.1
            ],
            "short_ema_span_0": [
                200,
                1440
            ],
            "short_ema_span_1": [
                200,
                1440
            ],
            "short_entry_grid_double_down_factor": [
                0.1,
                3
            ],
            "short_entry_grid_spacing_pct": [
                0.001,
                0.12
            ],
            "short_entry_grid_spacing_weight": [
                0,
                10
            ],
            "short_entry_initial_ema_dist": [
                -0.1,
                0.003
            ],
            "short_entry_initial_qty_pct": [
                0.005,
                0.1
            ],