{"analysis": {"adg": 0.0009480685276458293,
              "drawdown_worst": 0.18402480990181286,
              "equity_balance_diff_max": 0.1865106572510344,
              "equity_balance_diff_mean": 0.007866882197648703,
              "loss_profit_ratio": 0.4640693746198352,
              "mdg": 0.0004756889116356576,
              "n_iters": 9539,
              "sharpe_ratio": 0.12885129166466766,
              "w_0": -0.0004756889116356576,
              "w_1": -0.12885129166466766},
 "backtest": {"base_dir": "backtests",
              "end_date": "now",
              "exchange": "binance",
              "start_date": "2021-05-01",
              "starting_balance": 100000,
              "symbols": ["AAVEUSDT"]},
 "bot": {"long": {"close_grid_markup_range": 0.03053636746526503,
                  "close_grid_min_markup": 0.0028102058545869946,
                  "close_grid_qty_pct": 0.11801348703484126,
                  "close_trailing_grid_ratio": -0.403366571168863,
                  "close_trailing_qty_pct": 0.9328216214390321,
                  "close_trailing_retracement_pct": 0.035648476770078125,
                  "close_trailing_threshold_pct": 0.019035433757047693,
                  "ema_span_0": 412.4960702610143,
                  "ema_span_1": 1194.761679412733,
                  "entry_grid_double_down_factor": 0.792961737293821,
                  "entry_grid_spacing_pct": 0.11846369015505227,
                  "entry_grid_spacing_weight": 5.122557184399437,
                  "entry_initial_ema_dist": -0.04127848344892132,
                  "entry_initial_qty_pct": 0.009291630162512027,
                  "entry_trailing_grid_ratio": -0.3593938360095348,
                  "entry_trailing_retracement_pct": 0.09271714965074088,
                  "entry_trailing_threshold_pct": -0.05973678386148103,
                  "filter_relative_volume_clip_pct": 0.7978974172813296,
                  "filter_rolling_window": 202.4521540686208,
                  "n_positions": 1.0,
                  "total_wallet_exposure_limit": 2.5,
                  "unstuck_close_pct": 0.07668651374792505,
                  "unstuck_ema_dist": -0.07627365917230722,
                  "unstuck_loss_allowance_pct": 0.032613658094653525,
                  "unstuck_threshold": 0.6754129449358858},
         "short": {"close_grid_markup_range": 0.01754541059118613,
                   "close_grid_min_markup": 0.0227353860858923,
                   "close_grid_qty_pct": 0.6651983372792507,
                   "close_trailing_grid_ratio": -0.9299857438753253,
                   "close_trailing_qty_pct": 0.12192507367381569,
                   "close_trailing_retracement_pct": 0.07480341802394802,
                   "close_trailing_threshold_pct": -0.039211629289493496,
                   "ema_span_0": 912.6387149430675,
                   "ema_span_1": 774.8198483402091,
                   "entry_grid_double_down_factor": 0.45348472318558014,
                   "entry_grid_spacing_pct": 0.07161456115155451,
                   "entry_grid_spacing_weight": 6.707314876068791,
                   "entry_initial_ema_dist": -0.057742016757877324,
                   "entry_initial_qty_pct": 0.02744397665227631,
                   "entry_trailing_grid_ratio": -0.32113089848312987,
                   "entry_trailing_retracement_pct": 0.06630666840036423,
                   "entry_trailing_threshold_pct": 0.08712328507908355,
                   "filter_relative_volume_clip_pct": 0.4115369959109642,
                   "filter_rolling_window": 447.3098812219621,
                   "n_positions": 1.0,
                   "total_wallet_exposure_limit": 1.0,
                   "unstuck_close_pct": 0.08088687813647948,
                   "unstuck_ema_dist": -0.09046662071175338,
                   "unstuck_loss_allowance_pct": 0.021006937674097434,
                   "unstuck_threshold": 0.4990221375692763}},
 "live": {"approved_coins": ["AAVEUSDT"],
          "auto_gs": true,
          "coin_flags": {},
          "execution_delay_seconds": 2,
          "filter_by_min_effective_cost": true,
          "forced_mode_long": "",
          "forced_mode_short": "",
          "ignored_coins": [],
          "leverage": 10,
          "max_n_cancellations_per_batch": 5,
          "max_n_creations_per_batch": 3,
          "minimum_coin_age_days": 30,
          "ohlcv_rolling_window": 60,
          "pnls_max_lookback_days": 30,
          "price_distance_threshold": 0.002,
          "relative_volume_filter_clip_pct": 0.5,
          "time_in_force": "good_till_cancelled",
          "user": "hyperliquid_v7"},
 "optimize": {"bounds": {"long_close_grid_markup_range": [0, 0.06],
                         "long_close_grid_min_markup": [0.001, 0.06],
                         "long_close_grid_qty_pct": [0.05, 1],
                         "long_close_trailing_grid_ratio": [-1, 1],
                         "long_close_trailing_qty_pct": [0.05, 1],
                         "long_close_trailing_retracement_pct": [0, 0.3],
                         "long_close_trailing_threshold_pct": [-0.1, 0.1],
                         "long_ema_span_0": [200, 1440],
                         "long_ema_span_1": [200, 1440],
                         "long_entry_grid_double_down_factor": [0.1, 3],
                         "long_entry_grid_spacing_pct": [0.001, 0.12],
                         "long_entry_grid_spacing_weight": [0, 10],
                         "long_entry_initial_ema_dist": [-0.1, 0.003],
                         "long_entry_initial_qty_pct": [0.005, 0.1],
                         "long_entry_trailing_grid_ratio": [-1, 1],
                         "long_entry_trailing_retracement_pct": [0, 0.1],
                         "long_entry_trailing_threshold_pct": [-0.1, 0.1],
                         "long_filter_relative_volume_clip_pct": [0.0, 1.0],
                         "long_filter_rolling_window": [10.0, 1440.0],
                         "long_n_positions": [1.0, 1.0],
                         "long_total_wallet_exposure_limit": [2.5, 2.5],
                         "long_unstuck_close_pct": [0.001, 0.1],
                         "long_unstuck_ema_dist": [-0.1, 0.01],
                         "long_unstuck_loss_allowance_pct": [0, 0.05],
                         "long_unstuck_threshold": [0.4, 0.95],
                         "short_close_grid_markup_range": [0, 0.03],
                         "short_close_grid_min_markup": [0.001, 0.03],
                         "short_close_grid_qty_pct": [0.05, 1],
                         "short_close_trailing_grid_ratio": [-1, 1],
                         "short_close_trailing_qty_pct": [0.05, 1],
                         "short_close_trailing_retracement_pct": [0, 0.1],
                         "short_close_trailing_threshold_pct": [-0.1, 0.1],
                         "short_ema_span_0": [200, 1440],
                         "short_ema_span_1": [200, 1440],
                         "short_entry_grid_double_down_factor": [0.1, 3],
                         "short_entry_grid_spacing_pct": [0.001, 0.12],
                         "short_entry_grid_spacing_weight": [0, 10],
                         "short_entry_initial_ema_dist": [-0.1, 0.003],
                         "short_entry_initial_qty_pct": [0.005, 0.1],
                         "short_entry_trailing_grid_ratio": [-1, 1],
                         "short_entry_trailing_retracement_pct": [0, 0.1],
                         "short_entry_trailing_threshold_pct": [-0.1, 0.1],
                         "short_filter_relative_volume_clip_pct": [0.0, 1.0],
                         "short_filter_rolling_window": [10.0, 1440.0],
                         "short_n_positions": [1.0, 1.0],
                         "short_total_wallet_exposure_limit": [1.0, 1.0],
                         "short_unstuck_close_pct": [0.001, 0.1],
                         "short_unstuck_ema_dist": [-0.1, 0.01],