{"analysis": {"adg": 0.0047215534768403665,
              "drawdown_worst": 0.1631475667686314,
              "equity_balance_diff_max": 0.15852244611959002,
              "equity_balance_diff_mean": 0.006166425110367388,
              "loss_profit_ratio": 0.18609014931019754,
              "mdg": 0.004201271538743768,
              "n_iters": 9542,
              "sharpe_ratio": 0.39820083028972664,
              "w_0": -0.004201271538743768,
              "w_1": -0.39820083028972664},
 "backtest": {"base_dir": "backtests",
              "end_date": "now",
              "exchange": "binance",
              "start_date": "2021-05-01",
              "starting_balance": 100000,
              "symbols": ["ACEUSDT"]},
 "bot": {"long": {"close_grid_markup_range": 0.01756978601631087,
                  "close_grid_min_markup": 0.036693846876763116,
                  "close_grid_qty_pct": 0.6765948029856419,
                  "close_trailing_grid_ratio": 0.23867004039610212,
                  "close_trailing_qty_pct": 0.51684729128276,
                  "close_trailing_retracement_pct": 0.06546651420405532,
                  "close_trailing_threshold_pct": -0.0019466374112960538,
                  "ema_span_0": 940.4789678366834,
                  "ema_span_1": 1218.537515260096,
                  "entry_grid_double_down_factor": 0.7459114201028723,
                  "entry_grid_spacing_pct": 0.0636190888680544,
                  "entry_grid_spacing_weight": 0.27911516246569334,
                  "entry_initial_ema_dist": -0.05718120468942031,
                  "entry_initial_qty_pct": 0.015491816818693108,
                  "entry_trailing_grid_ratio": 0.9657277459203057,
                  "entry_trailing_retracement_pct": 0.006174181773339067,
                  "entry_trailing_threshold_pct": 0.0680220847409776,
                  "filter_relative_volume_clip_pct": 0.18095618397384872,
                  "filter_rolling_window": 498.7112111965099,
                  "n_positions": 1,
                  "total_wallet_exposure_limit": 2.5,
                  "unstuck_close_pct": 0.04360891447482127,
                  "unstuck_ema_dist": -0.037991617010237386,
                  "unstuck_loss_allowance_pct": 0.013365122361598052,
                  "unstuck_threshold": 0.5948440379294601},
         "short": {"close_grid_markup_range": 0.02303780499310864,
                   "close_grid_min_markup": 0.021710117303131056,
                   "close_grid_qty_pct": 0.9079878951044178,
                   "close_trailing_grid_ratio": 0.04260131083742741,
                   "close_trailing_qty_pct": 0.8913968315496021,
                   "close_trailing_retracement_pct": 0.032562895247361716,
                   "close_trailing_threshold_pct": 0.018479981784350057,
                   "ema_span_0": 1038.8451479760622,
                   "ema_span_1": 1412.5668243663354,
                   "entry_grid_double_down_factor": 1.937306860776808,
                   "entry_grid_spacing_pct": 0.016988194475215615,
                   "entry_grid_spacing_weight": 1.8537483992472408,
                   "entry_initial_ema_dist": -0.07516006255114312,
                   "entry_initial_qty_pct": 0.02340615899781343,
                   "entry_trailing_grid_ratio": -0.5666117420700165,
                   "entry_trailing_retracement_pct": 0.027886233806115386,
                   "entry_trailing_threshold_pct": 0.046342092609881855,
                   "filter_relative_volume_clip_pct": 0.1260513787448618,
                   "filter_rolling_window": 675.8115805418462,
                   "n_positions": 1,
                   "total_wallet_exposure_limit": 1,
                   "unstuck_close_pct": 0.09836708285178224,
                   "unstuck_ema_dist": 0.0027581916733096547,
                   "unstuck_loss_allowance_pct": 0.049286450087903846,
                   "unstuck_threshold": 0.7617318247247313}},
 "live": {"approved_coins": ["ACEUSDT"],
          "auto_gs": true,
          "coin_flags": {},
          "execution_delay_seconds": 2,
          "filter_by_min_effective_cost": true,
          "forced_mode_long": "",
          "forced_mode_short": "",
          "ignored_coins": [],
          "leverage": 10,
          "max_n_cancellations_per_batch": 5,
          "max_n_creations_per_batch": 3,
          "minimum_coin_age_days": 30,
          "ohlcv_rolling_window": 60,
          "pnls_max_lookback_days": 30,
          "price_distance_threshold": 0.002,
          "relative_volume_filter_clip_pct": 0.5,
          "time_in_force": "good_till_cancelled",
          "user": "hyperliquid_v7"},
 "optimize": {"bounds": {"long_close_grid_markup_range": [0, 0.06],
                         "long_close_grid_min_markup": [0.001, 0.06],
                         "long_close_grid_qty_pct": [0.05, 1],
                         "long_close_trailing_grid_ratio": [-1, 1],
                         "long_close_trailing_qty_pct": [0.05, 1],
                         "long_close_trailing_retracement_pct": [0, 0.3],
                         "long_close_trailing_threshold_pct": [-0.1, 0.1],
                         "long_ema_span_0": [200, 1440],
                         "long_ema_span_1": [200, 1440],
                         "long_entry_grid_double_down_factor": [0.1, 3],
                         "long_entry_grid_spacing_pct": [0.001, 0.12],
                         "long_entry_grid_spacing_weight": [0, 10],
                         "long_entry_initial_ema_dist": [-0.1, 0.003],
                         "long_entry_initial_qty_pct": [0.005, 0.1],
                         "long_entry_trailing_grid_ratio": [-1, 1],
                         "long_entry_trailing_retracement_pct": [0, 0.1],
                         "long_entry_trailing_threshold_pct": [-0.1, 0.1],
                         "long_filter_relative_volume_clip_pct": [0, 1],
                         "long_filter_rolling_window": [10, 1440],
                         "long_n_positions": [1, 1],
                         "long_total_wallet_exposure_limit": [2.5, 2.5],
                         "long_unstuck_close_pct": [0.001, 0.1],
                         "long_unstuck_ema_dist": [-0.1, 0.01],
                         "long_unstuck_loss_allowance_pct": [0, 0.05],
                         "long_unstuck_threshold": [0.4, 0.95],
                         "short_close_grid_markup_range": [0, 0.03],
                         "short_close_grid_min_markup": [0.001, 0.03],
                         "short_close_grid_qty_pct": [0.05, 1],
                         "short_close_trailing_grid_ratio": [-1, 1],
                         "short_close_trailing_qty_pct": [0.05, 1],
                         "short_close_trailing_retracement_pct": [0, 0.1],
                         "short_close_trailing_threshold_pct": [-0.1, 0.1],
                         "short_ema_span_0": [200, 1440],
                         "short_ema_span_1": [200, 1440],
                         "short_entry_grid_double_down_factor": [0.1, 3],
                         "short_entry_grid_spacing_pct": [0.001, 0.12],
                         "short_entry_grid_spacing_weight": [0, 10],
                         "short_entry_initial_ema_dist": [-0.1, 0.003],
                         "short_entry_initial_qty_pct": [0.005, 0.1],
                         "short_entry_trailing_grid_ratio": [-1, 1],
                         "short_entry_trailing_retracement_pct": [0, 0.1],
                         "short_entry_trailing_threshold_pct": [-0.1, 0.1],
                         "short_filter_relative_volume_clip_pct": [0, 1],
                         "short_filter_rolling_window": [10, 1440],
                         "short_n_positions": [1, 1],
                         "short_total_wallet_exposure_limit": [1, 1],
                         "short_unstuck_close_pct": [0.001, 0.1],
                         "short_unstuck_ema_dist": [-0.1, 0.01],
                         "short_unstuck_loss_allowance_pct": [0, 0.05],