{"analysis": {"adg": 0.0047215534768403665,
              "drawdown_worst": 0.1631475667686314,
              "equity_balance_diff_max": 0.15852244611959002,
              "equity_balance_diff_mean": 0.006166425110367388,
              "loss_profit_ratio": 0.18609014931019754,
              "mdg": 0.004201271538743768,
              "n_iters": 9542,
              "sharpe_ratio": 0.39820083028972664,
              "w_0": -0.004201271538743768,
              "w_1": -0.39820083028972664},
 "backtest": {"base_dir": "backtests",
              "end_date": "now",
              "exchange": "binance",
              "start_date": "2021-05-01",
              "starting_balance": 100000,
              "symbols": ["ACEUSDT"]},
 "bot": {"long": {"close_grid_markup_range": 0.04473914126344404,
                  "close_grid_min_markup": 0.015075488293891043,
                  "close_grid_qty_pct": 0.9626103725230606,
                  "close_trailing_grid_ratio": 0.718617158549895,
                  "close_trailing_qty_pct": 0.6529471077215965,
                  "close_trailing_retracement_pct": 0.11349457004206318,
                  "close_trailing_threshold_pct": -0.01879723742393732,
                  "ema_span_0": 874.9011216909286,
                  "ema_span_1": 1370.938317212183,
                  "entry_grid_double_down_factor": 0.8066996291529799,
                  "entry_grid_spacing_pct": 0.09586220163544172,
                  "entry_grid_spacing_weight": 7.044744881633899,
                  "entry_initial_ema_dist": -0.06790584838333955,
                  "entry_initial_qty_pct": 0.010339718912251236,
                  "entry_trailing_grid_ratio": -0.6477859319898378,
                  "entry_trailing_retracement_pct": 0.09309461618742992,
                  "entry_trailing_threshold_pct": 0.014972097876922077,
                  "filter_relative_volume_clip_pct": 0.8128238802546598,
                  "filter_rolling_window": 385.6194911980157,
                  "n_positions": 1.0,
                  "total_wallet_exposure_limit": 2.5,
                  "unstuck_close_pct": 0.08416943977535879,
                  "unstuck_ema_dist": -0.07772063687566137,
                  "unstuck_loss_allowance_pct": 0.04069858560197406,
                  "unstuck_threshold": 0.8261575800089698},
         "short": {"close_grid_markup_range": 0.0040429351821107745,
                   "close_grid_min_markup": 0.018053496890909522,
                   "close_grid_qty_pct": 0.9841721823298815,
                   "close_trailing_grid_ratio": -0.047348446813555184,
                   "close_trailing_qty_pct": 0.9970202378217066,
                   "close_trailing_retracement_pct": 0.014162602751942348,
                   "close_trailing_threshold_pct": 0.0049664815494696556,
                   "ema_span_0": 335.72504229509525,
                   "ema_span_1": 698.7208109865202,
                   "entry_grid_double_down_factor": 2.807394101073558,
                   "entry_grid_spacing_pct": 0.10934095555369315,
                   "entry_grid_spacing_weight": 2.0053778473454313,
                   "entry_initial_ema_dist": -0.07183570400373798,
                   "entry_initial_qty_pct": 0.02523970381606281,
                   "entry_trailing_grid_ratio": 0.8149477269829304,
                   "entry_trailing_retracement_pct": 0.02016019097143977,
                   "entry_trailing_threshold_pct": 0.02561434211501898,
                   "filter_relative_volume_clip_pct": 0.14845786849849524,
                   "filter_rolling_window": 965.3293300904274,
                   "n_positions": 1.0,
                   "total_wallet_exposure_limit": 1.0,
                   "unstuck_close_pct": 0.06423818401876244,
                   "unstuck_ema_dist": -0.015919084411125706,
                   "unstuck_loss_allowance_pct": 0.04996713680239669,
                   "unstuck_threshold": 0.5821420810379669}},
 "live": {"approved_coins": ["ACEUSDT"],
          "auto_gs": true,
          "coin_flags": {},
          "execution_delay_seconds": 2,
          "filter_by_min_effective_cost": true,
          "forced_mode_long": "",
          "forced_mode_short": "",
          "ignored_coins": [],
          "leverage": 10,
          "max_n_cancellations_per_batch": 5,
          "max_n_creations_per_batch": 3,
          "minimum_coin_age_days": 30,
          "ohlcv_rolling_window": 60,
          "pnls_max_lookback_days": 30,
          "price_distance_threshold": 0.002,
          "relative_volume_filter_clip_pct": 0.5,
          "time_in_force": "good_till_cancelled",
          "user": "hyperliquid_v7"},
 "optimize": {"bounds": {"long_close_grid_markup_range": [0, 0.06],
                         "long_close_grid_min_markup": [0.001, 0.06],
                         "long_close_grid_qty_pct": [0.05, 1],
                         "long_close_trailing_grid_ratio": [-1, 1],
                         "long_close_trailing_qty_pct": [0.05, 1],
                         "long_close_trailing_retracement_pct": [0, 0.3],
                         "long_close_trailing_threshold_pct": [-0.1, 0.1],
                         "long_ema_span_0": [200, 1440],
                         "long_ema_span_1": [200, 1440],
                         "long_entry_grid_double_down_factor": [0.1, 3],
                         "long_entry_grid_spacing_pct": [0.001, 0.12],
                         "long_entry_grid_spacing_weight": [0, 10],
                         "long_entry_initial_ema_dist": [-0.1, 0.003],
                         "long_entry_initial_qty_pct": [0.005, 0.1],
                         "long_entry_trailing_grid_ratio": [-1, 1],
                         "long_entry_trailing_retracement_pct": [0, 0.1],
                         "long_entry_trailing_threshold_pct": [-0.1, 0.1],
                         "long_filter_relative_volume_clip_pct": [0.0, 1.0],
                         "long_filter_rolling_window": [10.0, 1440.0],
                         "long_n_positions": [1.0, 1.0],
                         "long_total_wallet_exposure_limit": [2.5, 2.5],
                         "long_unstuck_close_pct": [0.001, 0.1],
                         "long_unstuck_ema_dist": [-0.1, 0.01],
                         "long_unstuck_loss_allowance_pct": [0, 0.05],
                         "long_unstuck_threshold": [0.4, 0.95],
                         "short_close_grid_markup_range": [0, 0.03],
                         "short_close_grid_min_markup": [0.001, 0.03],
                         "short_close_grid_qty_pct": [0.05, 1],
                         "short_close_trailing_grid_ratio": [-1, 1],
                         "short_close_trailing_qty_pct": [0.05, 1],
                         "short_close_trailing_retracement_pct": [0, 0.1],
                         "short_close_trailing_threshold_pct": [-0.1, 0.1],
                         "short_ema_span_0": [200, 1440],
                         "short_ema_span_1": [200, 1440],
                         "short_entry_grid_double_down_factor": [0.1, 3],
                         "short_entry_grid_spacing_pct": [0.001, 0.12],
                         "short_entry_grid_spacing_weight": [0, 10],
                         "short_entry_initial_ema_dist": [-0.1, 0.003],
                         "short_entry_initial_qty_pct": [0.005, 0.1],
                         "short_entry_trailing_grid_ratio": [-1, 1],
                         "short_entry_trailing_retracement_pct": [0, 0.1],
                         "short_entry_trailing_threshold_pct": [-0.1, 0.1],
                         "short_filter_relative_volume_clip_pct": [0.0, 1.0],
                         "short_filter_rolling_window": [10.0, 1440.0],
                         "short_n_positions": [1.0, 1.0],
                         "short_total_wallet_exposure_limit": [1.0, 1.0],
                         "short_unstuck_close_pct": [0.001, 0.1],
                         "short_unstuck_ema_dist": [-0.1, 0.01],