{"analysis": {"adg": 0.0005802789079028719,
              "drawdown_worst": 0.21204573865464083,
              "equity_balance_diff_max": 0.2260673923988686,
              "equity_balance_diff_mean": 0.007711544235287743,
              "loss_profit_ratio": 0.3037180755871831,
              "mdg": 0.00022930842142676505,
              "n_iters": 9468,
              "sharpe_ratio": 0.11995162022486759,
              "w_0": -0.00022930842142676505,
              "w_1": -0.11995162022486759},
 "backtest": {"base_dir": "backtests",
              "end_date": "now",
              "exchange": "binance",
              "start_date": "2021-05-01",
              "starting_balance": 100000,
              "symbols": ["ADAUSDT"]},
 "bot": {"long": {"close_grid_markup_range": 0.017020727863829098,
                  "close_grid_min_markup": 0.009129762643424192,
                  "close_grid_qty_pct": 0.7607000119398672,
                  "close_trailing_grid_ratio": -0.23910470353387062,
                  "close_trailing_qty_pct": 0.31662568562630306,
                  "close_trailing_retracement_pct": 0.11754510948037135,
                  "close_trailing_threshold_pct": 0.01590023397747237,
                  "ema_span_0": 495.89936983724874,
                  "ema_span_1": 1078.173532560136,
                  "entry_grid_double_down_factor": 0.7510453220868973,
                  "entry_grid_spacing_pct": 0.030707503789632846,
                  "entry_grid_spacing_weight": 8.998410162842205,
                  "entry_initial_ema_dist": -0.0768160623408224,
                  "entry_initial_qty_pct": 0.010296498109217378,
                  "entry_trailing_grid_ratio": -0.8400051531501505,
                  "entry_trailing_retracement_pct": 0.04262202005901661,
                  "entry_trailing_threshold_pct": 0.05842068975470896,
                  "filter_relative_volume_clip_pct": 0.09457464543029452,
                  "filter_rolling_window": 1419.4324516968745,
                  "n_positions": 1,
                  "total_wallet_exposure_limit": 2.5,
                  "unstuck_close_pct": 0.02627418340432674,
                  "unstuck_ema_dist": -0.050893148650005715,
                  "unstuck_loss_allowance_pct": 0.00903794939457853,
                  "unstuck_threshold": 0.4700377223705029},
         "short": {"close_grid_markup_range": 0.006139181227485253,
                   "close_grid_min_markup": 0.002300585758120352,
                   "close_grid_qty_pct": 0.3121893951429541,
                   "close_trailing_grid_ratio": 0.9878779413913266,
                   "close_trailing_qty_pct": 0.5745714311845564,
                   "close_trailing_retracement_pct": 0.06007447130437114,
                   "close_trailing_threshold_pct": -0.032021788088669595,
                   "ema_span_0": 682.0108033133165,
                   "ema_span_1": 305.14650717325156,
                   "entry_grid_double_down_factor": 2.522169168496728,
                   "entry_grid_spacing_pct": 0.08082155909795591,
                   "entry_grid_spacing_weight": 0.7369764817488615,
                   "entry_initial_ema_dist": -0.05316613316070784,
                   "entry_initial_qty_pct": 0.06419505576529352,
                   "entry_trailing_grid_ratio": -0.89897949896937,
                   "entry_trailing_retracement_pct": 0.01617342944406639,
                   "entry_trailing_threshold_pct": -0.0206777462361363,
                   "filter_relative_volume_clip_pct": 0.3200604679812333,
                   "filter_rolling_window": 1328.2406101665515,
                   "n_positions": 1,
                   "total_wallet_exposure_limit": 1,
                   "unstuck_close_pct": 0.08057313073772582,
                   "unstuck_ema_dist": -0.054898657328247294,
                   "unstuck_loss_allowance_pct": 0.03497698095720904,
                   "unstuck_threshold": 0.7759162612315076}},
 "live": {"approved_coins": ["ADAUSDT"],
          "auto_gs": true,
          "coin_flags": {},
          "execution_delay_seconds": 2,
          "filter_by_min_effective_cost": true,
          "forced_mode_long": "",
          "forced_mode_short": "",
          "ignored_coins": [],
          "leverage": 10,
          "max_n_cancellations_per_batch": 5,
          "max_n_creations_per_batch": 3,
          "minimum_coin_age_days": 30,
          "ohlcv_rolling_window": 60,
          "pnls_max_lookback_days": 30,
          "price_distance_threshold": 0.002,
          "relative_volume_filter_clip_pct": 0.5,
          "time_in_force": "good_till_cancelled",
          "user": "hyperliquid_v7"},
 "optimize": {"bounds": {"long_close_grid_markup_range": [0, 0.06],
                         "long_close_grid_min_markup": [0.001, 0.06],
                         "long_close_grid_qty_pct": [0.05, 1],
                         "long_close_trailing_grid_ratio": [-1, 1],
                         "long_close_trailing_qty_pct": [0.05, 1],
                         "long_close_trailing_retracement_pct": [0, 0.3],
                         "long_close_trailing_threshold_pct": [-0.1, 0.1],
                         "long_ema_span_0": [200, 1440],
                         "long_ema_span_1": [200, 1440],
                         "long_entry_grid_double_down_factor": [0.1, 3],
                         "long_entry_grid_spacing_pct": [0.001, 0.12],
                         "long_entry_grid_spacing_weight": [0, 10],
                         "long_entry_initial_ema_dist": [-0.1, 0.003],
                         "long_entry_initial_qty_pct": [0.005, 0.1],
                         "long_entry_trailing_grid_ratio": [-1, 1],
                         "long_entry_trailing_retracement_pct": [0, 0.1],
                         "long_entry_trailing_threshold_pct": [-0.1, 0.1],
                         "long_filter_relative_volume_clip_pct": [0, 1],
                         "long_filter_rolling_window": [10, 1440],
                         "long_n_positions": [1, 1],
                         "long_total_wallet_exposure_limit": [2.5, 2.5],
                         "long_unstuck_close_pct": [0.001, 0.1],
                         "long_unstuck_ema_dist": [-0.1, 0.01],
                         "long_unstuck_loss_allowance_pct": [0, 0.05],
                         "long_unstuck_threshold": [0.4, 0.95],
                         "short_close_grid_markup_range": [0, 0.03],
                         "short_close_grid_min_markup": [0.001, 0.03],
                         "short_close_grid_qty_pct": [0.05, 1],
                         "short_close_trailing_grid_ratio": [-1, 1],
                         "short_close_trailing_qty_pct": [0.05, 1],
                         "short_close_trailing_retracement_pct": [0, 0.1],
                         "short_close_trailing_threshold_pct": [-0.1, 0.1],
                         "short_ema_span_0": [200, 1440],
                         "short_ema_span_1": [200, 1440],
                         "short_entry_grid_double_down_factor": [0.1, 3],
                         "short_entry_grid_spacing_pct": [0.001, 0.12],
                         "short_entry_grid_spacing_weight": [0, 10],
                         "short_entry_initial_ema_dist": [-0.1, 0.003],
                         "short_entry_initial_qty_pct": [0.005, 0.1],
                         "short_entry_trailing_grid_ratio": [-1, 1],
                         "short_entry_trailing_retracement_pct": [0, 0.1],
                         "short_entry_trailing_threshold_pct": [-0.1, 0.1],
                         "short_filter_relative_volume_clip_pct": [0, 1],
                         "short_filter_rolling_window": [10, 1440],
                         "short_n_positions": [1, 1],
                         "short_total_wallet_exposure_limit": [1, 1],
                         "short_unstuck_close_pct": [0.001, 0.1],
                         "short_unstuck_ema_dist": [-0.1, 0.01],
                         "short_unstuck_loss_allowance_pct": [0, 0.05],