{"analysis": {"adg": 0.0036785144251411574,
              "drawdown_worst": 0.12939477530285676,
              "equity_balance_diff_max": 0.10606033359702798,
              "equity_balance_diff_mean": 0.009924806036125415,
              "loss_profit_ratio": 0.27944608102156404,
              "mdg": 0.0038834276937630306,
              "n_iters": 9456,
              "sharpe_ratio": 0.315195292728853,
              "w_0": -0.0038834276937630306,
              "w_1": -0.315195292728853},
 "backtest": {"base_dir": "backtests",
              "end_date": "now",
              "exchange": "binance",
              "start_date": "2021-05-01",
              "starting_balance": 100000,
              "symbols": ["AIUSDT"]},
 "bot": {"long": {"close_grid_markup_range": 0.04045858684926071,
                  "close_grid_min_markup": 0.04897695898850743,
                  "close_grid_qty_pct": 0.613303719725684,
                  "close_trailing_grid_ratio": 0.15146022981745377,
                  "close_trailing_qty_pct": 0.18814478122245193,
                  "close_trailing_retracement_pct": 0.03169798012957792,
                  "close_trailing_threshold_pct": -0.03571637217440134,
                  "ema_span_0": 1239.9364286420414,
                  "ema_span_1": 1366.5436761863782,
                  "entry_grid_double_down_factor": 2.863921764925926,
                  "entry_grid_spacing_pct": 0.056297843084507894,
                  "entry_grid_spacing_weight": 7.923402760650921,
                  "entry_initial_ema_dist": -0.092040684063354,
                  "entry_initial_qty_pct": 0.005470596113622901,
                  "entry_trailing_grid_ratio": -0.6392239626398619,
                  "entry_trailing_retracement_pct": 0.08255075870636183,
                  "entry_trailing_threshold_pct": -0.08637042938624409,
                  "filter_relative_volume_clip_pct": 0.6970086798768986,
                  "filter_rolling_window": 456.47039752627046,
                  "n_positions": 1.0,
                  "total_wallet_exposure_limit": 2.5,
                  "unstuck_close_pct": 0.046664452229618,
                  "unstuck_ema_dist": -0.04514264536793382,
                  "unstuck_loss_allowance_pct": 0.0011636716465956761,
                  "unstuck_threshold": 0.4602888162640163},
         "short": {"close_grid_markup_range": 0.00785161663134121,
                   "close_grid_min_markup": 0.0022717643748051547,
                   "close_grid_qty_pct": 0.6796692205990396,
                   "close_trailing_grid_ratio": -0.02459981749506976,
                   "close_trailing_qty_pct": 0.05317757693460104,
                   "close_trailing_retracement_pct": 0.04813404994399781,
                   "close_trailing_threshold_pct": -0.03390196779001125,
                   "ema_span_0": 1414.177691579126,
                   "ema_span_1": 1030.0164573322681,
                   "entry_grid_double_down_factor": 2.5462032837213955,
                   "entry_grid_spacing_pct": 0.05063387700397868,
                   "entry_grid_spacing_weight": 4.242992547084827,
                   "entry_initial_ema_dist": -0.05729944182409294,
                   "entry_initial_qty_pct": 0.04289808144272467,
                   "entry_trailing_grid_ratio": 0.31557044382626664,
                   "entry_trailing_retracement_pct": 0.03657709517542723,
                   "entry_trailing_threshold_pct": 0.07146768516357865,
                   "filter_relative_volume_clip_pct": 0.31962059390459435,
                   "filter_rolling_window": 683.9649672452992,
                   "n_positions": 1.0,
                   "total_wallet_exposure_limit": 1.0,
                   "unstuck_close_pct": 0.05006198292482269,
                   "unstuck_ema_dist": -0.08401996350005334,
                   "unstuck_loss_allowance_pct": 0.018955476221268152,
                   "unstuck_threshold": 0.948191170705045}},
 "live": {"approved_coins": ["AIUSDT"],
          "auto_gs": true,
          "coin_flags": {},
          "execution_delay_seconds": 2,
          "filter_by_min_effective_cost": true,
          "forced_mode_long": "",
          "forced_mode_short": "",
          "ignored_coins": [],
          "leverage": 10,
          "max_n_cancellations_per_batch": 5,
          "max_n_creations_per_batch": 3,
          "minimum_coin_age_days": 30,
          "ohlcv_rolling_window": 60,
          "pnls_max_lookback_days": 30,
          "price_distance_threshold": 0.002,
          "relative_volume_filter_clip_pct": 0.5,
          "time_in_force": "good_till_cancelled",
          "user": "hyperliquid_v7"},
 "optimize": {"bounds": {"long_close_grid_markup_range": [0, 0.06],
                         "long_close_grid_min_markup": [0.001, 0.06],
                         "long_close_grid_qty_pct": [0.05, 1],
                         "long_close_trailing_grid_ratio": [-1, 1],
                         "long_close_trailing_qty_pct": [0.05, 1],
                         "long_close_trailing_retracement_pct": [0, 0.3],
                         "long_close_trailing_threshold_pct": [-0.1, 0.1],
                         "long_ema_span_0": [200, 1440],
                         "long_ema_span_1": [200, 1440],
                         "long_entry_grid_double_down_factor": [0.1, 3],
                         "long_entry_grid_spacing_pct": [0.001, 0.12],
                         "long_entry_grid_spacing_weight": [0, 10],
                         "long_entry_initial_ema_dist": [-0.1, 0.003],
                         "long_entry_initial_qty_pct": [0.005, 0.1],
                         "long_entry_trailing_grid_ratio": [-1, 1],
                         "long_entry_trailing_retracement_pct": [0, 0.1],
                         "long_entry_trailing_threshold_pct": [-0.1, 0.1],
                         "long_filter_relative_volume_clip_pct": [0.0, 1.0],
                         "long_filter_rolling_window": [10.0, 1440.0],
                         "long_n_positions": [1.0, 1.0],
                         "long_total_wallet_exposure_limit": [2.5, 2.5],
                         "long_unstuck_close_pct": [0.001, 0.1],
                         "long_unstuck_ema_dist": [-0.1, 0.01],
                         "long_unstuck_loss_allowance_pct": [0, 0.05],
                         "long_unstuck_threshold": [0.4, 0.95],
                         "short_close_grid_markup_range": [0, 0.03],
                         "short_close_grid_min_markup": [0.001, 0.03],
                         "short_close_grid_qty_pct": [0.05, 1],
                         "short_close_trailing_grid_ratio": [-1, 1],
                         "short_close_trailing_qty_pct": [0.05, 1],
                         "short_close_trailing_retracement_pct": [0, 0.1],
                         "short_close_trailing_threshold_pct": [-0.1, 0.1],
                         "short_ema_span_0": [200, 1440],
                         "short_ema_span_1": [200, 1440],
                         "short_entry_grid_double_down_factor": [0.1, 3],
                         "short_entry_grid_spacing_pct": [0.001, 0.12],
                         "short_entry_grid_spacing_weight": [0, 10],
                         "short_entry_initial_ema_dist": [-0.1, 0.003],
                         "short_entry_initial_qty_pct": [0.005, 0.1],
                         "short_entry_trailing_grid_ratio": [-1, 1],
                         "short_entry_trailing_retracement_pct": [0, 0.1],
                         "short_entry_trailing_threshold_pct": [-0.1, 0.1],
                         "short_filter_relative_volume_clip_pct": [0.0, 1.0],
                         "short_filter_rolling_window": [10.0, 1440.0],
                         "short_n_positions": [1.0, 1.0],
                         "short_total_wallet_exposure_limit": [1.0, 1.0],
                         "short_unstuck_close_pct": [0.001, 0.1],
                         "short_unstuck_ema_dist": [-0.1, 0.01],