{"analysis": {"adg": 0.00541976131978655,
              "drawdown_worst": 0.1440497788438227,
              "equity_balance_diff_max": 0.13284399629977642,
              "equity_balance_diff_mean": 0.007874814864027203,
              "loss_profit_ratio": 0.12910296253028805,
              "mdg": 0.005430264985015082,
              "n_iters": 9480,
              "sharpe_ratio": 0.44935439969403884,
              "w_0": -0.005430264985015082,
              "w_1": -0.44935439969403884},
 "backtest": {"base_dir": "backtests",
              "end_date": "now",
              "exchange": "binance",
              "start_date": "2021-05-01",
              "starting_balance": 100000,
              "symbols": ["ALTUSDT"]},
 "bot": {"long": {"close_grid_markup_range": 0.029993136947068694,
                  "close_grid_min_markup": 0.029967123261514454,
                  "close_grid_qty_pct": 0.6711893964567488,
                  "close_trailing_grid_ratio": 0.1821419904252808,
                  "close_trailing_qty_pct": 0.4783426141442655,
                  "close_trailing_retracement_pct": 0.07096658355428614,
                  "close_trailing_threshold_pct": -0.057913050394656024,
                  "ema_span_0": 1326.5062047194517,
                  "ema_span_1": 1248.348165196588,
                  "entry_grid_double_down_factor": 0.6076640037903374,
                  "entry_grid_spacing_pct": 0.06589230201789872,
                  "entry_grid_spacing_weight": 1.9709659559857955,
                  "entry_initial_ema_dist": -0.021318486021198152,
                  "entry_initial_qty_pct": 0.006044790140163226,
                  "entry_trailing_grid_ratio": 0.6760141376540637,
                  "entry_trailing_retracement_pct": 0.04686365110751076,
                  "entry_trailing_threshold_pct": 0.08661471436180215,
                  "filter_relative_volume_clip_pct": 0.0117856001646921,
                  "filter_rolling_window": 377.4783205616489,
                  "n_positions": 1,
                  "total_wallet_exposure_limit": 2.5,
                  "unstuck_close_pct": 0.028563841952102507,
                  "unstuck_ema_dist": -0.07909324731687006,
                  "unstuck_loss_allowance_pct": 0.032341171106287446,
                  "unstuck_threshold": 0.6681594783674597},
         "short": {"close_grid_markup_range": 0.026577139527594475,
                   "close_grid_min_markup": 0.017687649176885117,
                   "close_grid_qty_pct": 0.44406312708346984,
                   "close_trailing_grid_ratio": -0.047383923940975015,
                   "close_trailing_qty_pct": 0.29328389880819916,
                   "close_trailing_retracement_pct": 0.039775405460985604,
                   "close_trailing_threshold_pct": -0.02948019903565727,
                   "ema_span_0": 897.7359416348396,
                   "ema_span_1": 1067.5195777127576,
                   "entry_grid_double_down_factor": 1.2023835992290952,
                   "entry_grid_spacing_pct": 0.03771710863491296,
                   "entry_grid_spacing_weight": 8.438522115489556,
                   "entry_initial_ema_dist": -0.01621882871497226,
                   "entry_initial_qty_pct": 0.0867275224151948,
                   "entry_trailing_grid_ratio": 0.1869178117905367,
                   "entry_trailing_retracement_pct": 0.08448639792534936,
                   "entry_trailing_threshold_pct": 0.07075339398393984,
                   "filter_relative_volume_clip_pct": 0.28123915796876364,
                   "filter_rolling_window": 616.2675086711329,
                   "n_positions": 1,
                   "total_wallet_exposure_limit": 1,
                   "unstuck_close_pct": 0.06766355554574702,
                   "unstuck_ema_dist": -0.05702773216769839,
                   "unstuck_loss_allowance_pct": 0.0472374911234803,
                   "unstuck_threshold": 0.8000732097900468}},
 "live": {"approved_coins": ["ALTUSDT"],
          "auto_gs": true,
          "coin_flags": {},
          "execution_delay_seconds": 2,
          "filter_by_min_effective_cost": true,
          "forced_mode_long": "",
          "forced_mode_short": "",
          "ignored_coins": [],
          "leverage": 10,
          "max_n_cancellations_per_batch": 5,
          "max_n_creations_per_batch": 3,
          "minimum_coin_age_days": 30,
          "ohlcv_rolling_window": 60,
          "pnls_max_lookback_days": 30,
          "price_distance_threshold": 0.002,
          "relative_volume_filter_clip_pct": 0.5,
          "time_in_force": "good_till_cancelled",
          "user": "hyperliquid_v7"},
 "optimize": {"bounds": {"long_close_grid_markup_range": [0, 0.06],
                         "long_close_grid_min_markup": [0.001, 0.06],
                         "long_close_grid_qty_pct": [0.05, 1],
                         "long_close_trailing_grid_ratio": [-1, 1],
                         "long_close_trailing_qty_pct": [0.05, 1],
                         "long_close_trailing_retracement_pct": [0, 0.3],
                         "long_close_trailing_threshold_pct": [-0.1, 0.1],
                         "long_ema_span_0": [200, 1440],
                         "long_ema_span_1": [200, 1440],
                         "long_entry_grid_double_down_factor": [0.1, 3],
                         "long_entry_grid_spacing_pct": [0.001, 0.12],
                         "long_entry_grid_spacing_weight": [0, 10],
                         "long_entry_initial_ema_dist": [-0.1, 0.003],
                         "long_entry_initial_qty_pct": [0.005, 0.1],
                         "long_entry_trailing_grid_ratio": [-1, 1],
                         "long_entry_trailing_retracement_pct": [0, 0.1],
                         "long_entry_trailing_threshold_pct": [-0.1, 0.1],
                         "long_filter_relative_volume_clip_pct": [0, 1],
                         "long_filter_rolling_window": [10, 1440],
                         "long_n_positions": [1, 1],
                         "long_total_wallet_exposure_limit": [2.5, 2.5],
                         "long_unstuck_close_pct": [0.001, 0.1],
                         "long_unstuck_ema_dist": [-0.1, 0.01],
                         "long_unstuck_loss_allowance_pct": [0, 0.05],
                         "long_unstuck_threshold": [0.4, 0.95],
                         "short_close_grid_markup_range": [0, 0.03],
                         "short_close_grid_min_markup": [0.001, 0.03],
                         "short_close_grid_qty_pct": [0.05, 1],
                         "short_close_trailing_grid_ratio": [-1, 1],
                         "short_close_trailing_qty_pct": [0.05, 1],
                         "short_close_trailing_retracement_pct": [0, 0.1],
                         "short_close_trailing_threshold_pct": [-0.1, 0.1],
                         "short_ema_span_0": [200, 1440],
                         "short_ema_span_1": [200, 1440],
                         "short_entry_grid_double_down_factor": [0.1, 3],
                         "short_entry_grid_spacing_pct": [0.001, 0.12],
                         "short_entry_grid_spacing_weight": [0, 10],
                         "short_entry_initial_ema_dist": [-0.1, 0.003],
                         "short_entry_initial_qty_pct": [0.005, 0.1],
                         "short_entry_trailing_grid_ratio": [-1, 1],
                         "short_entry_trailing_retracement_pct": [0, 0.1],
                         "short_entry_trailing_threshold_pct": [-0.1, 0.1],
                         "short_filter_relative_volume_clip_pct": [0, 1],
                         "short_filter_rolling_window": [10, 1440],
                         "short_n_positions": [1, 1],
                         "short_total_wallet_exposure_limit": [1, 1],
                         "short_unstuck_close_pct": [0.001, 0.1],
                         "short_unstuck_ema_dist": [-0.1, 0.01],
                         "short_unstuck_loss_allowance_pct": [0, 0.05],