{"analysis": {"adg": 0.00541976131978655,
              "drawdown_worst": 0.1440497788438227,
              "equity_balance_diff_max": 0.13284399629977642,
              "equity_balance_diff_mean": 0.007874814864027203,
              "loss_profit_ratio": 0.12910296253028805,
              "mdg": 0.005430264985015082,
              "n_iters": 9480,
              "sharpe_ratio": 0.44935439969403884,
              "w_0": -0.005430264985015082,
              "w_1": -0.44935439969403884},
 "backtest": {"base_dir": "backtests",
              "end_date": "now",
              "exchange": "binance",
              "start_date": "2021-05-01",
              "starting_balance": 100000,
              "symbols": ["ALTUSDT"]},
 "bot": {"long": {"close_grid_markup_range": 0.02772624890932675,
                  "close_grid_min_markup": 0.05830577633785042,
                  "close_grid_qty_pct": 0.6904780110851217,
                  "close_trailing_grid_ratio": 0.5203566868619653,
                  "close_trailing_qty_pct": 0.6068140986815972,
                  "close_trailing_retracement_pct": 0.043790371226591476,
                  "close_trailing_threshold_pct": -0.038338288707884687,
                  "ema_span_0": 1035.3206015933279,
                  "ema_span_1": 1383.1177520411397,
                  "entry_grid_double_down_factor": 0.876750298860322,
                  "entry_grid_spacing_pct": 0.037947237818426856,
                  "entry_grid_spacing_weight": 9.095973265110123,
                  "entry_initial_ema_dist": -0.024179920217376596,
                  "entry_initial_qty_pct": 0.006205510486443326,
                  "entry_trailing_grid_ratio": -0.09767559548741808,
                  "entry_trailing_retracement_pct": 0.03537859369109069,
                  "entry_trailing_threshold_pct": 0.047608541496983084,
                  "filter_relative_volume_clip_pct": 0.6159099112168297,
                  "filter_rolling_window": 1076.5549745763446,
                  "n_positions": 1.0,
                  "total_wallet_exposure_limit": 2.5,
                  "unstuck_close_pct": 0.06545708210472878,
                  "unstuck_ema_dist": -0.08241731812419757,
                  "unstuck_loss_allowance_pct": 0.03909177408371983,
                  "unstuck_threshold": 0.49508383215198315},
         "short": {"close_grid_markup_range": 0.008295260526369128,
                   "close_grid_min_markup": 0.01920539179395119,
                   "close_grid_qty_pct": 0.7873077851612722,
                   "close_trailing_grid_ratio": -0.13597071881002246,
                   "close_trailing_qty_pct": 0.863648388056545,
                   "close_trailing_retracement_pct": 0.07101312090808519,
                   "close_trailing_threshold_pct": 0.02456934633429154,
                   "ema_span_0": 1251.0009561352235,
                   "ema_span_1": 879.0996028359151,
                   "entry_grid_double_down_factor": 0.9767177068040299,
                   "entry_grid_spacing_pct": 0.11334719062297481,
                   "entry_grid_spacing_weight": 4.523043897286648,
                   "entry_initial_ema_dist": -0.04722247663126741,
                   "entry_initial_qty_pct": 0.061530132130396854,
                   "entry_trailing_grid_ratio": 0.9431231901899525,
                   "entry_trailing_retracement_pct": 0.05908971894629293,
                   "entry_trailing_threshold_pct": -0.023307018173439685,
                   "filter_relative_volume_clip_pct": 0.5063350216658975,
                   "filter_rolling_window": 1315.2620756464858,
                   "n_positions": 1.0,
                   "total_wallet_exposure_limit": 1.0,
                   "unstuck_close_pct": 0.029446973224648853,
                   "unstuck_ema_dist": -0.014246576699978745,
                   "unstuck_loss_allowance_pct": 0.04960357947259772,
                   "unstuck_threshold": 0.8592905262141757}},
 "live": {"approved_coins": ["ALTUSDT"],
          "auto_gs": true,
          "coin_flags": {},
          "execution_delay_seconds": 2,
          "filter_by_min_effective_cost": true,
          "forced_mode_long": "",
          "forced_mode_short": "",
          "ignored_coins": [],
          "leverage": 10,
          "max_n_cancellations_per_batch": 5,
          "max_n_creations_per_batch": 3,
          "minimum_coin_age_days": 30,
          "ohlcv_rolling_window": 60,
          "pnls_max_lookback_days": 30,
          "price_distance_threshold": 0.002,
          "relative_volume_filter_clip_pct": 0.5,
          "time_in_force": "good_till_cancelled",
          "user": "hyperliquid_v7"},
 "optimize": {"bounds": {"long_close_grid_markup_range": [0, 0.06],
                         "long_close_grid_min_markup": [0.001, 0.06],
                         "long_close_grid_qty_pct": [0.05, 1],
                         "long_close_trailing_grid_ratio": [-1, 1],
                         "long_close_trailing_qty_pct": [0.05, 1],
                         "long_close_trailing_retracement_pct": [0, 0.3],
                         "long_close_trailing_threshold_pct": [-0.1, 0.1],
                         "long_ema_span_0": [200, 1440],
                         "long_ema_span_1": [200, 1440],
                         "long_entry_grid_double_down_factor": [0.1, 3],
                         "long_entry_grid_spacing_pct": [0.001, 0.12],
                         "long_entry_grid_spacing_weight": [0, 10],
                         "long_entry_initial_ema_dist": [-0.1, 0.003],
                         "long_entry_initial_qty_pct": [0.005, 0.1],
                         "long_entry_trailing_grid_ratio": [-1, 1],
                         "long_entry_trailing_retracement_pct": [0, 0.1],
                         "long_entry_trailing_threshold_pct": [-0.1, 0.1],
                         "long_filter_relative_volume_clip_pct": [0.0, 1.0],
                         "long_filter_rolling_window": [10.0, 1440.0],
                         "long_n_positions": [1.0, 1.0],
                         "long_total_wallet_exposure_limit": [2.5, 2.5],
                         "long_unstuck_close_pct": [0.001, 0.1],
                         "long_unstuck_ema_dist": [-0.1, 0.01],
                         "long_unstuck_loss_allowance_pct": [0, 0.05],
                         "long_unstuck_threshold": [0.4, 0.95],
                         "short_close_grid_markup_range": [0, 0.03],
                         "short_close_grid_min_markup": [0.001, 0.03],
                         "short_close_grid_qty_pct": [0.05, 1],
                         "short_close_trailing_grid_ratio": [-1, 1],
                         "short_close_trailing_qty_pct": [0.05, 1],
                         "short_close_trailing_retracement_pct": [0, 0.1],
                         "short_close_trailing_threshold_pct": [-0.1, 0.1],
                         "short_ema_span_0": [200, 1440],
                         "short_ema_span_1": [200, 1440],
                         "short_entry_grid_double_down_factor": [0.1, 3],
                         "short_entry_grid_spacing_pct": [0.001, 0.12],
                         "short_entry_grid_spacing_weight": [0, 10],
                         "short_entry_initial_ema_dist": [-0.1, 0.003],
                         "short_entry_initial_qty_pct": [0.005, 0.1],
                         "short_entry_trailing_grid_ratio": [-1, 1],
                         "short_entry_trailing_retracement_pct": [0, 0.1],
                         "short_entry_trailing_threshold_pct": [-0.1, 0.1],
                         "short_filter_relative_volume_clip_pct": [0.0, 1.0],
                         "short_filter_rolling_window": [10.0, 1440.0],
                         "short_n_positions": [1.0, 1.0],
                         "short_total_wallet_exposure_limit": [1.0, 1.0],
                         "short_unstuck_close_pct": [0.001, 0.1],
                         "short_unstuck_ema_dist": [-0.1, 0.01],