{"analysis": {"adg": 0.0008534289750487869,
              "drawdown_worst": 0.1375285174536101,
              "equity_balance_diff_max": 0.12373513510152856,
              "equity_balance_diff_mean": 0.00344382445024663,
              "loss_profit_ratio": 0.4677087628197281,
              "mdg": 0.0006222683053174622,
              "n_iters": 9482,
              "sharpe_ratio": 0.14241665946558452,
              "w_0": -0.0006222683053174622,
              "w_1": -0.14241665946558452},
 "backtest": {"base_dir": "backtests",
              "end_date": "now",
              "exchange": "binance",
              "start_date": "2021-05-01",
              "starting_balance": 100000,
              "symbols": ["APEUSDT"]},
 "bot": {"long": {"close_grid_markup_range": 0.01556491148175834,
                  "close_grid_min_markup": 0.02054510522986384,
                  "close_grid_qty_pct": 0.2882698685347785,
                  "close_trailing_grid_ratio": 0.0338814052644181,
                  "close_trailing_qty_pct": 0.9206629525671821,
                  "close_trailing_retracement_pct": 0.0814288588630229,
                  "close_trailing_threshold_pct": -0.0860176939724668,
                  "ema_span_0": 1153.8828829576842,
                  "ema_span_1": 1309.145451425891,
                  "entry_grid_double_down_factor": 1.5939698589199658,
                  "entry_grid_spacing_pct": 0.07392194527456998,
                  "entry_grid_spacing_weight": 3.8167465122939195,
                  "entry_initial_ema_dist": 0.0022215431190322765,
                  "entry_initial_qty_pct": 0.026467245248351985,
                  "entry_trailing_grid_ratio": 0.030775032550494005,
                  "entry_trailing_retracement_pct": 0.042943389093651266,
                  "entry_trailing_threshold_pct": -0.08523672920603673,
                  "filter_relative_volume_clip_pct": 0.826879203313838,
                  "filter_rolling_window": 232.64915447039988,
                  "n_positions": 1,
                  "total_wallet_exposure_limit": 2.5,
                  "unstuck_close_pct": 0.009567694722523015,
                  "unstuck_ema_dist": -0.08080546714741044,
                  "unstuck_loss_allowance_pct": 0.045172183278037736,
                  "unstuck_threshold": 0.6479838829093267},
         "short": {"close_grid_markup_range": 0.021310808695567077,
                   "close_grid_min_markup": 0.012887172186303836,
                   "close_grid_qty_pct": 0.4111247201507718,
                   "close_trailing_grid_ratio": -0.44778509698798613,
                   "close_trailing_qty_pct": 0.5468377020630296,
                   "close_trailing_retracement_pct": 0.036529307815361886,
                   "close_trailing_threshold_pct": -0.07120741723817033,
                   "ema_span_0": 1363.2412205947326,
                   "ema_span_1": 983.116559852552,
                   "entry_grid_double_down_factor": 0.31854151764113725,
                   "entry_grid_spacing_pct": 0.03317340233886266,
                   "entry_grid_spacing_weight": 6.904804935251454,
                   "entry_initial_ema_dist": -0.04033853922502482,
                   "entry_initial_qty_pct": 0.0266406709486419,
                   "entry_trailing_grid_ratio": -0.24212457054064854,
                   "entry_trailing_retracement_pct": 0.010731622932531321,
                   "entry_trailing_threshold_pct": 0.046931113689213856,
                   "filter_relative_volume_clip_pct": 0.04305251256810803,
                   "filter_rolling_window": 1388.5233286222679,
                   "n_positions": 1,
                   "total_wallet_exposure_limit": 1,
                   "unstuck_close_pct": 0.03296651705139378,
                   "unstuck_ema_dist": -0.011436197493089923,
                   "unstuck_loss_allowance_pct": 0.031837758971365926,
                   "unstuck_threshold": 0.6808408325786766}},
 "live": {"approved_coins": ["APEUSDT"],
          "auto_gs": true,
          "coin_flags": {},
          "execution_delay_seconds": 2,
          "filter_by_min_effective_cost": true,
          "forced_mode_long": "",
          "forced_mode_short": "",
          "ignored_coins": [],
          "leverage": 10,
          "max_n_cancellations_per_batch": 5,
          "max_n_creations_per_batch": 3,
          "minimum_coin_age_days": 30,
          "ohlcv_rolling_window": 60,
          "pnls_max_lookback_days": 30,
          "price_distance_threshold": 0.002,
          "relative_volume_filter_clip_pct": 0.5,
          "time_in_force": "good_till_cancelled",
          "user": "hyperliquid_v7"},
 "optimize": {"bounds": {"long_close_grid_markup_range": [0, 0.06],
                         "long_close_grid_min_markup": [0.001, 0.06],
                         "long_close_grid_qty_pct": [0.05, 1],
                         "long_close_trailing_grid_ratio": [-1, 1],
                         "long_close_trailing_qty_pct": [0.05, 1],
                         "long_close_trailing_retracement_pct": [0, 0.3],
                         "long_close_trailing_threshold_pct": [-0.1, 0.1],
                         "long_ema_span_0": [200, 1440],
                         "long_ema_span_1": [200, 1440],
                         "long_entry_grid_double_down_factor": [0.1, 3],
                         "long_entry_grid_spacing_pct": [0.001, 0.12],
                         "long_entry_grid_spacing_weight": [0, 10],
                         "long_entry_initial_ema_dist": [-0.1, 0.003],
                         "long_entry_initial_qty_pct": [0.005, 0.1],
                         "long_entry_trailing_grid_ratio": [-1, 1],
                         "long_entry_trailing_retracement_pct": [0, 0.1],
                         "long_entry_trailing_threshold_pct": [-0.1, 0.1],
                         "long_filter_relative_volume_clip_pct": [0, 1],
                         "long_filter_rolling_window": [10, 1440],
                         "long_n_positions": [1, 1],
                         "long_total_wallet_exposure_limit": [2.5, 2.5],
                         "long_unstuck_close_pct": [0.001, 0.1],
                         "long_unstuck_ema_dist": [-0.1, 0.01],
                         "long_unstuck_loss_allowance_pct": [0, 0.05],
                         "long_unstuck_threshold": [0.4, 0.95],
                         "short_close_grid_markup_range": [0, 0.03],
                         "short_close_grid_min_markup": [0.001, 0.03],
                         "short_close_grid_qty_pct": [0.05, 1],
                         "short_close_trailing_grid_ratio": [-1, 1],
                         "short_close_trailing_qty_pct": [0.05, 1],
                         "short_close_trailing_retracement_pct": [0, 0.1],
                         "short_close_trailing_threshold_pct": [-0.1, 0.1],
                         "short_ema_span_0": [200, 1440],
                         "short_ema_span_1": [200, 1440],
                         "short_entry_grid_double_down_factor": [0.1, 3],
                         "short_entry_grid_spacing_pct": [0.001, 0.12],
                         "short_entry_grid_spacing_weight": [0, 10],
                         "short_entry_initial_ema_dist": [-0.1, 0.003],
                         "short_entry_initial_qty_pct": [0.005, 0.1],
                         "short_entry_trailing_grid_ratio": [-1, 1],
                         "short_entry_trailing_retracement_pct": [0, 0.1],
                         "short_entry_trailing_threshold_pct": [-0.1, 0.1],
                         "short_filter_relative_volume_clip_pct": [0, 1],
                         "short_filter_rolling_window": [10, 1440],
                         "short_n_positions": [1, 1],
                         "short_total_wallet_exposure_limit": [1, 1],
                         "short_unstuck_close_pct": [0.001, 0.1],
                         "short_unstuck_ema_dist": [-0.1, 0.01],
                         "short_unstuck_loss_allowance_pct": [0, 0.05],