{"analysis": {"adg": 0.0008534289750487869,
              "drawdown_worst": 0.1375285174536101,
              "equity_balance_diff_max": 0.12373513510152856,
              "equity_balance_diff_mean": 0.00344382445024663,
              "loss_profit_ratio": 0.4677087628197281,
              "mdg": 0.0006222683053174622,
              "n_iters": 9482,
              "sharpe_ratio": 0.14241665946558452,
              "w_0": -0.0006222683053174622,
              "w_1": -0.14241665946558452},
 "backtest": {"base_dir": "backtests",
              "end_date": "now",
              "exchange": "binance",
              "start_date": "2021-05-01",
              "starting_balance": 100000,
              "symbols": ["APEUSDT"]},
 "bot": {"long": {"close_grid_markup_range": 0.0011467966534526412,
                  "close_grid_min_markup": 0.02427651443229912,
                  "close_grid_qty_pct": 0.9508248035002924,
                  "close_trailing_grid_ratio": 0.920136171590209,
                  "close_trailing_qty_pct": 0.8338302924048631,
                  "close_trailing_retracement_pct": 0.08732426242303917,
                  "close_trailing_threshold_pct": -0.06626487281976828,
                  "ema_span_0": 776.5804834910869,
                  "ema_span_1": 403.66842521913463,
                  "entry_grid_double_down_factor": 0.2023141413316074,
                  "entry_grid_spacing_pct": 0.0283047134127628,
                  "entry_grid_spacing_weight": 3.5861869641930566,
                  "entry_initial_ema_dist": -0.05202074339434276,
                  "entry_initial_qty_pct": 0.005208073365162212,
                  "entry_trailing_grid_ratio": 0.7169758461485072,
                  "entry_trailing_retracement_pct": 0.0978823171989226,
                  "entry_trailing_threshold_pct": 0.00921428765803571,
                  "filter_relative_volume_clip_pct": 0.2381233336555038,
                  "filter_rolling_window": 471.63086009982885,
                  "n_positions": 1.0,
                  "total_wallet_exposure_limit": 2.5,
                  "unstuck_close_pct": 0.09611834574503166,
                  "unstuck_ema_dist": -0.014175750458047807,
                  "unstuck_loss_allowance_pct": 0.022445111595418975,
                  "unstuck_threshold": 0.5784348343992285},
         "short": {"close_grid_markup_range": 0.011552731758741878,
                   "close_grid_min_markup": 0.02086637293414331,
                   "close_grid_qty_pct": 0.9787307734635626,
                   "close_trailing_grid_ratio": -0.6698694132082195,
                   "close_trailing_qty_pct": 0.7992598692715005,
                   "close_trailing_retracement_pct": 0.00572207981925623,
                   "close_trailing_threshold_pct": 0.020566478777581887,
                   "ema_span_0": 534.9246908344148,
                   "ema_span_1": 1195.544237209877,
                   "entry_grid_double_down_factor": 0.734372297618502,
                   "entry_grid_spacing_pct": 0.04532169027002564,
                   "entry_grid_spacing_weight": 7.160240503514064,
                   "entry_initial_ema_dist": -0.004951173153539913,
                   "entry_initial_qty_pct": 0.03993774463358446,
                   "entry_trailing_grid_ratio": -0.1433988347195468,
                   "entry_trailing_retracement_pct": 0.01236722498807744,
                   "entry_trailing_threshold_pct": 0.0018653589149473003,
                   "filter_relative_volume_clip_pct": 0.736936306602329,
                   "filter_rolling_window": 331.45891747361253,
                   "n_positions": 1.0,
                   "total_wallet_exposure_limit": 1.0,
                   "unstuck_close_pct": 0.02094923847200654,
                   "unstuck_ema_dist": -0.04933738687625716,
                   "unstuck_loss_allowance_pct": 0.017610243119495286,
                   "unstuck_threshold": 0.42793078364519876}},
 "live": {"approved_coins": ["APEUSDT"],
          "auto_gs": true,
          "coin_flags": {},
          "execution_delay_seconds": 2,
          "filter_by_min_effective_cost": true,
          "forced_mode_long": "",
          "forced_mode_short": "",
          "ignored_coins": [],
          "leverage": 10,
          "max_n_cancellations_per_batch": 5,
          "max_n_creations_per_batch": 3,
          "minimum_coin_age_days": 30,
          "ohlcv_rolling_window": 60,
          "pnls_max_lookback_days": 30,
          "price_distance_threshold": 0.002,
          "relative_volume_filter_clip_pct": 0.5,
          "time_in_force": "good_till_cancelled",
          "user": "hyperliquid_v7"},
 "optimize": {"bounds": {"long_close_grid_markup_range": [0, 0.06],
                         "long_close_grid_min_markup": [0.001, 0.06],
                         "long_close_grid_qty_pct": [0.05, 1],
                         "long_close_trailing_grid_ratio": [-1, 1],
                         "long_close_trailing_qty_pct": [0.05, 1],
                         "long_close_trailing_retracement_pct": [0, 0.3],
                         "long_close_trailing_threshold_pct": [-0.1, 0.1],
                         "long_ema_span_0": [200, 1440],
                         "long_ema_span_1": [200, 1440],
                         "long_entry_grid_double_down_factor": [0.1, 3],
                         "long_entry_grid_spacing_pct": [0.001, 0.12],
                         "long_entry_grid_spacing_weight": [0, 10],
                         "long_entry_initial_ema_dist": [-0.1, 0.003],
                         "long_entry_initial_qty_pct": [0.005, 0.1],
                         "long_entry_trailing_grid_ratio": [-1, 1],
                         "long_entry_trailing_retracement_pct": [0, 0.1],
                         "long_entry_trailing_threshold_pct": [-0.1, 0.1],
                         "long_filter_relative_volume_clip_pct": [0.0, 1.0],
                         "long_filter_rolling_window": [10.0, 1440.0],
                         "long_n_positions": [1.0, 1.0],
                         "long_total_wallet_exposure_limit": [2.5, 2.5],
                         "long_unstuck_close_pct": [0.001, 0.1],
                         "long_unstuck_ema_dist": [-0.1, 0.01],
                         "long_unstuck_loss_allowance_pct": [0, 0.05],
                         "long_unstuck_threshold": [0.4, 0.95],
                         "short_close_grid_markup_range": [0, 0.03],
                         "short_close_grid_min_markup": [0.001, 0.03],
                         "short_close_grid_qty_pct": [0.05, 1],
                         "short_close_trailing_grid_ratio": [-1, 1],
                         "short_close_trailing_qty_pct": [0.05, 1],
                         "short_close_trailing_retracement_pct": [0, 0.1],
                         "short_close_trailing_threshold_pct": [-0.1, 0.1],
                         "short_ema_span_0": [200, 1440],
                         "short_ema_span_1": [200, 1440],
                         "short_entry_grid_double_down_factor": [0.1, 3],
                         "short_entry_grid_spacing_pct": [0.001, 0.12],
                         "short_entry_grid_spacing_weight": [0, 10],
                         "short_entry_initial_ema_dist": [-0.1, 0.003],
                         "short_entry_initial_qty_pct": [0.005, 0.1],
                         "short_entry_trailing_grid_ratio": [-1, 1],
                         "short_entry_trailing_retracement_pct": [0, 0.1],
                         "short_entry_trailing_threshold_pct": [-0.1, 0.1],
                         "short_filter_relative_volume_clip_pct": [0.0, 1.0],
                         "short_filter_rolling_window": [10.0, 1440.0],
                         "short_n_positions": [1.0, 1.0],
                         "short_total_wallet_exposure_limit": [1.0, 1.0],
                         "short_unstuck_close_pct": [0.001, 0.1],
                         "short_unstuck_ema_dist": [-0.1, 0.01],