{"analysis": {"adg": 0.00031726370451066674,
              "drawdown_worst": 0.04078109444065665,
              "equity_balance_diff_max": 0.16570182059437305,
              "equity_balance_diff_mean": 0.009677338155124721,
              "loss_profit_ratio": 0.575964530865984,
              "mdg": 0.00014964680213403508,
              "n_iters": 9517,
              "sharpe_ratio": 0.14499359648530083,
              "w_0": -0.00014964680213403508,
              "w_1": -0.14499359648530083},
 "backtest": {"base_dir": "backtests",
              "end_date": "now",
              "exchange": "binance",
              "start_date": "2021-05-01",
              "starting_balance": 100000,
              "symbols": ["APTUSDT"]},
 "bot": {"long": {"close_grid_markup_range": 0.04681608681282514,
                  "close_grid_min_markup": 0.04351651582245714,
                  "close_grid_qty_pct": 0.4282744184658258,
                  "close_trailing_grid_ratio": -0.1432807828367944,
                  "close_trailing_qty_pct": 0.9330775518149685,
                  "close_trailing_retracement_pct": 0.024702845731567627,
                  "close_trailing_threshold_pct": 0.05205622024895239,
                  "ema_span_0": 1255.7511288835979,
                  "ema_span_1": 1032.994316608605,
                  "entry_grid_double_down_factor": 0.48950481917735694,
                  "entry_grid_spacing_pct": 0.11732486073369588,
                  "entry_grid_spacing_weight": 1.9005158116235807,
                  "entry_initial_ema_dist": -0.09845315346843861,
                  "entry_initial_qty_pct": 0.005482230690798143,
                  "entry_trailing_grid_ratio": -0.4367951757421162,
                  "entry_trailing_retracement_pct": 0.014232660288324062,
                  "entry_trailing_threshold_pct": 0.022872370325447533,
                  "filter_relative_volume_clip_pct": 0.85365862879922,
                  "filter_rolling_window": 1196.1681104745417,
                  "n_positions": 1,
                  "total_wallet_exposure_limit": 2.5,
                  "unstuck_close_pct": 0.06292340840001517,
                  "unstuck_ema_dist": -0.0016201670041684282,
                  "unstuck_loss_allowance_pct": 0.004946694953435519,
                  "unstuck_threshold": 0.5288408196896497},
         "short": {"close_grid_markup_range": 0.020226511216060443,
                   "close_grid_min_markup": 0.02716717004252202,
                   "close_grid_qty_pct": 0.10219857703285357,
                   "close_trailing_grid_ratio": -0.8861230446888861,
                   "close_trailing_qty_pct": 0.3973335159465937,
                   "close_trailing_retracement_pct": 0.042482018757610054,
                   "close_trailing_threshold_pct": -0.05627008918831131,
                   "ema_span_0": 1295.1453338551983,
                   "ema_span_1": 1221.2757290531993,
                   "entry_grid_double_down_factor": 2.508257648785978,
                   "entry_grid_spacing_pct": 0.11136815663346059,
                   "entry_grid_spacing_weight": 3.2071364302792835,
                   "entry_initial_ema_dist": -0.004524411399067653,
                   "entry_initial_qty_pct": 0.09390576013930088,
                   "entry_trailing_grid_ratio": -0.25856474492162823,
                   "entry_trailing_retracement_pct": 0.08783918673617631,
                   "entry_trailing_threshold_pct": 0.09530109856557242,
                   "filter_relative_volume_clip_pct": 0.14049700710530866,
                   "filter_rolling_window": 225.39839124265052,
                   "n_positions": 1,
                   "total_wallet_exposure_limit": 1,
                   "unstuck_close_pct": 0.05291720562077259,
                   "unstuck_ema_dist": -0.021216212813307413,
                   "unstuck_loss_allowance_pct": 0.009376108348156602,
                   "unstuck_threshold": 0.5895338006479502}},
 "live": {"approved_coins": ["APTUSDT"],
          "auto_gs": true,
          "coin_flags": {},
          "execution_delay_seconds": 2,
          "filter_by_min_effective_cost": true,
          "forced_mode_long": "",
          "forced_mode_short": "",
          "ignored_coins": [],
          "leverage": 10,
          "max_n_cancellations_per_batch": 5,
          "max_n_creations_per_batch": 3,
          "minimum_coin_age_days": 30,
          "ohlcv_rolling_window": 60,
          "pnls_max_lookback_days": 30,
          "price_distance_threshold": 0.002,
          "relative_volume_filter_clip_pct": 0.5,
          "time_in_force": "good_till_cancelled",
          "user": "hyperliquid_v7"},
 "optimize": {"bounds": {"long_close_grid_markup_range": [0, 0.06],
                         "long_close_grid_min_markup": [0.001, 0.06],
                         "long_close_grid_qty_pct": [0.05, 1],
                         "long_close_trailing_grid_ratio": [-1, 1],
                         "long_close_trailing_qty_pct": [0.05, 1],
                         "long_close_trailing_retracement_pct": [0, 0.3],
                         "long_close_trailing_threshold_pct": [-0.1, 0.1],
                         "long_ema_span_0": [200, 1440],
                         "long_ema_span_1": [200, 1440],
                         "long_entry_grid_double_down_factor": [0.1, 3],
                         "long_entry_grid_spacing_pct": [0.001, 0.12],
                         "long_entry_grid_spacing_weight": [0, 10],
                         "long_entry_initial_ema_dist": [-0.1, 0.003],
                         "long_entry_initial_qty_pct": [0.005, 0.1],
                         "long_entry_trailing_grid_ratio": [-1, 1],
                         "long_entry_trailing_retracement_pct": [0, 0.1],
                         "long_entry_trailing_threshold_pct": [-0.1, 0.1],
                         "long_filter_relative_volume_clip_pct": [0, 1],
                         "long_filter_rolling_window": [10, 1440],
                         "long_n_positions": [1, 1],
                         "long_total_wallet_exposure_limit": [2.5, 2.5],
                         "long_unstuck_close_pct": [0.001, 0.1],
                         "long_unstuck_ema_dist": [-0.1, 0.01],
                         "long_unstuck_loss_allowance_pct": [0, 0.05],
                         "long_unstuck_threshold": [0.4, 0.95],
                         "short_close_grid_markup_range": [0, 0.03],
                         "short_close_grid_min_markup": [0.001, 0.03],
                         "short_close_grid_qty_pct": [0.05, 1],
                         "short_close_trailing_grid_ratio": [-1, 1],
                         "short_close_trailing_qty_pct": [0.05, 1],
                         "short_close_trailing_retracement_pct": [0, 0.1],
                         "short_close_trailing_threshold_pct": [-0.1, 0.1],
                         "short_ema_span_0": [200, 1440],
                         "short_ema_span_1": [200, 1440],
                         "short_entry_grid_double_down_factor": [0.1, 3],
                         "short_entry_grid_spacing_pct": [0.001, 0.12],
                         "short_entry_grid_spacing_weight": [0, 10],
                         "short_entry_initial_ema_dist": [-0.1, 0.003],
                         "short_entry_initial_qty_pct": [0.005, 0.1],
                         "short_entry_trailing_grid_ratio": [-1, 1],
                         "short_entry_trailing_retracement_pct": [0, 0.1],
                         "short_entry_trailing_threshold_pct": [-0.1, 0.1],
                         "short_filter_relative_volume_clip_pct": [0, 1],
                         "short_filter_rolling_window": [10, 1440],
                         "short_n_positions": [1, 1],
                         "short_total_wallet_exposure_limit": [1, 1],
                         "short_unstuck_close_pct": [0.001, 0.1],
                         "short_unstuck_ema_dist": [-0.1, 0.01],
                         "short_unstuck_loss_allowance_pct": [0, 0.05],