{"analysis": {"adg": 0.00031726370451066674,
              "drawdown_worst": 0.04078109444065665,
              "equity_balance_diff_max": 0.16570182059437305,
              "equity_balance_diff_mean": 0.009677338155124721,
              "loss_profit_ratio": 0.575964530865984,
              "mdg": 0.00014964680213403508,
              "n_iters": 9517,
              "sharpe_ratio": 0.14499359648530083,
              "w_0": -0.00014964680213403508,
              "w_1": -0.14499359648530083},
 "backtest": {"base_dir": "backtests",
              "end_date": "now",
              "exchange": "binance",
              "start_date": "2021-05-01",
              "starting_balance": 100000,
              "symbols": ["APTUSDT"]},
 "bot": {"long": {"close_grid_markup_range": 0.0229060964184007,
                  "close_grid_min_markup": 0.005851285832652329,
                  "close_grid_qty_pct": 0.7689980690382712,
                  "close_trailing_grid_ratio": 0.18164561704655874,
                  "close_trailing_qty_pct": 0.8211615548878511,
                  "close_trailing_retracement_pct": 0.13908009494034776,
                  "close_trailing_threshold_pct": -0.03228106896610328,
                  "ema_span_0": 748.7252999441615,
                  "ema_span_1": 650.7160912482728,
                  "entry_grid_double_down_factor": 0.7320852495774005,
                  "entry_grid_spacing_pct": 0.08540888469441046,
                  "entry_grid_spacing_weight": 8.318503825764493,
                  "entry_initial_ema_dist": -0.02627346180262645,
                  "entry_initial_qty_pct": 0.05688105776847899,
                  "entry_trailing_grid_ratio": -0.26955176261179503,
                  "entry_trailing_retracement_pct": 0.08994253520402443,
                  "entry_trailing_threshold_pct": 0.01622319867230296,
                  "filter_relative_volume_clip_pct": 0.05128785797158725,
                  "filter_rolling_window": 530.5454820703843,
                  "n_positions": 1.0,
                  "total_wallet_exposure_limit": 2.5,
                  "unstuck_close_pct": 0.054533082019374846,
                  "unstuck_ema_dist": -0.09019499319982671,
                  "unstuck_loss_allowance_pct": 0.02140894426283812,
                  "unstuck_threshold": 0.43459695668730586},
         "short": {"close_grid_markup_range": 0.007579537202638469,
                   "close_grid_min_markup": 0.016233694990959897,
                   "close_grid_qty_pct": 0.30778009017710556,
                   "close_trailing_grid_ratio": -0.4868101920921507,
                   "close_trailing_qty_pct": 0.6722029578331102,
                   "close_trailing_retracement_pct": 0.020530797692698312,
                   "close_trailing_threshold_pct": -0.02175302981083176,
                   "ema_span_0": 238.26973896705212,
                   "ema_span_1": 483.43469548692855,
                   "entry_grid_double_down_factor": 2.5059666869772173,
                   "entry_grid_spacing_pct": 0.07657299163475642,
                   "entry_grid_spacing_weight": 2.638489047540158,
                   "entry_initial_ema_dist": -0.014631750443110669,
                   "entry_initial_qty_pct": 0.03351766528960105,
                   "entry_trailing_grid_ratio": 0.4177451824526859,
                   "entry_trailing_retracement_pct": 0.07601976357927248,
                   "entry_trailing_threshold_pct": -0.046849483655083485,
                   "filter_relative_volume_clip_pct": 0.6993715776517418,
                   "filter_rolling_window": 1264.287795357842,
                   "n_positions": 1.0,
                   "total_wallet_exposure_limit": 1.0,
                   "unstuck_close_pct": 0.046733820495114736,
                   "unstuck_ema_dist": -0.02461425990312056,
                   "unstuck_loss_allowance_pct": 0.043363867495117316,
                   "unstuck_threshold": 0.9252450609723344}},
 "live": {"approved_coins": ["APTUSDT"],
          "auto_gs": true,
          "coin_flags": {},
          "execution_delay_seconds": 2,
          "filter_by_min_effective_cost": true,
          "forced_mode_long": "",
          "forced_mode_short": "",
          "ignored_coins": [],
          "leverage": 10,
          "max_n_cancellations_per_batch": 5,
          "max_n_creations_per_batch": 3,
          "minimum_coin_age_days": 30,
          "ohlcv_rolling_window": 60,
          "pnls_max_lookback_days": 30,
          "price_distance_threshold": 0.002,
          "relative_volume_filter_clip_pct": 0.5,
          "time_in_force": "good_till_cancelled",
          "user": "hyperliquid_v7"},
 "optimize": {"bounds": {"long_close_grid_markup_range": [0, 0.06],
                         "long_close_grid_min_markup": [0.001, 0.06],
                         "long_close_grid_qty_pct": [0.05, 1],
                         "long_close_trailing_grid_ratio": [-1, 1],
                         "long_close_trailing_qty_pct": [0.05, 1],
                         "long_close_trailing_retracement_pct": [0, 0.3],
                         "long_close_trailing_threshold_pct": [-0.1, 0.1],
                         "long_ema_span_0": [200, 1440],
                         "long_ema_span_1": [200, 1440],
                         "long_entry_grid_double_down_factor": [0.1, 3],
                         "long_entry_grid_spacing_pct": [0.001, 0.12],
                         "long_entry_grid_spacing_weight": [0, 10],
                         "long_entry_initial_ema_dist": [-0.1, 0.003],
                         "long_entry_initial_qty_pct": [0.005, 0.1],
                         "long_entry_trailing_grid_ratio": [-1, 1],
                         "long_entry_trailing_retracement_pct": [0, 0.1],
                         "long_entry_trailing_threshold_pct": [-0.1, 0.1],
                         "long_filter_relative_volume_clip_pct": [0.0, 1.0],
                         "long_filter_rolling_window": [10.0, 1440.0],
                         "long_n_positions": [1.0, 1.0],
                         "long_total_wallet_exposure_limit": [2.5, 2.5],
                         "long_unstuck_close_pct": [0.001, 0.1],
                         "long_unstuck_ema_dist": [-0.1, 0.01],
                         "long_unstuck_loss_allowance_pct": [0, 0.05],
                         "long_unstuck_threshold": [0.4, 0.95],
                         "short_close_grid_markup_range": [0, 0.03],
                         "short_close_grid_min_markup": [0.001, 0.03],
                         "short_close_grid_qty_pct": [0.05, 1],
                         "short_close_trailing_grid_ratio": [-1, 1],
                         "short_close_trailing_qty_pct": [0.05, 1],
                         "short_close_trailing_retracement_pct": [0, 0.1],
                         "short_close_trailing_threshold_pct": [-0.1, 0.1],
                         "short_ema_span_0": [200, 1440],
                         "short_ema_span_1": [200, 1440],
                         "short_entry_grid_double_down_factor": [0.1, 3],
                         "short_entry_grid_spacing_pct": [0.001, 0.12],
                         "short_entry_grid_spacing_weight": [0, 10],
                         "short_entry_initial_ema_dist": [-0.1, 0.003],
                         "short_entry_initial_qty_pct": [0.005, 0.1],
                         "short_entry_trailing_grid_ratio": [-1, 1],
                         "short_entry_trailing_retracement_pct": [0, 0.1],
                         "short_entry_trailing_threshold_pct": [-0.1, 0.1],
                         "short_filter_relative_volume_clip_pct": [0.0, 1.0],
                         "short_filter_rolling_window": [10.0, 1440.0],
                         "short_n_positions": [1.0, 1.0],
                         "short_total_wallet_exposure_limit": [1.0, 1.0],
                         "short_unstuck_close_pct": [0.001, 0.1],
                         "short_unstuck_ema_dist": [-0.1, 0.01],