{"analysis": {"adg": 0.0012803451195386372,
              "drawdown_worst": 0.13718867531490733,
              "equity_balance_diff_max": 0.11493679856908527,
              "equity_balance_diff_mean": 0.007751211100574776,
              "loss_profit_ratio": 0.29330104047648026,
              "mdg": 0.0007842025405363359,
              "n_iters": 9530,
              "sharpe_ratio": 0.15695565706192177,
              "w_0": -0.0007842025405363359,
              "w_1": -0.15695565706192177},
 "backtest": {"base_dir": "backtests",
              "end_date": "now",
              "exchange": "binance",
              "start_date": "2021-05-01",
              "starting_balance": 100000,
              "symbols": ["ARBUSDT"]},
 "bot": {"long": {"close_grid_markup_range": 0.03357948486292034,
                  "close_grid_min_markup": 0.01351287997252368,
                  "close_grid_qty_pct": 0.09043642985713082,
                  "close_trailing_grid_ratio": 0.6354906728440253,
                  "close_trailing_qty_pct": 0.6349548745484281,
                  "close_trailing_retracement_pct": 0.023102950367821798,
                  "close_trailing_threshold_pct": -0.016621799149134635,
                  "ema_span_0": 415.64684268761755,
                  "ema_span_1": 1423.626706511538,
                  "entry_grid_double_down_factor": 1.1485748231592547,
                  "entry_grid_spacing_pct": 0.04586913882121164,
                  "entry_grid_spacing_weight": 2.6608567915839574,
                  "entry_initial_ema_dist": -0.008179539070215382,
                  "entry_initial_qty_pct": 0.005399261596483086,
                  "entry_trailing_grid_ratio": -0.274006126224889,
                  "entry_trailing_retracement_pct": 0.021950857511886412,
                  "entry_trailing_threshold_pct": -0.09177249610019035,
                  "filter_relative_volume_clip_pct": 0.4694096260621372,
                  "filter_rolling_window": 570.6276471172712,
                  "n_positions": 1.0,
                  "total_wallet_exposure_limit": 2.5,
                  "unstuck_close_pct": 0.003359826576376339,
                  "unstuck_ema_dist": -0.010734214492953297,
                  "unstuck_loss_allowance_pct": 0.02730567052868006,
                  "unstuck_threshold": 0.628660379644009},
         "short": {"close_grid_markup_range": 0.014447323011230688,
                   "close_grid_min_markup": 0.010043091368168042,
                   "close_grid_qty_pct": 0.9274359114795989,
                   "close_trailing_grid_ratio": 0.020125225117676445,
                   "close_trailing_qty_pct": 0.8287737984668556,
                   "close_trailing_retracement_pct": 0.02943363052342012,
                   "close_trailing_threshold_pct": 0.0657484714631226,
                   "ema_span_0": 759.6885223601299,
                   "ema_span_1": 959.1593862474124,
                   "entry_grid_double_down_factor": 2.103357840358608,
                   "entry_grid_spacing_pct": 0.04145215193394694,
                   "entry_grid_spacing_weight": 8.711173544667295,
                   "entry_initial_ema_dist": -0.016820694412864937,
                   "entry_initial_qty_pct": 0.08791477684147773,
                   "entry_trailing_grid_ratio": -0.04616136789449158,
                   "entry_trailing_retracement_pct": 0.006262911196653592,
                   "entry_trailing_threshold_pct": 0.041256057966061334,
                   "filter_relative_volume_clip_pct": 0.5309705953731317,
                   "filter_rolling_window": 210.98963304299937,
                   "n_positions": 1.0,
                   "total_wallet_exposure_limit": 1.0,
                   "unstuck_close_pct": 0.003134650444514289,
                   "unstuck_ema_dist": -0.005256033338938367,
                   "unstuck_loss_allowance_pct": 0.017414827839750794,
                   "unstuck_threshold": 0.8366299813880824}},
 "live": {"approved_coins": ["ARBUSDT"],
          "auto_gs": true,
          "coin_flags": {},
          "execution_delay_seconds": 2,
          "filter_by_min_effective_cost": true,
          "forced_mode_long": "",
          "forced_mode_short": "",
          "ignored_coins": [],
          "leverage": 10,
          "max_n_cancellations_per_batch": 5,
          "max_n_creations_per_batch": 3,
          "minimum_coin_age_days": 30,
          "ohlcv_rolling_window": 60,
          "pnls_max_lookback_days": 30,
          "price_distance_threshold": 0.002,
          "relative_volume_filter_clip_pct": 0.5,
          "time_in_force": "good_till_cancelled",
          "user": "hyperliquid_v7"},
 "optimize": {"bounds": {"long_close_grid_markup_range": [0, 0.06],
                         "long_close_grid_min_markup": [0.001, 0.06],
                         "long_close_grid_qty_pct": [0.05, 1],
                         "long_close_trailing_grid_ratio": [-1, 1],
                         "long_close_trailing_qty_pct": [0.05, 1],
                         "long_close_trailing_retracement_pct": [0, 0.3],
                         "long_close_trailing_threshold_pct": [-0.1, 0.1],
                         "long_ema_span_0": [200, 1440],
                         "long_ema_span_1": [200, 1440],
                         "long_entry_grid_double_down_factor": [0.1, 3],
                         "long_entry_grid_spacing_pct": [0.001, 0.12],
                         "long_entry_grid_spacing_weight": [0, 10],
                         "long_entry_initial_ema_dist": [-0.1, 0.003],
                         "long_entry_initial_qty_pct": [0.005, 0.1],
                         "long_entry_trailing_grid_ratio": [-1, 1],
                         "long_entry_trailing_retracement_pct": [0, 0.1],
                         "long_entry_trailing_threshold_pct": [-0.1, 0.1],
                         "long_filter_relative_volume_clip_pct": [0.0, 1.0],
                         "long_filter_rolling_window": [10.0, 1440.0],
                         "long_n_positions": [1.0, 1.0],
                         "long_total_wallet_exposure_limit": [2.5, 2.5],
                         "long_unstuck_close_pct": [0.001, 0.1],
                         "long_unstuck_ema_dist": [-0.1, 0.01],
                         "long_unstuck_loss_allowance_pct": [0, 0.05],
                         "long_unstuck_threshold": [0.4, 0.95],
                         "short_close_grid_markup_range": [0, 0.03],
                         "short_close_grid_min_markup": [0.001, 0.03],
                         "short_close_grid_qty_pct": [0.05, 1],
                         "short_close_trailing_grid_ratio": [-1, 1],
                         "short_close_trailing_qty_pct": [0.05, 1],
                         "short_close_trailing_retracement_pct": [0, 0.1],
                         "short_close_trailing_threshold_pct": [-0.1, 0.1],
                         "short_ema_span_0": [200, 1440],
                         "short_ema_span_1": [200, 1440],
                         "short_entry_grid_double_down_factor": [0.1, 3],
                         "short_entry_grid_spacing_pct": [0.001, 0.12],
                         "short_entry_grid_spacing_weight": [0, 10],
                         "short_entry_initial_ema_dist": [-0.1, 0.003],
                         "short_entry_initial_qty_pct": [0.005, 0.1],
                         "short_entry_trailing_grid_ratio": [-1, 1],
                         "short_entry_trailing_retracement_pct": [0, 0.1],
                         "short_entry_trailing_threshold_pct": [-0.1, 0.1],
                         "short_filter_relative_volume_clip_pct": [0.0, 1.0],
                         "short_filter_rolling_window": [10.0, 1440.0],
                         "short_n_positions": [1.0, 1.0],
                         "short_total_wallet_exposure_limit": [1.0, 1.0],
                         "short_unstuck_close_pct": [0.001, 0.1],
                         "short_unstuck_ema_dist": [-0.1, 0.01],