{"analysis": {"adg": 0.0012803451195386372,
              "drawdown_worst": 0.13718867531490733,
              "equity_balance_diff_max": 0.11493679856908527,
              "equity_balance_diff_mean": 0.007751211100574776,
              "loss_profit_ratio": 0.29330104047648026,
              "mdg": 0.0007842025405363359,
              "n_iters": 9530,
              "sharpe_ratio": 0.15695565706192177,
              "w_0": -0.0007842025405363359,
              "w_1": -0.15695565706192177},
 "backtest": {"base_dir": "backtests",
              "end_date": "now",
              "exchange": "binance",
              "start_date": "2021-05-01",
              "starting_balance": 100000,
              "symbols": ["ARBUSDT"]},
 "bot": {"long": {"close_grid_markup_range": 0.02045925116630157,
                  "close_grid_min_markup": 0.030077818379034896,
                  "close_grid_qty_pct": 0.3077641280722765,
                  "close_trailing_grid_ratio": 0.344649035558296,
                  "close_trailing_qty_pct": 0.36096920894409196,
                  "close_trailing_retracement_pct": 0.09189048142989172,
                  "close_trailing_threshold_pct": -0.0032605071870712406,
                  "ema_span_0": 1300.2680312253829,
                  "ema_span_1": 482.10334569983127,
                  "entry_grid_double_down_factor": 2.5157276012036327,
                  "entry_grid_spacing_pct": 0.08621233651402298,
                  "entry_grid_spacing_weight": 5.6873909683461985,
                  "entry_initial_ema_dist": -0.07606137904406253,
                  "entry_initial_qty_pct": 0.0075545047742874025,
                  "entry_trailing_grid_ratio": -0.0006437568086702927,
                  "entry_trailing_retracement_pct": 0.0312830255858912,
                  "entry_trailing_threshold_pct": 0.00037112730224271584,
                  "filter_relative_volume_clip_pct": 0.3663589983337732,
                  "filter_rolling_window": 414.42238889545763,
                  "n_positions": 1,
                  "total_wallet_exposure_limit": 2.5,
                  "unstuck_close_pct": 0.017723955008825548,
                  "unstuck_ema_dist": -0.011812773071343222,
                  "unstuck_loss_allowance_pct": 0.008306001542992113,
                  "unstuck_threshold": 0.45678361739588036},
         "short": {"close_grid_markup_range": 0.01287526603239858,
                   "close_grid_min_markup": 0.01707289511349424,
                   "close_grid_qty_pct": 0.6471793557227024,
                   "close_trailing_grid_ratio": 0.05550193528740674,
                   "close_trailing_qty_pct": 0.9437643349723283,
                   "close_trailing_retracement_pct": 0.012683775342568909,
                   "close_trailing_threshold_pct": 0.09230315975334005,
                   "ema_span_0": 1251.906588126363,
                   "ema_span_1": 1349.0453877932016,
                   "entry_grid_double_down_factor": 1.9300800054347298,
                   "entry_grid_spacing_pct": 0.029209158388891952,
                   "entry_grid_spacing_weight": 2.7763980118809055,
                   "entry_initial_ema_dist": -0.02729864874036316,
                   "entry_initial_qty_pct": 0.0633733877634523,
                   "entry_trailing_grid_ratio": -0.09341771106427305,
                   "entry_trailing_retracement_pct": 0.03827019747688783,
                   "entry_trailing_threshold_pct": 0.06028863118529635,
                   "filter_relative_volume_clip_pct": 0.34623572612577824,
                   "filter_rolling_window": 856.3045813224792,
                   "n_positions": 1,
                   "total_wallet_exposure_limit": 1,
                   "unstuck_close_pct": 0.09095829490004967,
                   "unstuck_ema_dist": -0.09880958988918304,
                   "unstuck_loss_allowance_pct": 0.01235008542835533,
                   "unstuck_threshold": 0.7631095486457756}},
 "live": {"approved_coins": ["ARBUSDT"],
          "auto_gs": true,
          "coin_flags": {},
          "execution_delay_seconds": 2,
          "filter_by_min_effective_cost": true,
          "forced_mode_long": "",
          "forced_mode_short": "",
          "ignored_coins": [],
          "leverage": 10,
          "max_n_cancellations_per_batch": 5,
          "max_n_creations_per_batch": 3,
          "minimum_coin_age_days": 30,
          "ohlcv_rolling_window": 60,
          "pnls_max_lookback_days": 30,
          "price_distance_threshold": 0.002,
          "relative_volume_filter_clip_pct": 0.5,
          "time_in_force": "good_till_cancelled",
          "user": "hyperliquid_v7"},
 "optimize": {"bounds": {"long_close_grid_markup_range": [0, 0.06],
                         "long_close_grid_min_markup": [0.001, 0.06],
                         "long_close_grid_qty_pct": [0.05, 1],
                         "long_close_trailing_grid_ratio": [-1, 1],
                         "long_close_trailing_qty_pct": [0.05, 1],
                         "long_close_trailing_retracement_pct": [0, 0.3],
                         "long_close_trailing_threshold_pct": [-0.1, 0.1],
                         "long_ema_span_0": [200, 1440],
                         "long_ema_span_1": [200, 1440],
                         "long_entry_grid_double_down_factor": [0.1, 3],
                         "long_entry_grid_spacing_pct": [0.001, 0.12],
                         "long_entry_grid_spacing_weight": [0, 10],
                         "long_entry_initial_ema_dist": [-0.1, 0.003],
                         "long_entry_initial_qty_pct": [0.005, 0.1],
                         "long_entry_trailing_grid_ratio": [-1, 1],
                         "long_entry_trailing_retracement_pct": [0, 0.1],
                         "long_entry_trailing_threshold_pct": [-0.1, 0.1],
                         "long_filter_relative_volume_clip_pct": [0, 1],
                         "long_filter_rolling_window": [10, 1440],
                         "long_n_positions": [1, 1],
                         "long_total_wallet_exposure_limit": [2.5, 2.5],
                         "long_unstuck_close_pct": [0.001, 0.1],
                         "long_unstuck_ema_dist": [-0.1, 0.01],
                         "long_unstuck_loss_allowance_pct": [0, 0.05],
                         "long_unstuck_threshold": [0.4, 0.95],
                         "short_close_grid_markup_range": [0, 0.03],
                         "short_close_grid_min_markup": [0.001, 0.03],
                         "short_close_grid_qty_pct": [0.05, 1],
                         "short_close_trailing_grid_ratio": [-1, 1],
                         "short_close_trailing_qty_pct": [0.05, 1],
                         "short_close_trailing_retracement_pct": [0, 0.1],
                         "short_close_trailing_threshold_pct": [-0.1, 0.1],
                         "short_ema_span_0": [200, 1440],
                         "short_ema_span_1": [200, 1440],
                         "short_entry_grid_double_down_factor": [0.1, 3],
                         "short_entry_grid_spacing_pct": [0.001, 0.12],
                         "short_entry_grid_spacing_weight": [0, 10],
                         "short_entry_initial_ema_dist": [-0.1, 0.003],
                         "short_entry_initial_qty_pct": [0.005, 0.1],
                         "short_entry_trailing_grid_ratio": [-1, 1],
                         "short_entry_trailing_retracement_pct": [0, 0.1],
                         "short_entry_trailing_threshold_pct": [-0.1, 0.1],
                         "short_filter_relative_volume_clip_pct": [0, 1],
                         "short_filter_rolling_window": [10, 1440],
                         "short_n_positions": [1, 1],
                         "short_total_wallet_exposure_limit": [1, 1],
                         "short_unstuck_close_pct": [0.001, 0.1],
                         "short_unstuck_ema_dist": [-0.1, 0.01],
                         "short_unstuck_loss_allowance_pct": [0, 0.05],