{
    "analysis": {
        "adg": 0.0012803451195386372,
        "drawdown_worst": 0.13718867531490733,
        "equity_balance_diff_max": 0.11493679856908527,
        "equity_balance_diff_mean": 0.007751211100574776,
        "loss_profit_ratio": 0.29330104047648026,
        "mdg": 0.0007842025405363359,
        "n_iters": 9530,
        "sharpe_ratio": 0.15695565706192177,
        "w_0": -0.0007842025405363359,
        "w_1": -0.15695565706192177
    },
    "backtest": {
        "base_dir": "backtests",
        "end_date": "now",
        "exchange": "binance",
        "start_date": "2021-05-01",
        "starting_balance": 100000,
        "symbols": [
            "ARBUSDT"
        ]
    },
    "bot": {
        "long": {
            "close_grid_markup_range": 0.01359091750141857,
            "close_grid_min_markup": 0.03317287344896254,
            "close_grid_qty_pct": 0.40650942020993563,
            "close_trailing_grid_ratio": -0.3633537766009464,
            "close_trailing_qty_pct": 0.6554078046765427,
            "close_trailing_retracement_pct": 0.15230439662138628,
            "close_trailing_threshold_pct": -0.06285313247055167,
            "ema_span_0": 1343.3687822090174,
            "ema_span_1": 912.7422323565967,
            "entry_grid_double_down_factor": 0.6829308612579752,
            "entry_grid_spacing_pct": 0.113996938412875,
            "entry_grid_spacing_weight": 0.7603739066609285,
            "entry_initial_ema_dist": -0.08880546401890045,
            "entry_initial_qty_pct": 0.042941581630002446,
            "entry_trailing_grid_ratio": 0.43555003236126283,
            "entry_trailing_retracement_pct": 0.08706590726178808,
            "entry_trailing_threshold_pct": -0.03230466515566141,
            "n_positions": 19.73375092479375,
            "total_wallet_exposure_limit": 3.7487520941763277,
            "unstuck_close_pct": 0.0949992181402288,
            "unstuck_ema_dist": -0.020625437203670577,
            "unstuck_loss_allowance_pct": 0.03418608085562949,
            "unstuck_threshold": 0.5286327056358497
        },
        "short": {
            "close_grid_markup_range": 0.002401413902332736,
            "close_grid_min_markup": 0.006304158856111735,
            "close_grid_qty_pct": 0.6094087228483495,
            "close_trailing_grid_ratio": -0.08446008309517689,
            "close_trailing_qty_pct": 0.774055565836484,
            "close_trailing_retracement_pct": 0.03276915918552073,
            "close_trailing_threshold_pct": 0.013625721093061975,
            "ema_span_0": 494.8210350552438,
            "ema_span_1": 205.39923910800132,
            "entry_grid_double_down_factor": 1.763988641390661,
            "entry_grid_spacing_pct": 0.02973561070431694,
            "entry_grid_spacing_weight": 6.375193662424201,
            "entry_initial_ema_dist": -0.013132892443011137,
            "entry_initial_qty_pct": 0.06227446972409201,
            "entry_trailing_grid_ratio": -0.18185946132863995,
            "entry_trailing_retracement_pct": 0.058232295747319224,
            "entry_trailing_threshold_pct": -0.020076855010118005,
            "n_positions": 0,
            "total_wallet_exposure_limit": 3.992567745358661,
            "unstuck_close_pct": 0.04703716450495141,
            "unstuck_ema_dist": 0.006843315660430147,
            "unstuck_loss_allowance_pct": 0.020399498737502218,
            "unstuck_threshold": 0.5101975671415213
        }
    },
    "live": {
        "approved_coins": [
            "ARBUSDT"
        ],
        "auto_gs": true,
        "coin_flags": {},
        "execution_delay_seconds": 2,
        "filter_by_min_effective_cost": true,
        "forced_mode_long": "",
        "forced_mode_short": "",
        "ignored_coins": [
            "COIN1",
            "COIN2"
        ],
        "leverage": 10,
        "max_n_cancellations_per_batch": 5,
        "max_n_creations_per_batch": 3,
        "minimum_coin_age_days": 30,
        "ohlcv_rolling_window": 60,
        "pnls_max_lookback_days": 30,
        "price_distance_threshold": 0.002,
        "relative_volume_filter_clip_pct": 0.5,
        "time_in_force": "good_till_cancelled",
        "user": "hyperliquid_v7"
    },
    "optimize": {
        "bounds": {
            "long_close_grid_markup_range": [
                0,
                0.06
            ],
            "long_close_grid_min_markup": [
                0.001,
                0.06
            ],
            "long_close_grid_qty_pct": [
                0.05,
                1
            ],
            "long_close_trailing_grid_ratio": [
                -1,
                1
            ],
            "long_close_trailing_qty_pct": [
                0.05,
                1
            ],
            "long_close_trailing_retracement_pct": [
                0,
                0.3
            ],
            "long_close_trailing_threshold_pct": [
                -0.1,
                0.1
            ],
            "long_ema_span_0": [
                200,
                1440
            ],
            "long_ema_span_1": [
                200,
                1440
            ],
            "long_entry_grid_double_down_factor": [
                0.1,
                3
            ],
            "long_entry_grid_spacing_pct": [
                0.001,
                0.12
            ],
            "long_entry_grid_spacing_weight": [
                0,
                10
            ],
            "long_entry_initial_ema_dist": [
                -0.1,
                0.003
            ],
            "long_entry_initial_qty_pct": [
                0.005,
                0.1
            ],
            "long_entry_trailing_grid_ratio": [
                -1,
                1
            ],
            "long_entry_trailing_retracement_pct": [
                0,
                0.1
            ],
            "long_entry_trailing_threshold_pct": [
                -0.1,
                0.1
            ],
            "long_n_positions": [
                1,
                20
            ],
            "long_total_wallet_exposure_limit": [
                2,
                4
            ],
            "long_unstuck_close_pct": [
                0.001,
                0.1
            ],
            "long_unstuck_ema_dist": [
                -0.1,
                0.01
            ],
            "long_unstuck_loss_allowance_pct": [
                0,
                0.05
            ],
            "long_unstuck_threshold": [
                0.4,
                0.95
            ],
            "short_close_grid_markup_range": [
                0,
                0.03
            ],
            "short_close_grid_min_markup": [
                0.001,
                0.03
            ],
            "short_close_grid_qty_pct": [
                0.05,
                1
            ],
            "short_close_trailing_grid_ratio": [
                -1,
                1
            ],
            "short_close_trailing_qty_pct": [
                0.05,
                1
            ],
            "short_close_trailing_retracement_pct": [
                0,
                0.1
            ],
            "short_close_trailing_threshold_pct": [
                -0.1,
                0.1
            ],
            "short_ema_span_0": [
                200,
                1440
            ],
            "short_ema_span_1": [
                200,
                1440
            ],
            "short_entry_grid_double_down_factor": [
                0.1,
                3
            ],
            "short_entry_grid_spacing_pct": [
                0.001,
                0.12
            ],
            "short_entry_grid_spacing_weight": [
                0,
                10
            ],
            "short_entry_initial_ema_dist": [
                -0.1,
                0.003
            ],
            "short_entry_initial_qty_pct": [
                0.005,
                0.1
            ],