{"analysis": {"adg": 0.0007905870083968146,
              "drawdown_worst": 0.1902389233761741,
              "equity_balance_diff_max": 0.16204978349697016,
              "equity_balance_diff_mean": 0.0012614503956932424,
              "loss_profit_ratio": 0.5415433624474145,
              "mdg": 0.0003602902987648427,
              "n_iters": 9477,
              "sharpe_ratio": 0.17111382655724294,
              "w_0": -0.0003602902987648427,
              "w_1": -0.17111382655724294},
 "backtest": {"base_dir": "backtests",
              "end_date": "now",
              "exchange": "binance",
              "start_date": "2021-05-01",
              "starting_balance": 100000,
              "symbols": ["ARUSDT"]},
 "bot": {"long": {"close_grid_markup_range": 0.02380382242940983,
                  "close_grid_min_markup": 0.023525916305995348,
                  "close_grid_qty_pct": 0.7133202951150767,
                  "close_trailing_grid_ratio": 0.03001704619452006,
                  "close_trailing_qty_pct": 0.8968134770035061,
                  "close_trailing_retracement_pct": 0.18965001447957774,
                  "close_trailing_threshold_pct": -0.029064424650507882,
                  "ema_span_0": 1366.6266909563813,
                  "ema_span_1": 1102.5297237615869,
                  "entry_grid_double_down_factor": 1.003832926763095,
                  "entry_grid_spacing_pct": 0.10570122296323718,
                  "entry_grid_spacing_weight": 2.09718863386828,
                  "entry_initial_ema_dist": -0.06078955906329033,
                  "entry_initial_qty_pct": 0.013106893651705325,
                  "entry_trailing_grid_ratio": -0.10109007088125821,
                  "entry_trailing_retracement_pct": 0.041522314768181016,
                  "entry_trailing_threshold_pct": -0.07670908265712295,
                  "filter_relative_volume_clip_pct": 0.16563137918388543,
                  "filter_rolling_window": 1081.3204767740542,
                  "n_positions": 1,
                  "total_wallet_exposure_limit": 2.5,
                  "unstuck_close_pct": 0.08802148212949745,
                  "unstuck_ema_dist": -0.05740043170594214,
                  "unstuck_loss_allowance_pct": 0.0036727187243826955,
                  "unstuck_threshold": 0.881583147164074},
         "short": {"close_grid_markup_range": 0.012589368170613208,
                   "close_grid_min_markup": 0.0061731468065352214,
                   "close_grid_qty_pct": 0.9648714728865988,
                   "close_trailing_grid_ratio": -0.7000989128569814,
                   "close_trailing_qty_pct": 0.36970809763037704,
                   "close_trailing_retracement_pct": 0.017234423731484025,
                   "close_trailing_threshold_pct": -0.017008271615060223,
                   "ema_span_0": 1299.198739724335,
                   "ema_span_1": 908.4300485885612,
                   "entry_grid_double_down_factor": 0.9564767930766765,
                   "entry_grid_spacing_pct": 0.11247850041221945,
                   "entry_grid_spacing_weight": 4.511366716348517,
                   "entry_initial_ema_dist": -0.007459568772974056,
                   "entry_initial_qty_pct": 0.01105411684749636,
                   "entry_trailing_grid_ratio": -0.9290330914203906,
                   "entry_trailing_retracement_pct": 0.09166491710242823,
                   "entry_trailing_threshold_pct": -0.05655546741445155,
                   "filter_relative_volume_clip_pct": 0.64298058957107,
                   "filter_rolling_window": 752.6618918190776,
                   "n_positions": 1,
                   "total_wallet_exposure_limit": 1,
                   "unstuck_close_pct": 0.0688284304118133,
                   "unstuck_ema_dist": -0.06856596922091981,
                   "unstuck_loss_allowance_pct": 0.03124813272937446,
                   "unstuck_threshold": 0.6341128932094562}},
 "live": {"approved_coins": ["ARUSDT"],
          "auto_gs": true,
          "coin_flags": {},
          "execution_delay_seconds": 2,
          "filter_by_min_effective_cost": true,
          "forced_mode_long": "",
          "forced_mode_short": "",
          "ignored_coins": [],
          "leverage": 10,
          "max_n_cancellations_per_batch": 5,
          "max_n_creations_per_batch": 3,
          "minimum_coin_age_days": 30,
          "ohlcv_rolling_window": 60,
          "pnls_max_lookback_days": 30,
          "price_distance_threshold": 0.002,
          "relative_volume_filter_clip_pct": 0.5,
          "time_in_force": "good_till_cancelled",
          "user": "hyperliquid_v7"},
 "optimize": {"bounds": {"long_close_grid_markup_range": [0, 0.06],
                         "long_close_grid_min_markup": [0.001, 0.06],
                         "long_close_grid_qty_pct": [0.05, 1],
                         "long_close_trailing_grid_ratio": [-1, 1],
                         "long_close_trailing_qty_pct": [0.05, 1],
                         "long_close_trailing_retracement_pct": [0, 0.3],
                         "long_close_trailing_threshold_pct": [-0.1, 0.1],
                         "long_ema_span_0": [200, 1440],
                         "long_ema_span_1": [200, 1440],
                         "long_entry_grid_double_down_factor": [0.1, 3],
                         "long_entry_grid_spacing_pct": [0.001, 0.12],
                         "long_entry_grid_spacing_weight": [0, 10],
                         "long_entry_initial_ema_dist": [-0.1, 0.003],
                         "long_entry_initial_qty_pct": [0.005, 0.1],
                         "long_entry_trailing_grid_ratio": [-1, 1],
                         "long_entry_trailing_retracement_pct": [0, 0.1],
                         "long_entry_trailing_threshold_pct": [-0.1, 0.1],
                         "long_filter_relative_volume_clip_pct": [0, 1],
                         "long_filter_rolling_window": [10, 1440],
                         "long_n_positions": [1, 1],
                         "long_total_wallet_exposure_limit": [2.5, 2.5],
                         "long_unstuck_close_pct": [0.001, 0.1],
                         "long_unstuck_ema_dist": [-0.1, 0.01],
                         "long_unstuck_loss_allowance_pct": [0, 0.05],
                         "long_unstuck_threshold": [0.4, 0.95],
                         "short_close_grid_markup_range": [0, 0.03],
                         "short_close_grid_min_markup": [0.001, 0.03],
                         "short_close_grid_qty_pct": [0.05, 1],
                         "short_close_trailing_grid_ratio": [-1, 1],
                         "short_close_trailing_qty_pct": [0.05, 1],
                         "short_close_trailing_retracement_pct": [0, 0.1],
                         "short_close_trailing_threshold_pct": [-0.1, 0.1],
                         "short_ema_span_0": [200, 1440],
                         "short_ema_span_1": [200, 1440],
                         "short_entry_grid_double_down_factor": [0.1, 3],
                         "short_entry_grid_spacing_pct": [0.001, 0.12],
                         "short_entry_grid_spacing_weight": [0, 10],
                         "short_entry_initial_ema_dist": [-0.1, 0.003],
                         "short_entry_initial_qty_pct": [0.005, 0.1],
                         "short_entry_trailing_grid_ratio": [-1, 1],
                         "short_entry_trailing_retracement_pct": [0, 0.1],
                         "short_entry_trailing_threshold_pct": [-0.1, 0.1],
                         "short_filter_relative_volume_clip_pct": [0, 1],
                         "short_filter_rolling_window": [10, 1440],
                         "short_n_positions": [1, 1],
                         "short_total_wallet_exposure_limit": [1, 1],
                         "short_unstuck_close_pct": [0.001, 0.1],
                         "short_unstuck_ema_dist": [-0.1, 0.01],
                         "short_unstuck_loss_allowance_pct": [0, 0.05],