{"analysis": {"adg": 0.0007905870083968146,
              "drawdown_worst": 0.1902389233761741,
              "equity_balance_diff_max": 0.16204978349697016,
              "equity_balance_diff_mean": 0.0012614503956932424,
              "loss_profit_ratio": 0.5415433624474145,
              "mdg": 0.0003602902987648427,
              "n_iters": 9477,
              "sharpe_ratio": 0.17111382655724294,
              "w_0": -0.0003602902987648427,
              "w_1": -0.17111382655724294},
 "backtest": {"base_dir": "backtests",
              "end_date": "now",
              "exchange": "binance",
              "start_date": "2021-05-01",
              "starting_balance": 100000,
              "symbols": ["ARUSDT"]},
 "bot": {"long": {"close_grid_markup_range": 0.03392049812314544,
                  "close_grid_min_markup": 0.03528548469533009,
                  "close_grid_qty_pct": 0.07612149837006965,
                  "close_trailing_grid_ratio": 0.6622557762549336,
                  "close_trailing_qty_pct": 0.13310616901745148,
                  "close_trailing_retracement_pct": 0.15621376487756333,
                  "close_trailing_threshold_pct": -0.06088877071003721,
                  "ema_span_0": 363.9199777774629,
                  "ema_span_1": 464.26708421736515,
                  "entry_grid_double_down_factor": 0.41760705751872373,
                  "entry_grid_spacing_pct": 0.09310632236795859,
                  "entry_grid_spacing_weight": 8.120558555104187,
                  "entry_initial_ema_dist": -0.0674653052208983,
                  "entry_initial_qty_pct": 0.017414394269491533,
                  "entry_trailing_grid_ratio": -0.20641113016044724,
                  "entry_trailing_retracement_pct": 0.04938562646154903,
                  "entry_trailing_threshold_pct": 0.019864723385401482,
                  "filter_relative_volume_clip_pct": 0.1316885207754772,
                  "filter_rolling_window": 524.1363829661401,
                  "n_positions": 1.0,
                  "total_wallet_exposure_limit": 2.5,
                  "unstuck_close_pct": 0.002577811390895744,
                  "unstuck_ema_dist": -0.025704868285559197,
                  "unstuck_loss_allowance_pct": 0.03833573107164446,
                  "unstuck_threshold": 0.6529279034639345},
         "short": {"close_grid_markup_range": 0.02369361244976086,
                   "close_grid_min_markup": 0.006513271542098056,
                   "close_grid_qty_pct": 0.27069505670861566,
                   "close_trailing_grid_ratio": -0.6880433957996308,
                   "close_trailing_qty_pct": 0.2678196256843129,
                   "close_trailing_retracement_pct": 0.007795395386796542,
                   "close_trailing_threshold_pct": 0.021080460631546186,
                   "ema_span_0": 777.1785352555637,
                   "ema_span_1": 436.2521717779391,
                   "entry_grid_double_down_factor": 2.220396983509322,
                   "entry_grid_spacing_pct": 0.07291355942360392,
                   "entry_grid_spacing_weight": 4.165118941527946,
                   "entry_initial_ema_dist": -0.08705319863651552,
                   "entry_initial_qty_pct": 0.01722305552097392,
                   "entry_trailing_grid_ratio": 0.29957352161277145,
                   "entry_trailing_retracement_pct": 0.09661200507415144,
                   "entry_trailing_threshold_pct": 0.06783388125236756,
                   "filter_relative_volume_clip_pct": 0.19680011507213185,
                   "filter_rolling_window": 1162.0580562262455,
                   "n_positions": 1.0,
                   "total_wallet_exposure_limit": 1.0,
                   "unstuck_close_pct": 0.028519146113291025,
                   "unstuck_ema_dist": -0.09586477965793805,
                   "unstuck_loss_allowance_pct": 0.010731108631783915,
                   "unstuck_threshold": 0.7352702696429658}},
 "live": {"approved_coins": ["ARUSDT"],
          "auto_gs": true,
          "coin_flags": {},
          "execution_delay_seconds": 2,
          "filter_by_min_effective_cost": true,
          "forced_mode_long": "",
          "forced_mode_short": "",
          "ignored_coins": [],
          "leverage": 10,
          "max_n_cancellations_per_batch": 5,
          "max_n_creations_per_batch": 3,
          "minimum_coin_age_days": 30,
          "ohlcv_rolling_window": 60,
          "pnls_max_lookback_days": 30,
          "price_distance_threshold": 0.002,
          "relative_volume_filter_clip_pct": 0.5,
          "time_in_force": "good_till_cancelled",
          "user": "hyperliquid_v7"},
 "optimize": {"bounds": {"long_close_grid_markup_range": [0, 0.06],
                         "long_close_grid_min_markup": [0.001, 0.06],
                         "long_close_grid_qty_pct": [0.05, 1],
                         "long_close_trailing_grid_ratio": [-1, 1],
                         "long_close_trailing_qty_pct": [0.05, 1],
                         "long_close_trailing_retracement_pct": [0, 0.3],
                         "long_close_trailing_threshold_pct": [-0.1, 0.1],
                         "long_ema_span_0": [200, 1440],
                         "long_ema_span_1": [200, 1440],
                         "long_entry_grid_double_down_factor": [0.1, 3],
                         "long_entry_grid_spacing_pct": [0.001, 0.12],
                         "long_entry_grid_spacing_weight": [0, 10],
                         "long_entry_initial_ema_dist": [-0.1, 0.003],
                         "long_entry_initial_qty_pct": [0.005, 0.1],
                         "long_entry_trailing_grid_ratio": [-1, 1],
                         "long_entry_trailing_retracement_pct": [0, 0.1],
                         "long_entry_trailing_threshold_pct": [-0.1, 0.1],
                         "long_filter_relative_volume_clip_pct": [0.0, 1.0],
                         "long_filter_rolling_window": [10.0, 1440.0],
                         "long_n_positions": [1.0, 1.0],
                         "long_total_wallet_exposure_limit": [2.5, 2.5],
                         "long_unstuck_close_pct": [0.001, 0.1],
                         "long_unstuck_ema_dist": [-0.1, 0.01],
                         "long_unstuck_loss_allowance_pct": [0, 0.05],
                         "long_unstuck_threshold": [0.4, 0.95],
                         "short_close_grid_markup_range": [0, 0.03],
                         "short_close_grid_min_markup": [0.001, 0.03],
                         "short_close_grid_qty_pct": [0.05, 1],
                         "short_close_trailing_grid_ratio": [-1, 1],
                         "short_close_trailing_qty_pct": [0.05, 1],
                         "short_close_trailing_retracement_pct": [0, 0.1],
                         "short_close_trailing_threshold_pct": [-0.1, 0.1],
                         "short_ema_span_0": [200, 1440],
                         "short_ema_span_1": [200, 1440],
                         "short_entry_grid_double_down_factor": [0.1, 3],
                         "short_entry_grid_spacing_pct": [0.001, 0.12],
                         "short_entry_grid_spacing_weight": [0, 10],
                         "short_entry_initial_ema_dist": [-0.1, 0.003],
                         "short_entry_initial_qty_pct": [0.005, 0.1],
                         "short_entry_trailing_grid_ratio": [-1, 1],
                         "short_entry_trailing_retracement_pct": [0, 0.1],
                         "short_entry_trailing_threshold_pct": [-0.1, 0.1],
                         "short_filter_relative_volume_clip_pct": [0.0, 1.0],
                         "short_filter_rolling_window": [10.0, 1440.0],
                         "short_n_positions": [1.0, 1.0],
                         "short_total_wallet_exposure_limit": [1.0, 1.0],
                         "short_unstuck_close_pct": [0.001, 0.1],
                         "short_unstuck_ema_dist": [-0.1, 0.01],