{"analysis": {"adg": 0.0005532116560559969,
              "drawdown_worst": 0.20153268016774165,
              "equity_balance_diff_max": 0.19215276226039138,
              "equity_balance_diff_mean": 0.0012126938615524285,
              "loss_profit_ratio": 0.539705657238732,
              "mdg": 0.00037365798063035866,
              "n_iters": 9515,
              "sharpe_ratio": 0.13802749948254425,
              "w_0": -0.00037365798063035866,
              "w_1": -0.13802749948254425},
 "backtest": {"base_dir": "backtests",
              "end_date": "now",
              "exchange": "binance",
              "start_date": "2021-05-01",
              "starting_balance": 100000,
              "symbols": ["ATOMUSDT"]},
 "bot": {"long": {"close_grid_markup_range": 0.04583395300217066,
                  "close_grid_min_markup": 0.05850295835765686,
                  "close_grid_qty_pct": 0.6537322747540696,
                  "close_trailing_grid_ratio": -0.9591057863277189,
                  "close_trailing_qty_pct": 0.7590726958679688,
                  "close_trailing_retracement_pct": 0.025109355609234697,
                  "close_trailing_threshold_pct": -0.00484673370877153,
                  "ema_span_0": 1419.8412005577557,
                  "ema_span_1": 925.6778124209225,
                  "entry_grid_double_down_factor": 1.5223975392445113,
                  "entry_grid_spacing_pct": 0.11733891610011603,
                  "entry_grid_spacing_weight": 5.327485893535099,
                  "entry_initial_ema_dist": -0.03732630666471114,
                  "entry_initial_qty_pct": 0.014618198715323341,
                  "entry_trailing_grid_ratio": -0.2641088427574987,
                  "entry_trailing_retracement_pct": 0.06824898235165454,
                  "entry_trailing_threshold_pct": -0.037119048837964276,
                  "filter_relative_volume_clip_pct": 0.15138316553196585,
                  "filter_rolling_window": 327.80361860758234,
                  "n_positions": 1.0,
                  "total_wallet_exposure_limit": 2.5,
                  "unstuck_close_pct": 0.007285485440443287,
                  "unstuck_ema_dist": -0.05205950459705185,
                  "unstuck_loss_allowance_pct": 0.024945123379711453,
                  "unstuck_threshold": 0.6783803973080831},
         "short": {"close_grid_markup_range": 0.01924543525270376,
                   "close_grid_min_markup": 0.0069412952576604625,
                   "close_grid_qty_pct": 0.1359059757511854,
                   "close_trailing_grid_ratio": -0.017818318265785574,
                   "close_trailing_qty_pct": 0.8352070170999001,
                   "close_trailing_retracement_pct": 0.06656103105264548,
                   "close_trailing_threshold_pct": -0.044869185674653075,
                   "ema_span_0": 267.4647224605999,
                   "ema_span_1": 1151.3547791073092,
                   "entry_grid_double_down_factor": 2.158662340595707,
                   "entry_grid_spacing_pct": 0.10108386036529654,
                   "entry_grid_spacing_weight": 5.387159616160133,
                   "entry_initial_ema_dist": -0.03600821257365899,
                   "entry_initial_qty_pct": 0.019716820977064727,
                   "entry_trailing_grid_ratio": -0.23363630468672447,
                   "entry_trailing_retracement_pct": 0.056044637150668486,
                   "entry_trailing_threshold_pct": -0.030825642348920577,
                   "filter_relative_volume_clip_pct": 0.7838223469917027,
                   "filter_rolling_window": 1155.0435321045386,
                   "n_positions": 1.0,
                   "total_wallet_exposure_limit": 1.0,
                   "unstuck_close_pct": 0.06591942555693031,
                   "unstuck_ema_dist": -0.03843107344676783,
                   "unstuck_loss_allowance_pct": 0.006269229094968097,
                   "unstuck_threshold": 0.6339191122360095}},
 "live": {"approved_coins": ["ATOMUSDT"],
          "auto_gs": true,
          "coin_flags": {},
          "execution_delay_seconds": 2,
          "filter_by_min_effective_cost": true,
          "forced_mode_long": "",
          "forced_mode_short": "",
          "ignored_coins": [],
          "leverage": 10,
          "max_n_cancellations_per_batch": 5,
          "max_n_creations_per_batch": 3,
          "minimum_coin_age_days": 30,
          "ohlcv_rolling_window": 60,
          "pnls_max_lookback_days": 30,
          "price_distance_threshold": 0.002,
          "relative_volume_filter_clip_pct": 0.5,
          "time_in_force": "good_till_cancelled",
          "user": "hyperliquid_v7"},
 "optimize": {"bounds": {"long_close_grid_markup_range": [0, 0.06],
                         "long_close_grid_min_markup": [0.001, 0.06],
                         "long_close_grid_qty_pct": [0.05, 1],
                         "long_close_trailing_grid_ratio": [-1, 1],
                         "long_close_trailing_qty_pct": [0.05, 1],
                         "long_close_trailing_retracement_pct": [0, 0.3],
                         "long_close_trailing_threshold_pct": [-0.1, 0.1],
                         "long_ema_span_0": [200, 1440],
                         "long_ema_span_1": [200, 1440],
                         "long_entry_grid_double_down_factor": [0.1, 3],
                         "long_entry_grid_spacing_pct": [0.001, 0.12],
                         "long_entry_grid_spacing_weight": [0, 10],
                         "long_entry_initial_ema_dist": [-0.1, 0.003],
                         "long_entry_initial_qty_pct": [0.005, 0.1],
                         "long_entry_trailing_grid_ratio": [-1, 1],
                         "long_entry_trailing_retracement_pct": [0, 0.1],
                         "long_entry_trailing_threshold_pct": [-0.1, 0.1],
                         "long_filter_relative_volume_clip_pct": [0.0, 1.0],
                         "long_filter_rolling_window": [10.0, 1440.0],
                         "long_n_positions": [1.0, 1.0],
                         "long_total_wallet_exposure_limit": [2.5, 2.5],
                         "long_unstuck_close_pct": [0.001, 0.1],
                         "long_unstuck_ema_dist": [-0.1, 0.01],
                         "long_unstuck_loss_allowance_pct": [0, 0.05],
                         "long_unstuck_threshold": [0.4, 0.95],
                         "short_close_grid_markup_range": [0, 0.03],
                         "short_close_grid_min_markup": [0.001, 0.03],
                         "short_close_grid_qty_pct": [0.05, 1],
                         "short_close_trailing_grid_ratio": [-1, 1],
                         "short_close_trailing_qty_pct": [0.05, 1],
                         "short_close_trailing_retracement_pct": [0, 0.1],
                         "short_close_trailing_threshold_pct": [-0.1, 0.1],
                         "short_ema_span_0": [200, 1440],
                         "short_ema_span_1": [200, 1440],
                         "short_entry_grid_double_down_factor": [0.1, 3],
                         "short_entry_grid_spacing_pct": [0.001, 0.12],
                         "short_entry_grid_spacing_weight": [0, 10],
                         "short_entry_initial_ema_dist": [-0.1, 0.003],
                         "short_entry_initial_qty_pct": [0.005, 0.1],
                         "short_entry_trailing_grid_ratio": [-1, 1],
                         "short_entry_trailing_retracement_pct": [0, 0.1],
                         "short_entry_trailing_threshold_pct": [-0.1, 0.1],
                         "short_filter_relative_volume_clip_pct": [0.0, 1.0],
                         "short_filter_rolling_window": [10.0, 1440.0],
                         "short_n_positions": [1.0, 1.0],
                         "short_total_wallet_exposure_limit": [1.0, 1.0],
                         "short_unstuck_close_pct": [0.001, 0.1],
                         "short_unstuck_ema_dist": [-0.1, 0.01],