{
    "analysis": {
        "adg": 0.0005532116560559969,
        "drawdown_worst": 0.20153268016774165,
        "equity_balance_diff_max": 0.19215276226039138,
        "equity_balance_diff_mean": 0.0012126938615524285,
        "loss_profit_ratio": 0.539705657238732,
        "mdg": 0.00037365798063035866,
        "n_iters": 9515,
        "sharpe_ratio": 0.13802749948254425,
        "w_0": -0.00037365798063035866,
        "w_1": -0.13802749948254425
    },
    "backtest": {
        "base_dir": "backtests",
        "end_date": "now",
        "exchange": "binance",
        "start_date": "2021-05-01",
        "starting_balance": 100000,
        "symbols": [
            "ATOMUSDT"
        ]
    },
    "bot": {
        "long": {
            "close_grid_markup_range": 0.0065119029161819575,
            "close_grid_min_markup": 0.0109226819731204,
            "close_grid_qty_pct": 0.737619640985121,
            "close_trailing_grid_ratio": -0.08742132241772882,
            "close_trailing_qty_pct": 0.5462779243318895,
            "close_trailing_retracement_pct": 0.030924065230021433,
            "close_trailing_threshold_pct": -0.07361739135430968,
            "ema_span_0": 560.2977509876655,
            "ema_span_1": 913.1911336767189,
            "entry_grid_double_down_factor": 1.8300806170028174,
            "entry_grid_spacing_pct": 0.045941089360636636,
            "entry_grid_spacing_weight": 0.2127138344254338,
            "entry_initial_ema_dist": -0.02367004960598197,
            "entry_initial_qty_pct": 0.034552078672355255,
            "entry_trailing_grid_ratio": -0.2505197338732798,
            "entry_trailing_retracement_pct": 0.057468149590379186,
            "entry_trailing_threshold_pct": 0.037365946081417814,
            "n_positions": 9.274663617336188,
            "total_wallet_exposure_limit": 3.630791983568154,
            "unstuck_close_pct": 0.06087103770183512,
            "unstuck_ema_dist": -0.029727391537426564,
            "unstuck_loss_allowance_pct": 0.04713335422779694,
            "unstuck_threshold": 0.5403926368112426
        },
        "short": {
            "close_grid_markup_range": 0.025321363043321686,
            "close_grid_min_markup": 0.026741790377865084,
            "close_grid_qty_pct": 0.2536963463991219,
            "close_trailing_grid_ratio": 0.044540336842307904,
            "close_trailing_qty_pct": 0.8235002479815637,
            "close_trailing_retracement_pct": 0.09626677358417601,
            "close_trailing_threshold_pct": -0.01858175413469873,
            "ema_span_0": 1317.8483238792069,
            "ema_span_1": 1402.4395498064137,
            "entry_grid_double_down_factor": 0.7604409757173464,
            "entry_grid_spacing_pct": 0.04782502644794182,
            "entry_grid_spacing_weight": 8.65644122537072,
            "entry_initial_ema_dist": -0.0252862498759265,
            "entry_initial_qty_pct": 0.04988716206299499,
            "entry_trailing_grid_ratio": -0.3667910894964118,
            "entry_trailing_retracement_pct": 0.0013517536691328921,
            "entry_trailing_threshold_pct": 0.07793762063050944,
            "n_positions": 0,
            "total_wallet_exposure_limit": 1.132279789558999,
            "unstuck_close_pct": 0.045811645626709925,
            "unstuck_ema_dist": 0.0015423848435834843,
            "unstuck_loss_allowance_pct": 0.03130600114299617,
            "unstuck_threshold": 0.720397350950893
        }
    },
    "live": {
        "approved_coins": [
            "ATOMUSDT"
        ],
        "auto_gs": true,
        "coin_flags": {},
        "execution_delay_seconds": 2,
        "filter_by_min_effective_cost": true,
        "forced_mode_long": "",
        "forced_mode_short": "",
        "ignored_coins": [
            "COIN1",
            "COIN2"
        ],
        "leverage": 10,
        "max_n_cancellations_per_batch": 5,
        "max_n_creations_per_batch": 3,
        "minimum_coin_age_days": 30,
        "ohlcv_rolling_window": 60,
        "pnls_max_lookback_days": 30,
        "price_distance_threshold": 0.002,
        "relative_volume_filter_clip_pct": 0.5,
        "time_in_force": "good_till_cancelled",
        "user": "hyperliquid_v7"
    },
    "optimize": {
        "bounds": {
            "long_close_grid_markup_range": [
                0,
                0.06
            ],
            "long_close_grid_min_markup": [
                0.001,
                0.06
            ],
            "long_close_grid_qty_pct": [
                0.05,
                1
            ],
            "long_close_trailing_grid_ratio": [
                -1,
                1
            ],
            "long_close_trailing_qty_pct": [
                0.05,
                1
            ],
            "long_close_trailing_retracement_pct": [
                0,
                0.3
            ],
            "long_close_trailing_threshold_pct": [
                -0.1,
                0.1
            ],
            "long_ema_span_0": [
                200,
                1440
            ],
            "long_ema_span_1": [
                200,
                1440
            ],
            "long_entry_grid_double_down_factor": [
                0.1,
                3
            ],
            "long_entry_grid_spacing_pct": [
                0.001,
                0.12
            ],
            "long_entry_grid_spacing_weight": [
                0,
                10
            ],
            "long_entry_initial_ema_dist": [
                -0.1,
                0.003
            ],
            "long_entry_initial_qty_pct": [
                0.005,
                0.1
            ],
            "long_entry_trailing_grid_ratio": [
                -1,
                1
            ],
            "long_entry_trailing_retracement_pct": [
                0,
                0.1
            ],
            "long_entry_trailing_threshold_pct": [
                -0.1,
                0.1
            ],
            "long_n_positions": [
                1,
                20
            ],
            "long_total_wallet_exposure_limit": [
                2,
                4
            ],
            "long_unstuck_close_pct": [
                0.001,
                0.1
            ],
            "long_unstuck_ema_dist": [
                -0.1,
                0.01
            ],
            "long_unstuck_loss_allowance_pct": [
                0,
                0.05
            ],
            "long_unstuck_threshold": [
                0.4,
                0.95
            ],
            "short_close_grid_markup_range": [
                0,
                0.03
            ],
            "short_close_grid_min_markup": [
                0.001,
                0.03
            ],
            "short_close_grid_qty_pct": [
                0.05,
                1
            ],
            "short_close_trailing_grid_ratio": [
                -1,
                1
            ],
            "short_close_trailing_qty_pct": [
                0.05,
                1
            ],
            "short_close_trailing_retracement_pct": [
                0,
                0.1
            ],
            "short_close_trailing_threshold_pct": [
                -0.1,
                0.1
            ],
            "short_ema_span_0": [
                200,
                1440
            ],
            "short_ema_span_1": [
                200,
                1440
            ],
            "short_entry_grid_double_down_factor": [
                0.1,
                3
            ],
            "short_entry_grid_spacing_pct": [
                0.001,
                0.12
            ],
            "short_entry_grid_spacing_weight": [
                0,
                10
            ],
            "short_entry_initial_ema_dist": [
                -0.1,
                0.003
            ],
            "short_entry_initial_qty_pct": [
                0.005,
                0.1
            ],