{"analysis": {"adg": 0.0006067057999455633,
              "drawdown_worst": 0.1603995278422581,
              "equity_balance_diff_max": 0.17447640394422423,
              "equity_balance_diff_mean": 0.007380032939428247,
              "loss_profit_ratio": 0.34486610858523176,
              "mdg": 0.00026148457190469795,
              "n_iters": 9474,
              "sharpe_ratio": 0.10986426269010618,
              "w_0": -0.00026148457190469795,
              "w_1": -0.10986426269010618},
 "backtest": {"base_dir": "backtests",
              "end_date": "now",
              "exchange": "binance",
              "start_date": "2021-05-01",
              "starting_balance": 100000,
              "symbols": ["AVAXUSDT"]},
 "bot": {"long": {"close_grid_markup_range": 0.003664831478673675,
                  "close_grid_min_markup": 0.010322746952637171,
                  "close_grid_qty_pct": 0.19931645150995891,
                  "close_trailing_grid_ratio": 0.3039450187834324,
                  "close_trailing_qty_pct": 0.7487571384071399,
                  "close_trailing_retracement_pct": 0.09231160287970594,
                  "close_trailing_threshold_pct": 0.043959625946246444,
                  "ema_span_0": 218.15094132982267,
                  "ema_span_1": 1060.3748605141295,
                  "entry_grid_double_down_factor": 1.0762897973175574,
                  "entry_grid_spacing_pct": 0.06471774946005698,
                  "entry_grid_spacing_weight": 5.463886965228745,
                  "entry_initial_ema_dist": -0.0016874511775872986,
                  "entry_initial_qty_pct": 0.005919991572607709,
                  "entry_trailing_grid_ratio": -0.7727757269481692,
                  "entry_trailing_retracement_pct": 0.009597268840039058,
                  "entry_trailing_threshold_pct": 0.019388203226246167,
                  "filter_relative_volume_clip_pct": 0.4842844939633594,
                  "filter_rolling_window": 826.0167776617328,
                  "n_positions": 1,
                  "total_wallet_exposure_limit": 2.5,
                  "unstuck_close_pct": 0.010733727687815414,
                  "unstuck_ema_dist": -0.02202357807725605,
                  "unstuck_loss_allowance_pct": 0.01184952908549797,
                  "unstuck_threshold": 0.6024328983455577},
         "short": {"close_grid_markup_range": 0.0020398570775817023,
                   "close_grid_min_markup": 0.006593203947085055,
                   "close_grid_qty_pct": 0.786839904423098,
                   "close_trailing_grid_ratio": -0.7833319041931037,
                   "close_trailing_qty_pct": 0.7055642176955952,
                   "close_trailing_retracement_pct": 0.014235584041251689,
                   "close_trailing_threshold_pct": -0.0829215742787475,
                   "ema_span_0": 1131.0482178439463,
                   "ema_span_1": 467.44461616208787,
                   "entry_grid_double_down_factor": 0.6121363971252819,
                   "entry_grid_spacing_pct": 0.08231888266488474,
                   "entry_grid_spacing_weight": 7.615239986381004,
                   "entry_initial_ema_dist": -0.01102270039282841,
                   "entry_initial_qty_pct": 0.043697700495451845,
                   "entry_trailing_grid_ratio": -0.09289613907742235,
                   "entry_trailing_retracement_pct": 0.020935835098007227,
                   "entry_trailing_threshold_pct": 0.04417602802884632,
                   "filter_relative_volume_clip_pct": 0.3367675295503563,
                   "filter_rolling_window": 341.25346138224336,
                   "n_positions": 1,
                   "total_wallet_exposure_limit": 1,
                   "unstuck_close_pct": 0.01713116244232798,
                   "unstuck_ema_dist": -0.02617259840487966,
                   "unstuck_loss_allowance_pct": 0.04254268950014143,
                   "unstuck_threshold": 0.5751708716563105}},
 "live": {"approved_coins": ["AVAXUSDT"],
          "auto_gs": true,
          "coin_flags": {},
          "execution_delay_seconds": 2,
          "filter_by_min_effective_cost": true,
          "forced_mode_long": "",
          "forced_mode_short": "",
          "ignored_coins": [],
          "leverage": 10,
          "max_n_cancellations_per_batch": 5,
          "max_n_creations_per_batch": 3,
          "minimum_coin_age_days": 30,
          "ohlcv_rolling_window": 60,
          "pnls_max_lookback_days": 30,
          "price_distance_threshold": 0.002,
          "relative_volume_filter_clip_pct": 0.5,
          "time_in_force": "good_till_cancelled",
          "user": "hyperliquid_v7"},
 "optimize": {"bounds": {"long_close_grid_markup_range": [0, 0.06],
                         "long_close_grid_min_markup": [0.001, 0.06],
                         "long_close_grid_qty_pct": [0.05, 1],
                         "long_close_trailing_grid_ratio": [-1, 1],
                         "long_close_trailing_qty_pct": [0.05, 1],
                         "long_close_trailing_retracement_pct": [0, 0.3],
                         "long_close_trailing_threshold_pct": [-0.1, 0.1],
                         "long_ema_span_0": [200, 1440],
                         "long_ema_span_1": [200, 1440],
                         "long_entry_grid_double_down_factor": [0.1, 3],
                         "long_entry_grid_spacing_pct": [0.001, 0.12],
                         "long_entry_grid_spacing_weight": [0, 10],
                         "long_entry_initial_ema_dist": [-0.1, 0.003],
                         "long_entry_initial_qty_pct": [0.005, 0.1],
                         "long_entry_trailing_grid_ratio": [-1, 1],
                         "long_entry_trailing_retracement_pct": [0, 0.1],
                         "long_entry_trailing_threshold_pct": [-0.1, 0.1],
                         "long_filter_relative_volume_clip_pct": [0, 1],
                         "long_filter_rolling_window": [10, 1440],
                         "long_n_positions": [1, 1],
                         "long_total_wallet_exposure_limit": [2.5, 2.5],
                         "long_unstuck_close_pct": [0.001, 0.1],
                         "long_unstuck_ema_dist": [-0.1, 0.01],
                         "long_unstuck_loss_allowance_pct": [0, 0.05],
                         "long_unstuck_threshold": [0.4, 0.95],
                         "short_close_grid_markup_range": [0, 0.03],
                         "short_close_grid_min_markup": [0.001, 0.03],
                         "short_close_grid_qty_pct": [0.05, 1],
                         "short_close_trailing_grid_ratio": [-1, 1],
                         "short_close_trailing_qty_pct": [0.05, 1],
                         "short_close_trailing_retracement_pct": [0, 0.1],
                         "short_close_trailing_threshold_pct": [-0.1, 0.1],
                         "short_ema_span_0": [200, 1440],
                         "short_ema_span_1": [200, 1440],
                         "short_entry_grid_double_down_factor": [0.1, 3],
                         "short_entry_grid_spacing_pct": [0.001, 0.12],
                         "short_entry_grid_spacing_weight": [0, 10],
                         "short_entry_initial_ema_dist": [-0.1, 0.003],
                         "short_entry_initial_qty_pct": [0.005, 0.1],
                         "short_entry_trailing_grid_ratio": [-1, 1],
                         "short_entry_trailing_retracement_pct": [0, 0.1],
                         "short_entry_trailing_threshold_pct": [-0.1, 0.1],
                         "short_filter_relative_volume_clip_pct": [0, 1],
                         "short_filter_rolling_window": [10, 1440],
                         "short_n_positions": [1, 1],
                         "short_total_wallet_exposure_limit": [1, 1],
                         "short_unstuck_close_pct": [0.001, 0.1],
                         "short_unstuck_ema_dist": [-0.1, 0.01],
                         "short_unstuck_loss_allowance_pct": [0, 0.05],