{
    "analysis": {
        "adg": 0.0006067057999455633,
        "drawdown_worst": 0.1603995278422581,
        "equity_balance_diff_max": 0.17447640394422423,
        "equity_balance_diff_mean": 0.007380032939428247,
        "loss_profit_ratio": 0.34486610858523176,
        "mdg": 0.00026148457190469795,
        "n_iters": 9474,
        "sharpe_ratio": 0.10986426269010618,
        "w_0": -0.00026148457190469795,
        "w_1": -0.10986426269010618
    },
    "backtest": {
        "base_dir": "backtests",
        "end_date": "now",
        "exchange": "binance",
        "start_date": "2021-05-01",
        "starting_balance": 100000,
        "symbols": [
            "AVAXUSDT"
        ]
    },
    "bot": {
        "long": {
            "close_grid_markup_range": 0.02485508549649683,
            "close_grid_min_markup": 0.006297879524260084,
            "close_grid_qty_pct": 0.5506340808762868,
            "close_trailing_grid_ratio": -0.3504626346662254,
            "close_trailing_qty_pct": 0.5128144714218127,
            "close_trailing_retracement_pct": 0.022076501225859767,
            "close_trailing_threshold_pct": 0.04124237083797172,
            "ema_span_0": 500.4004629236702,
            "ema_span_1": 1379.391698008404,
            "entry_grid_double_down_factor": 1.03193649736281,
            "entry_grid_spacing_pct": 0.06241477467214711,
            "entry_grid_spacing_weight": 2.8982536569758324,
            "entry_initial_ema_dist": -0.07228598182554125,
            "entry_initial_qty_pct": 0.03595130688785485,
            "entry_trailing_grid_ratio": -0.0855147248458234,
            "entry_trailing_retracement_pct": 0.07961809816077484,
            "entry_trailing_threshold_pct": 0.0035428956922546207,
            "n_positions": 9.690456386647304,
            "total_wallet_exposure_limit": 3.8956308925332666,
            "unstuck_close_pct": 0.06865828016680343,
            "unstuck_ema_dist": -0.055857742574990585,
            "unstuck_loss_allowance_pct": 0.010174819347671738,
            "unstuck_threshold": 0.4640442672036718
        },
        "short": {
            "close_grid_markup_range": 0.006109263492801505,
            "close_grid_min_markup": 0.021052987354944774,
            "close_grid_qty_pct": 0.9462932542151339,
            "close_trailing_grid_ratio": -0.1088932184813558,
            "close_trailing_qty_pct": 0.7546507507911909,
            "close_trailing_retracement_pct": 0.07215123829076547,
            "close_trailing_threshold_pct": 0.007353715173598261,
            "ema_span_0": 924.4670381786325,
            "ema_span_1": 411.2116821839402,
            "entry_grid_double_down_factor": 1.341057662167276,
            "entry_grid_spacing_pct": 0.03292846811031636,
            "entry_grid_spacing_weight": 3.4309113322116622,
            "entry_initial_ema_dist": -0.07516688291736735,
            "entry_initial_qty_pct": 0.010550167107418683,
            "entry_trailing_grid_ratio": -0.8671570337398116,
            "entry_trailing_retracement_pct": 0.016873747246669013,
            "entry_trailing_threshold_pct": 0.027453561795482213,
            "n_positions": 0,
            "total_wallet_exposure_limit": 0.5951276509759837,
            "unstuck_close_pct": 0.09004251996877075,
            "unstuck_ema_dist": -0.09868739520398154,
            "unstuck_loss_allowance_pct": 0.008638060497348454,
            "unstuck_threshold": 0.6565589337158205
        }
    },
    "live": {
        "approved_coins": [
            "AVAXUSDT"
        ],
        "auto_gs": true,
        "coin_flags": {},
        "execution_delay_seconds": 2,
        "filter_by_min_effective_cost": true,
        "forced_mode_long": "",
        "forced_mode_short": "",
        "ignored_coins": [
            "COIN1",
            "COIN2"
        ],
        "leverage": 10,
        "max_n_cancellations_per_batch": 5,
        "max_n_creations_per_batch": 3,
        "minimum_coin_age_days": 30,
        "ohlcv_rolling_window": 60,
        "pnls_max_lookback_days": 30,
        "price_distance_threshold": 0.002,
        "relative_volume_filter_clip_pct": 0.5,
        "time_in_force": "good_till_cancelled",
        "user": "hyperliquid_v7"
    },
    "optimize": {
        "bounds": {
            "long_close_grid_markup_range": [
                0,
                0.06
            ],
            "long_close_grid_min_markup": [
                0.001,
                0.06
            ],
            "long_close_grid_qty_pct": [
                0.05,
                1
            ],
            "long_close_trailing_grid_ratio": [
                -1,
                1
            ],
            "long_close_trailing_qty_pct": [
                0.05,
                1
            ],
            "long_close_trailing_retracement_pct": [
                0,
                0.3
            ],
            "long_close_trailing_threshold_pct": [
                -0.1,
                0.1
            ],
            "long_ema_span_0": [
                200,
                1440
            ],
            "long_ema_span_1": [
                200,
                1440
            ],
            "long_entry_grid_double_down_factor": [
                0.1,
                3
            ],
            "long_entry_grid_spacing_pct": [
                0.001,
                0.12
            ],
            "long_entry_grid_spacing_weight": [
                0,
                10
            ],
            "long_entry_initial_ema_dist": [
                -0.1,
                0.003
            ],
            "long_entry_initial_qty_pct": [
                0.005,
                0.1
            ],
            "long_entry_trailing_grid_ratio": [
                -1,
                1
            ],
            "long_entry_trailing_retracement_pct": [
                0,
                0.1
            ],
            "long_entry_trailing_threshold_pct": [
                -0.1,
                0.1
            ],
            "long_n_positions": [
                1,
                20
            ],
            "long_total_wallet_exposure_limit": [
                2,
                4
            ],
            "long_unstuck_close_pct": [
                0.001,
                0.1
            ],
            "long_unstuck_ema_dist": [
                -0.1,
                0.01
            ],
            "long_unstuck_loss_allowance_pct": [
                0,
                0.05
            ],
            "long_unstuck_threshold": [
                0.4,
                0.95
            ],
            "short_close_grid_markup_range": [
                0,
                0.03
            ],
            "short_close_grid_min_markup": [
                0.001,
                0.03
            ],
            "short_close_grid_qty_pct": [
                0.05,
                1
            ],
            "short_close_trailing_grid_ratio": [
                -1,
                1
            ],
            "short_close_trailing_qty_pct": [
                0.05,
                1
            ],
            "short_close_trailing_retracement_pct": [
                0,
                0.1
            ],
            "short_close_trailing_threshold_pct": [
                -0.1,
                0.1
            ],
            "short_ema_span_0": [
                200,
                1440
            ],
            "short_ema_span_1": [
                200,
                1440
            ],
            "short_entry_grid_double_down_factor": [
                0.1,
                3
            ],
            "short_entry_grid_spacing_pct": [
                0.001,
                0.12
            ],
            "short_entry_grid_spacing_weight": [
                0,
                10
            ],
            "short_entry_initial_ema_dist": [
                -0.1,
                0.003
            ],
            "short_entry_initial_qty_pct": [
                0.005,
                0.1
            ],