{"analysis": {"adg": 0.001756427154083425,
              "drawdown_worst": 0.1856689168567343,
              "equity_balance_diff_max": 0.16987182634067177,
              "equity_balance_diff_mean": 0.005835427455392661,
              "loss_profit_ratio": 0.2831524426946709,
              "mdg": 0.0006679529762701181,
              "n_iters": 9503,
              "sharpe_ratio": 0.2197656380310715,
              "w_0": -0.0006679529762701181,
              "w_1": -0.2197656380310715},
 "backtest": {"base_dir": "backtests",
              "end_date": "now",
              "exchange": "binance",
              "start_date": "2021-05-01",
              "starting_balance": 100000,
              "symbols": ["BADGERUSDT"]},
 "bot": {"long": {"close_grid_markup_range": 0.028638166247982627,
                  "close_grid_min_markup": 0.008878518915672227,
                  "close_grid_qty_pct": 0.6735432771795321,
                  "close_trailing_grid_ratio": 0.0987154443288961,
                  "close_trailing_qty_pct": 0.901924857543797,
                  "close_trailing_retracement_pct": 0.1791858091058359,
                  "close_trailing_threshold_pct": -0.05543807376330789,
                  "ema_span_0": 844.9155618208076,
                  "ema_span_1": 929.0656982922178,
                  "entry_grid_double_down_factor": 1.3283399351825609,
                  "entry_grid_spacing_pct": 0.05982431411663838,
                  "entry_grid_spacing_weight": 9.219943462749178,
                  "entry_initial_ema_dist": -0.03101837481023236,
                  "entry_initial_qty_pct": 0.005793164835339979,
                  "entry_trailing_grid_ratio": -0.6623858466482755,
                  "entry_trailing_retracement_pct": 0.015411808947182765,
                  "entry_trailing_threshold_pct": -0.09259252481135567,
                  "filter_relative_volume_clip_pct": 0.5996334318418601,
                  "filter_rolling_window": 790.2496520503255,
                  "n_positions": 1,
                  "total_wallet_exposure_limit": 2.5,
                  "unstuck_close_pct": 0.015003962835574945,
                  "unstuck_ema_dist": -0.07951731268970756,
                  "unstuck_loss_allowance_pct": 0.018996390413748926,
                  "unstuck_threshold": 0.6759856617318268},
         "short": {"close_grid_markup_range": 0.021385755176645413,
                   "close_grid_min_markup": 0.0074554189659269835,
                   "close_grid_qty_pct": 0.5066128034980036,
                   "close_trailing_grid_ratio": -0.4434554293129598,
                   "close_trailing_qty_pct": 0.5830511763859563,
                   "close_trailing_retracement_pct": 0.027272630623787278,
                   "close_trailing_threshold_pct": -0.08766534692987288,
                   "ema_span_0": 314.07254925900145,
                   "ema_span_1": 1240.3625905931124,
                   "entry_grid_double_down_factor": 0.14944004141787096,
                   "entry_grid_spacing_pct": 0.015563318070464228,
                   "entry_grid_spacing_weight": 3.5036629276691302,
                   "entry_initial_ema_dist": -0.0539073183281098,
                   "entry_initial_qty_pct": 0.022245591824361973,
                   "entry_trailing_grid_ratio": -0.9067273385607251,
                   "entry_trailing_retracement_pct": 0.06441248309740948,
                   "entry_trailing_threshold_pct": 0.08812534168233976,
                   "filter_relative_volume_clip_pct": 0.4736280635129465,
                   "filter_rolling_window": 446.4271344232543,
                   "n_positions": 1,
                   "total_wallet_exposure_limit": 1,
                   "unstuck_close_pct": 0.08677669307097548,
                   "unstuck_ema_dist": -0.08496585244062942,
                   "unstuck_loss_allowance_pct": 0.019351597808702815,
                   "unstuck_threshold": 0.7839212425473638}},
 "live": {"approved_coins": ["BADGERUSDT"],
          "auto_gs": true,
          "coin_flags": {},
          "execution_delay_seconds": 2,
          "filter_by_min_effective_cost": true,
          "forced_mode_long": "",
          "forced_mode_short": "",
          "ignored_coins": [],
          "leverage": 10,
          "max_n_cancellations_per_batch": 5,
          "max_n_creations_per_batch": 3,
          "minimum_coin_age_days": 30,
          "ohlcv_rolling_window": 60,
          "pnls_max_lookback_days": 30,
          "price_distance_threshold": 0.002,
          "relative_volume_filter_clip_pct": 0.5,
          "time_in_force": "good_till_cancelled",
          "user": "hyperliquid_v7"},
 "optimize": {"bounds": {"long_close_grid_markup_range": [0, 0.06],
                         "long_close_grid_min_markup": [0.001, 0.06],
                         "long_close_grid_qty_pct": [0.05, 1],
                         "long_close_trailing_grid_ratio": [-1, 1],
                         "long_close_trailing_qty_pct": [0.05, 1],
                         "long_close_trailing_retracement_pct": [0, 0.3],
                         "long_close_trailing_threshold_pct": [-0.1, 0.1],
                         "long_ema_span_0": [200, 1440],
                         "long_ema_span_1": [200, 1440],
                         "long_entry_grid_double_down_factor": [0.1, 3],
                         "long_entry_grid_spacing_pct": [0.001, 0.12],
                         "long_entry_grid_spacing_weight": [0, 10],
                         "long_entry_initial_ema_dist": [-0.1, 0.003],
                         "long_entry_initial_qty_pct": [0.005, 0.1],
                         "long_entry_trailing_grid_ratio": [-1, 1],
                         "long_entry_trailing_retracement_pct": [0, 0.1],
                         "long_entry_trailing_threshold_pct": [-0.1, 0.1],
                         "long_filter_relative_volume_clip_pct": [0, 1],
                         "long_filter_rolling_window": [10, 1440],
                         "long_n_positions": [1, 1],
                         "long_total_wallet_exposure_limit": [2.5, 2.5],
                         "long_unstuck_close_pct": [0.001, 0.1],
                         "long_unstuck_ema_dist": [-0.1, 0.01],
                         "long_unstuck_loss_allowance_pct": [0, 0.05],
                         "long_unstuck_threshold": [0.4, 0.95],
                         "short_close_grid_markup_range": [0, 0.03],
                         "short_close_grid_min_markup": [0.001, 0.03],
                         "short_close_grid_qty_pct": [0.05, 1],
                         "short_close_trailing_grid_ratio": [-1, 1],
                         "short_close_trailing_qty_pct": [0.05, 1],
                         "short_close_trailing_retracement_pct": [0, 0.1],
                         "short_close_trailing_threshold_pct": [-0.1, 0.1],
                         "short_ema_span_0": [200, 1440],
                         "short_ema_span_1": [200, 1440],
                         "short_entry_grid_double_down_factor": [0.1, 3],
                         "short_entry_grid_spacing_pct": [0.001, 0.12],
                         "short_entry_grid_spacing_weight": [0, 10],
                         "short_entry_initial_ema_dist": [-0.1, 0.003],
                         "short_entry_initial_qty_pct": [0.005, 0.1],
                         "short_entry_trailing_grid_ratio": [-1, 1],
                         "short_entry_trailing_retracement_pct": [0, 0.1],
                         "short_entry_trailing_threshold_pct": [-0.1, 0.1],
                         "short_filter_relative_volume_clip_pct": [0, 1],
                         "short_filter_rolling_window": [10, 1440],
                         "short_n_positions": [1, 1],
                         "short_total_wallet_exposure_limit": [1, 1],
                         "short_unstuck_close_pct": [0.001, 0.1],
                         "short_unstuck_ema_dist": [-0.1, 0.01],
                         "short_unstuck_loss_allowance_pct": [0, 0.05],