{"analysis": {"adg": 0.0010112635857297977,
              "drawdown_worst": 0.11429240368643503,
              "equity_balance_diff_max": 0.11364487811616908,
              "equity_balance_diff_mean": 0.0014034296831351583,
              "loss_profit_ratio": 0.398989983885029,
              "mdg": 0.0009109754029863615,
              "n_iters": 9499,
              "sharpe_ratio": 0.24291202321111255,
              "w_0": -0.0009109754029863615,
              "w_1": -0.24291202321111255},
 "backtest": {"base_dir": "backtests",
              "end_date": "now",
              "exchange": "binance",
              "start_date": "2021-05-01",
              "starting_balance": 100000,
              "symbols": ["BIGTIMEUSDT"]},
 "bot": {"long": {"close_grid_markup_range": 0.036803726098638724,
                  "close_grid_min_markup": 0.022498191271696926,
                  "close_grid_qty_pct": 0.5192917192898493,
                  "close_trailing_grid_ratio": -0.9613843811757836,
                  "close_trailing_qty_pct": 0.21744852770227358,
                  "close_trailing_retracement_pct": 0.011000655440400076,
                  "close_trailing_threshold_pct": -0.06286844101365764,
                  "ema_span_0": 289.0131192093952,
                  "ema_span_1": 772.0638235553434,
                  "entry_grid_double_down_factor": 1.0988795673401908,
                  "entry_grid_spacing_pct": 0.0760225290013881,
                  "entry_grid_spacing_weight": 2.33915013970467,
                  "entry_initial_ema_dist": -0.07940426930032954,
                  "entry_initial_qty_pct": 0.01262599344679396,
                  "entry_trailing_grid_ratio": -0.3529137236749962,
                  "entry_trailing_retracement_pct": 0.0915504494644484,
                  "entry_trailing_threshold_pct": 0.052908834604797166,
                  "filter_relative_volume_clip_pct": 0.5083994449936512,
                  "filter_rolling_window": 29.362396247843208,
                  "n_positions": 1,
                  "total_wallet_exposure_limit": 2.5,
                  "unstuck_close_pct": 0.0566108010849722,
                  "unstuck_ema_dist": -0.0353314913929367,
                  "unstuck_loss_allowance_pct": 0.037798961781699045,
                  "unstuck_threshold": 0.8634072232248549},
         "short": {"close_grid_markup_range": 0.0004707058310435958,
                   "close_grid_min_markup": 0.007752921571498107,
                   "close_grid_qty_pct": 0.6942422402242806,
                   "close_trailing_grid_ratio": 0.9513681180290785,
                   "close_trailing_qty_pct": 0.3218658312491587,
                   "close_trailing_retracement_pct": 0.08627235636190804,
                   "close_trailing_threshold_pct": -0.07152956102951724,
                   "ema_span_0": 956.6920165608744,
                   "ema_span_1": 1190.2954226752063,
                   "entry_grid_double_down_factor": 0.35504974447120263,
                   "entry_grid_spacing_pct": 0.03515988638995469,
                   "entry_grid_spacing_weight": 2.0148752398015946,
                   "entry_initial_ema_dist": -0.05745380755518074,
                   "entry_initial_qty_pct": 0.014369338946054869,
                   "entry_trailing_grid_ratio": 0.5400587124766127,
                   "entry_trailing_retracement_pct": 0.04734667419442869,
                   "entry_trailing_threshold_pct": 0.06857538397169248,
                   "filter_relative_volume_clip_pct": 0.03198496874319229,
                   "filter_rolling_window": 1397.5963139497417,
                   "n_positions": 1,
                   "total_wallet_exposure_limit": 1,
                   "unstuck_close_pct": 0.09832563185655527,
                   "unstuck_ema_dist": -0.06388783282412205,
                   "unstuck_loss_allowance_pct": 0.04726394054310151,
                   "unstuck_threshold": 0.48936054059918954}},
 "live": {"approved_coins": ["BIGTIMEUSDT"],
          "auto_gs": true,
          "coin_flags": {},
          "execution_delay_seconds": 2,
          "filter_by_min_effective_cost": true,
          "forced_mode_long": "",
          "forced_mode_short": "",
          "ignored_coins": [],
          "leverage": 10,
          "max_n_cancellations_per_batch": 5,
          "max_n_creations_per_batch": 3,
          "minimum_coin_age_days": 30,
          "ohlcv_rolling_window": 60,
          "pnls_max_lookback_days": 30,
          "price_distance_threshold": 0.002,
          "relative_volume_filter_clip_pct": 0.5,
          "time_in_force": "good_till_cancelled",
          "user": "hyperliquid_v7"},
 "optimize": {"bounds": {"long_close_grid_markup_range": [0, 0.06],
                         "long_close_grid_min_markup": [0.001, 0.06],
                         "long_close_grid_qty_pct": [0.05, 1],
                         "long_close_trailing_grid_ratio": [-1, 1],
                         "long_close_trailing_qty_pct": [0.05, 1],
                         "long_close_trailing_retracement_pct": [0, 0.3],
                         "long_close_trailing_threshold_pct": [-0.1, 0.1],
                         "long_ema_span_0": [200, 1440],
                         "long_ema_span_1": [200, 1440],
                         "long_entry_grid_double_down_factor": [0.1, 3],
                         "long_entry_grid_spacing_pct": [0.001, 0.12],
                         "long_entry_grid_spacing_weight": [0, 10],
                         "long_entry_initial_ema_dist": [-0.1, 0.003],
                         "long_entry_initial_qty_pct": [0.005, 0.1],
                         "long_entry_trailing_grid_ratio": [-1, 1],
                         "long_entry_trailing_retracement_pct": [0, 0.1],
                         "long_entry_trailing_threshold_pct": [-0.1, 0.1],
                         "long_filter_relative_volume_clip_pct": [0, 1],
                         "long_filter_rolling_window": [10, 1440],
                         "long_n_positions": [1, 1],
                         "long_total_wallet_exposure_limit": [2.5, 2.5],
                         "long_unstuck_close_pct": [0.001, 0.1],
                         "long_unstuck_ema_dist": [-0.1, 0.01],
                         "long_unstuck_loss_allowance_pct": [0, 0.05],
                         "long_unstuck_threshold": [0.4, 0.95],
                         "short_close_grid_markup_range": [0, 0.03],
                         "short_close_grid_min_markup": [0.001, 0.03],
                         "short_close_grid_qty_pct": [0.05, 1],
                         "short_close_trailing_grid_ratio": [-1, 1],
                         "short_close_trailing_qty_pct": [0.05, 1],
                         "short_close_trailing_retracement_pct": [0, 0.1],
                         "short_close_trailing_threshold_pct": [-0.1, 0.1],
                         "short_ema_span_0": [200, 1440],
                         "short_ema_span_1": [200, 1440],
                         "short_entry_grid_double_down_factor": [0.1, 3],
                         "short_entry_grid_spacing_pct": [0.001, 0.12],
                         "short_entry_grid_spacing_weight": [0, 10],
                         "short_entry_initial_ema_dist": [-0.1, 0.003],
                         "short_entry_initial_qty_pct": [0.005, 0.1],
                         "short_entry_trailing_grid_ratio": [-1, 1],
                         "short_entry_trailing_retracement_pct": [0, 0.1],
                         "short_entry_trailing_threshold_pct": [-0.1, 0.1],
                         "short_filter_relative_volume_clip_pct": [0, 1],
                         "short_filter_rolling_window": [10, 1440],
                         "short_n_positions": [1, 1],
                         "short_total_wallet_exposure_limit": [1, 1],
                         "short_unstuck_close_pct": [0.001, 0.1],
                         "short_unstuck_ema_dist": [-0.1, 0.01],
                         "short_unstuck_loss_allowance_pct": [0, 0.05],