{"analysis": {"adg": 0.0018122233519808353,
              "drawdown_worst": 0.22363421318379678,
              "equity_balance_diff_max": 0.15785913951374403,
              "equity_balance_diff_mean": 0.008662625592452098,
              "loss_profit_ratio": 0.3769447877803988,
              "mdg": 0.0013606124251481443,
              "n_iters": 9521,
              "sharpe_ratio": 0.1512992231287833,
              "w_0": -0.0013606124251481443,
              "w_1": -0.1512992231287833},
 "backtest": {"base_dir": "backtests",
              "end_date": "now",
              "exchange": "binance",
              "start_date": "2021-05-01",
              "starting_balance": 100000,
              "symbols": ["BLURUSDT"]},
 "bot": {"long": {"close_grid_markup_range": 0.045735273757092285,
                  "close_grid_min_markup": 0.0533976199129661,
                  "close_grid_qty_pct": 0.8835305625503282,
                  "close_trailing_grid_ratio": -0.9663945546844509,
                  "close_trailing_qty_pct": 0.34496262405851424,
                  "close_trailing_retracement_pct": 0.023163116133301093,
                  "close_trailing_threshold_pct": -0.0803606848292244,
                  "ema_span_0": 442.79138987356066,
                  "ema_span_1": 1355.7103195486052,
                  "entry_grid_double_down_factor": 2.993986622949252,
                  "entry_grid_spacing_pct": 0.048004734396726534,
                  "entry_grid_spacing_weight": 5.904571357633443,
                  "entry_initial_ema_dist": -0.07698559416643257,
                  "entry_initial_qty_pct": 0.01196715562595908,
                  "entry_trailing_grid_ratio": 0.9690251788320239,
                  "entry_trailing_retracement_pct": 0.024150214484178145,
                  "entry_trailing_threshold_pct": 0.057337416595046466,
                  "filter_relative_volume_clip_pct": 0.7170163394798711,
                  "filter_rolling_window": 303.61463316939546,
                  "n_positions": 1,
                  "total_wallet_exposure_limit": 2.5,
                  "unstuck_close_pct": 0.008886071124857833,
                  "unstuck_ema_dist": -0.0887013965148624,
                  "unstuck_loss_allowance_pct": 0.00950066343822951,
                  "unstuck_threshold": 0.6316947323802499},
         "short": {"close_grid_markup_range": 0.020001467328403015,
                   "close_grid_min_markup": 0.014290806458296515,
                   "close_grid_qty_pct": 0.997222427241411,
                   "close_trailing_grid_ratio": 0.27330502672163437,
                   "close_trailing_qty_pct": 0.5921902086427027,
                   "close_trailing_retracement_pct": 0.00636442567808196,
                   "close_trailing_threshold_pct": 0.03109941046505066,
                   "ema_span_0": 1060.1328161140095,
                   "ema_span_1": 848.3815588648057,
                   "entry_grid_double_down_factor": 0.6983252296687479,
                   "entry_grid_spacing_pct": 0.04736662438268413,
                   "entry_grid_spacing_weight": 3.2747537738268373,
                   "entry_initial_ema_dist": -0.01172031744733168,
                   "entry_initial_qty_pct": 0.012530128114187144,
                   "entry_trailing_grid_ratio": -0.05444401077282157,
                   "entry_trailing_retracement_pct": 0.04954937712923288,
                   "entry_trailing_threshold_pct": 0.06315946934289077,
                   "filter_relative_volume_clip_pct": 0.11926996763414632,
                   "filter_rolling_window": 589.0836440438785,
                   "n_positions": 1,
                   "total_wallet_exposure_limit": 1,
                   "unstuck_close_pct": 0.03959935629872198,
                   "unstuck_ema_dist": -0.08039300028683556,
                   "unstuck_loss_allowance_pct": 0.02898184607488388,
                   "unstuck_threshold": 0.7442137250175406}},
 "live": {"approved_coins": ["BLURUSDT"],
          "auto_gs": true,
          "coin_flags": {},
          "execution_delay_seconds": 2,
          "filter_by_min_effective_cost": true,
          "forced_mode_long": "",
          "forced_mode_short": "",
          "ignored_coins": [],
          "leverage": 10,
          "max_n_cancellations_per_batch": 5,
          "max_n_creations_per_batch": 3,
          "minimum_coin_age_days": 30,
          "ohlcv_rolling_window": 60,
          "pnls_max_lookback_days": 30,
          "price_distance_threshold": 0.002,
          "relative_volume_filter_clip_pct": 0.5,
          "time_in_force": "good_till_cancelled",
          "user": "hyperliquid_v7"},
 "optimize": {"bounds": {"long_close_grid_markup_range": [0, 0.06],
                         "long_close_grid_min_markup": [0.001, 0.06],
                         "long_close_grid_qty_pct": [0.05, 1],
                         "long_close_trailing_grid_ratio": [-1, 1],
                         "long_close_trailing_qty_pct": [0.05, 1],
                         "long_close_trailing_retracement_pct": [0, 0.3],
                         "long_close_trailing_threshold_pct": [-0.1, 0.1],
                         "long_ema_span_0": [200, 1440],
                         "long_ema_span_1": [200, 1440],
                         "long_entry_grid_double_down_factor": [0.1, 3],
                         "long_entry_grid_spacing_pct": [0.001, 0.12],
                         "long_entry_grid_spacing_weight": [0, 10],
                         "long_entry_initial_ema_dist": [-0.1, 0.003],
                         "long_entry_initial_qty_pct": [0.005, 0.1],
                         "long_entry_trailing_grid_ratio": [-1, 1],
                         "long_entry_trailing_retracement_pct": [0, 0.1],
                         "long_entry_trailing_threshold_pct": [-0.1, 0.1],
                         "long_filter_relative_volume_clip_pct": [0, 1],
                         "long_filter_rolling_window": [10, 1440],
                         "long_n_positions": [1, 1],
                         "long_total_wallet_exposure_limit": [2.5, 2.5],
                         "long_unstuck_close_pct": [0.001, 0.1],
                         "long_unstuck_ema_dist": [-0.1, 0.01],
                         "long_unstuck_loss_allowance_pct": [0, 0.05],
                         "long_unstuck_threshold": [0.4, 0.95],
                         "short_close_grid_markup_range": [0, 0.03],
                         "short_close_grid_min_markup": [0.001, 0.03],
                         "short_close_grid_qty_pct": [0.05, 1],
                         "short_close_trailing_grid_ratio": [-1, 1],
                         "short_close_trailing_qty_pct": [0.05, 1],
                         "short_close_trailing_retracement_pct": [0, 0.1],
                         "short_close_trailing_threshold_pct": [-0.1, 0.1],
                         "short_ema_span_0": [200, 1440],
                         "short_ema_span_1": [200, 1440],
                         "short_entry_grid_double_down_factor": [0.1, 3],
                         "short_entry_grid_spacing_pct": [0.001, 0.12],
                         "short_entry_grid_spacing_weight": [0, 10],
                         "short_entry_initial_ema_dist": [-0.1, 0.003],
                         "short_entry_initial_qty_pct": [0.005, 0.1],
                         "short_entry_trailing_grid_ratio": [-1, 1],
                         "short_entry_trailing_retracement_pct": [0, 0.1],
                         "short_entry_trailing_threshold_pct": [-0.1, 0.1],
                         "short_filter_relative_volume_clip_pct": [0, 1],
                         "short_filter_rolling_window": [10, 1440],
                         "short_n_positions": [1, 1],
                         "short_total_wallet_exposure_limit": [1, 1],
                         "short_unstuck_close_pct": [0.001, 0.1],
                         "short_unstuck_ema_dist": [-0.1, 0.01],
                         "short_unstuck_loss_allowance_pct": [0, 0.05],