{"analysis": {"adg": 0.0005610449389228985,
              "drawdown_worst": 0.21168155704879968,
              "equity_balance_diff_max": 0.22432173695713667,
              "equity_balance_diff_mean": 0.00624534359346354,
              "loss_profit_ratio": 0.44177184203729297,
              "mdg": 0.0003140367957644024,
              "n_iters": 9472,
              "sharpe_ratio": 0.09357267406961908,
              "w_0": -0.0003140367957644024,
              "w_1": -0.09357267406961908},
 "backtest": {"base_dir": "backtests",
              "end_date": "now",
              "exchange": "binance",
              "start_date": "2021-05-01",
              "starting_balance": 100000,
              "symbols": ["BLZUSDT"]},
 "bot": {"long": {"close_grid_markup_range": 0.007088736289592477,
                  "close_grid_min_markup": 0.03500177455182551,
                  "close_grid_qty_pct": 0.9260764075691981,
                  "close_trailing_grid_ratio": 0.578695305362048,
                  "close_trailing_qty_pct": 0.2481818685040163,
                  "close_trailing_retracement_pct": 0.14161081808871712,
                  "close_trailing_threshold_pct": -0.021380921983907578,
                  "ema_span_0": 1419.448313520821,
                  "ema_span_1": 233.8239897297897,
                  "entry_grid_double_down_factor": 1.020438268915499,
                  "entry_grid_spacing_pct": 0.08997421347662092,
                  "entry_grid_spacing_weight": 6.221189714122424,
                  "entry_initial_ema_dist": -0.051069981782651534,
                  "entry_initial_qty_pct": 0.024979559729017928,
                  "entry_trailing_grid_ratio": -0.38995558174272754,
                  "entry_trailing_retracement_pct": 0.0647956892839374,
                  "entry_trailing_threshold_pct": 0.09704102648080702,
                  "filter_relative_volume_clip_pct": 0.32354391423151363,
                  "filter_rolling_window": 1279.4127404961046,
                  "n_positions": 1,
                  "total_wallet_exposure_limit": 2.5,
                  "unstuck_close_pct": 0.011190412507361948,
                  "unstuck_ema_dist": -0.04145560290808574,
                  "unstuck_loss_allowance_pct": 0.004306049918407627,
                  "unstuck_threshold": 0.7038924602065526},
         "short": {"close_grid_markup_range": 0.018994394023187523,
                   "close_grid_min_markup": 0.018404137610774453,
                   "close_grid_qty_pct": 0.7320507095649536,
                   "close_trailing_grid_ratio": 0.9835193139347016,
                   "close_trailing_qty_pct": 0.15185071473886502,
                   "close_trailing_retracement_pct": 0.08855098140132303,
                   "close_trailing_threshold_pct": 0.015902980263799167,
                   "ema_span_0": 297.5022203303858,
                   "ema_span_1": 681.5335572354634,
                   "entry_grid_double_down_factor": 0.15692307448351905,
                   "entry_grid_spacing_pct": 0.11367081711577866,
                   "entry_grid_spacing_weight": 5.847143634977665,
                   "entry_initial_ema_dist": -0.01968153866733788,
                   "entry_initial_qty_pct": 0.0244151966945385,
                   "entry_trailing_grid_ratio": -0.5508226387541633,
                   "entry_trailing_retracement_pct": 0.06968329032894072,
                   "entry_trailing_threshold_pct": 0.05069463921829285,
                   "filter_relative_volume_clip_pct": 0.5023306355428884,
                   "filter_rolling_window": 1126.2902845403562,
                   "n_positions": 1,
                   "total_wallet_exposure_limit": 1,
                   "unstuck_close_pct": 0.03001235409589841,
                   "unstuck_ema_dist": -0.02115645166405068,
                   "unstuck_loss_allowance_pct": 0.034121156189087516,
                   "unstuck_threshold": 0.8993768935867776}},
 "live": {"approved_coins": ["BLZUSDT"],
          "auto_gs": true,
          "coin_flags": {},
          "execution_delay_seconds": 2,
          "filter_by_min_effective_cost": true,
          "forced_mode_long": "",
          "forced_mode_short": "",
          "ignored_coins": [],
          "leverage": 10,
          "max_n_cancellations_per_batch": 5,
          "max_n_creations_per_batch": 3,
          "minimum_coin_age_days": 30,
          "ohlcv_rolling_window": 60,
          "pnls_max_lookback_days": 30,
          "price_distance_threshold": 0.002,
          "relative_volume_filter_clip_pct": 0.5,
          "time_in_force": "good_till_cancelled",
          "user": "hyperliquid_v7"},
 "optimize": {"bounds": {"long_close_grid_markup_range": [0, 0.06],
                         "long_close_grid_min_markup": [0.001, 0.06],
                         "long_close_grid_qty_pct": [0.05, 1],
                         "long_close_trailing_grid_ratio": [-1, 1],
                         "long_close_trailing_qty_pct": [0.05, 1],
                         "long_close_trailing_retracement_pct": [0, 0.3],
                         "long_close_trailing_threshold_pct": [-0.1, 0.1],
                         "long_ema_span_0": [200, 1440],
                         "long_ema_span_1": [200, 1440],
                         "long_entry_grid_double_down_factor": [0.1, 3],
                         "long_entry_grid_spacing_pct": [0.001, 0.12],
                         "long_entry_grid_spacing_weight": [0, 10],
                         "long_entry_initial_ema_dist": [-0.1, 0.003],
                         "long_entry_initial_qty_pct": [0.005, 0.1],
                         "long_entry_trailing_grid_ratio": [-1, 1],
                         "long_entry_trailing_retracement_pct": [0, 0.1],
                         "long_entry_trailing_threshold_pct": [-0.1, 0.1],
                         "long_filter_relative_volume_clip_pct": [0, 1],
                         "long_filter_rolling_window": [10, 1440],
                         "long_n_positions": [1, 1],
                         "long_total_wallet_exposure_limit": [2.5, 2.5],
                         "long_unstuck_close_pct": [0.001, 0.1],
                         "long_unstuck_ema_dist": [-0.1, 0.01],
                         "long_unstuck_loss_allowance_pct": [0, 0.05],
                         "long_unstuck_threshold": [0.4, 0.95],
                         "short_close_grid_markup_range": [0, 0.03],
                         "short_close_grid_min_markup": [0.001, 0.03],
                         "short_close_grid_qty_pct": [0.05, 1],
                         "short_close_trailing_grid_ratio": [-1, 1],
                         "short_close_trailing_qty_pct": [0.05, 1],
                         "short_close_trailing_retracement_pct": [0, 0.1],
                         "short_close_trailing_threshold_pct": [-0.1, 0.1],
                         "short_ema_span_0": [200, 1440],
                         "short_ema_span_1": [200, 1440],
                         "short_entry_grid_double_down_factor": [0.1, 3],
                         "short_entry_grid_spacing_pct": [0.001, 0.12],
                         "short_entry_grid_spacing_weight": [0, 10],
                         "short_entry_initial_ema_dist": [-0.1, 0.003],
                         "short_entry_initial_qty_pct": [0.005, 0.1],
                         "short_entry_trailing_grid_ratio": [-1, 1],
                         "short_entry_trailing_retracement_pct": [0, 0.1],
                         "short_entry_trailing_threshold_pct": [-0.1, 0.1],
                         "short_filter_relative_volume_clip_pct": [0, 1],
                         "short_filter_rolling_window": [10, 1440],
                         "short_n_positions": [1, 1],
                         "short_total_wallet_exposure_limit": [1, 1],
                         "short_unstuck_close_pct": [0.001, 0.1],
                         "short_unstuck_ema_dist": [-0.1, 0.01],
                         "short_unstuck_loss_allowance_pct": [0, 0.05],