{"analysis": {"adg": 0.0003166515529471231,
              "drawdown_worst": 0.23032464170952122,
              "equity_balance_diff_max": 0.25488727949255935,
              "equity_balance_diff_mean": 0.0036949112892649123,
              "loss_profit_ratio": 0.43242107345481406,
              "mdg": 0.00022843736772448978,
              "n_iters": 9546,
              "sharpe_ratio": 0.08330668002525045,
              "w_0": -0.00022843736772448978,
              "w_1": -0.08330668002525045},
 "backtest": {"base_dir": "backtests",
              "end_date": "now",
              "exchange": "binance",
              "start_date": "2021-05-01",
              "starting_balance": 100000,
              "symbols": ["BNBUSDT"]},
 "bot": {"long": {"close_grid_markup_range": 0.021433961399108515,
                  "close_grid_min_markup": 0.002259887280254745,
                  "close_grid_qty_pct": 0.6528478528161953,
                  "close_trailing_grid_ratio": -0.38080967759698126,
                  "close_trailing_qty_pct": 0.5143652168830387,
                  "close_trailing_retracement_pct": 0.03666113029328132,
                  "close_trailing_threshold_pct": 0.06949842426177476,
                  "ema_span_0": 356.58295730590726,
                  "ema_span_1": 856.888656394055,
                  "entry_grid_double_down_factor": 0.6837824112027634,
                  "entry_grid_spacing_pct": 0.10828327234860624,
                  "entry_grid_spacing_weight": 8.571467356651407,
                  "entry_initial_ema_dist": -0.05546751910450954,
                  "entry_initial_qty_pct": 0.012270946780879595,
                  "entry_trailing_grid_ratio": -0.009763016527365942,
                  "entry_trailing_retracement_pct": 0.09147832898040978,
                  "entry_trailing_threshold_pct": 0.04894199157160319,
                  "filter_relative_volume_clip_pct": 0.8613500366368936,
                  "filter_rolling_window": 525.7628524621914,
                  "n_positions": 1,
                  "total_wallet_exposure_limit": 2.5,
                  "unstuck_close_pct": 0.09553075419362209,
                  "unstuck_ema_dist": -0.016445795241676473,
                  "unstuck_loss_allowance_pct": 0.024003954963759982,
                  "unstuck_threshold": 0.7942835892392796},
         "short": {"close_grid_markup_range": 0.028948051740925167,
                   "close_grid_min_markup": 0.0024970338494648006,
                   "close_grid_qty_pct": 0.08556974944660939,
                   "close_trailing_grid_ratio": 0.77443801180779,
                   "close_trailing_qty_pct": 0.808908378982808,
                   "close_trailing_retracement_pct": 0.06044737522523695,
                   "close_trailing_threshold_pct": -0.09664271202632063,
                   "ema_span_0": 1374.7319635053332,
                   "ema_span_1": 646.4823596425024,
                   "entry_grid_double_down_factor": 1.6533643351750436,
                   "entry_grid_spacing_pct": 0.08538910656604497,
                   "entry_grid_spacing_weight": 9.24864402788064,
                   "entry_initial_ema_dist": -0.016313662232345802,
                   "entry_initial_qty_pct": 0.005008801596582586,
                   "entry_trailing_grid_ratio": 0.7822354248201626,
                   "entry_trailing_retracement_pct": 0.08822551237992032,
                   "entry_trailing_threshold_pct": 0.08111154868309699,
                   "filter_relative_volume_clip_pct": 0.10225924319655072,
                   "filter_rolling_window": 1289.691185685599,
                   "n_positions": 1,
                   "total_wallet_exposure_limit": 1,
                   "unstuck_close_pct": 0.053753707956077416,
                   "unstuck_ema_dist": -0.08696670494227059,
                   "unstuck_loss_allowance_pct": 0.015460379870888772,
                   "unstuck_threshold": 0.856234184262215}},
 "live": {"approved_coins": ["BNBUSDT"],
          "auto_gs": true,
          "coin_flags": {},
          "execution_delay_seconds": 2,
          "filter_by_min_effective_cost": true,
          "forced_mode_long": "",
          "forced_mode_short": "",
          "ignored_coins": [],
          "leverage": 10,
          "max_n_cancellations_per_batch": 5,
          "max_n_creations_per_batch": 3,
          "minimum_coin_age_days": 30,
          "ohlcv_rolling_window": 60,
          "pnls_max_lookback_days": 30,
          "price_distance_threshold": 0.002,
          "relative_volume_filter_clip_pct": 0.5,
          "time_in_force": "good_till_cancelled",
          "user": "hyperliquid_v7"},
 "optimize": {"bounds": {"long_close_grid_markup_range": [0, 0.06],
                         "long_close_grid_min_markup": [0.001, 0.06],
                         "long_close_grid_qty_pct": [0.05, 1],
                         "long_close_trailing_grid_ratio": [-1, 1],
                         "long_close_trailing_qty_pct": [0.05, 1],
                         "long_close_trailing_retracement_pct": [0, 0.3],
                         "long_close_trailing_threshold_pct": [-0.1, 0.1],
                         "long_ema_span_0": [200, 1440],
                         "long_ema_span_1": [200, 1440],
                         "long_entry_grid_double_down_factor": [0.1, 3],
                         "long_entry_grid_spacing_pct": [0.001, 0.12],
                         "long_entry_grid_spacing_weight": [0, 10],
                         "long_entry_initial_ema_dist": [-0.1, 0.003],
                         "long_entry_initial_qty_pct": [0.005, 0.1],
                         "long_entry_trailing_grid_ratio": [-1, 1],
                         "long_entry_trailing_retracement_pct": [0, 0.1],
                         "long_entry_trailing_threshold_pct": [-0.1, 0.1],
                         "long_filter_relative_volume_clip_pct": [0, 1],
                         "long_filter_rolling_window": [10, 1440],
                         "long_n_positions": [1, 1],
                         "long_total_wallet_exposure_limit": [2.5, 2.5],
                         "long_unstuck_close_pct": [0.001, 0.1],
                         "long_unstuck_ema_dist": [-0.1, 0.01],
                         "long_unstuck_loss_allowance_pct": [0, 0.05],
                         "long_unstuck_threshold": [0.4, 0.95],
                         "short_close_grid_markup_range": [0, 0.03],
                         "short_close_grid_min_markup": [0.001, 0.03],
                         "short_close_grid_qty_pct": [0.05, 1],
                         "short_close_trailing_grid_ratio": [-1, 1],
                         "short_close_trailing_qty_pct": [0.05, 1],
                         "short_close_trailing_retracement_pct": [0, 0.1],
                         "short_close_trailing_threshold_pct": [-0.1, 0.1],
                         "short_ema_span_0": [200, 1440],
                         "short_ema_span_1": [200, 1440],
                         "short_entry_grid_double_down_factor": [0.1, 3],
                         "short_entry_grid_spacing_pct": [0.001, 0.12],
                         "short_entry_grid_spacing_weight": [0, 10],
                         "short_entry_initial_ema_dist": [-0.1, 0.003],
                         "short_entry_initial_qty_pct": [0.005, 0.1],
                         "short_entry_trailing_grid_ratio": [-1, 1],
                         "short_entry_trailing_retracement_pct": [0, 0.1],
                         "short_entry_trailing_threshold_pct": [-0.1, 0.1],
                         "short_filter_relative_volume_clip_pct": [0, 1],
                         "short_filter_rolling_window": [10, 1440],
                         "short_n_positions": [1, 1],
                         "short_total_wallet_exposure_limit": [1, 1],
                         "short_unstuck_close_pct": [0.001, 0.1],
                         "short_unstuck_ema_dist": [-0.1, 0.01],
                         "short_unstuck_loss_allowance_pct": [0, 0.05],