{
    "analysis": {
        "adg": 0.0006471553156486084,
        "drawdown_worst": 0.07579579588922102,
        "equity_balance_diff_max": 0.11444891722829978,
        "equity_balance_diff_mean": 0.008886715803596046,
        "loss_profit_ratio": 0.4490758779960879,
        "mdg": 0.00044522101987072853,
        "n_iters": 9466,
        "sharpe_ratio": 0.12475806909743901,
        "w_0": -0.00044522101987072853,
        "w_1": -0.12475806909743901
    },
    "backtest": {
        "base_dir": "backtests",
        "end_date": "now",
        "exchange": "binance",
        "start_date": "2021-05-01",
        "starting_balance": 100000,
        "symbols": [
            "BNTUSDT"
        ]
    },
    "bot": {
        "long": {
            "close_grid_markup_range": 0.021351995486538176,
            "close_grid_min_markup": 0.002059057475155241,
            "close_grid_qty_pct": 0.3326974833023376,
            "close_trailing_grid_ratio": 0.3270146825917766,
            "close_trailing_qty_pct": 0.2838784572739005,
            "close_trailing_retracement_pct": 0.2565634761251883,
            "close_trailing_threshold_pct": -0.04957663712321885,
            "ema_span_0": 793.2051325422875,
            "ema_span_1": 477.99408912745594,
            "entry_grid_double_down_factor": 2.0073222916942295,
            "entry_grid_spacing_pct": 0.03732704993508775,
            "entry_grid_spacing_weight": 1.4738938930152936,
            "entry_initial_ema_dist": -0.010771700860380928,
            "entry_initial_qty_pct": 0.08990433352169133,
            "entry_trailing_grid_ratio": 0.3469402952528663,
            "entry_trailing_retracement_pct": 0.083392506074423,
            "entry_trailing_threshold_pct": -0.016077244227609165,
            "n_positions": 7.220221432137871,
            "total_wallet_exposure_limit": 3.100573756067698,
            "unstuck_close_pct": 0.07096805115746324,
            "unstuck_ema_dist": -0.06883405534682865,
            "unstuck_loss_allowance_pct": 0.00962719981972975,
            "unstuck_threshold": 0.4280272847840564
        },
        "short": {
            "close_grid_markup_range": 0.009699006027268054,
            "close_grid_min_markup": 0.02102333658166945,
            "close_grid_qty_pct": 0.8367371831191506,
            "close_trailing_grid_ratio": -0.820207055044315,
            "close_trailing_qty_pct": 0.35154184926472953,
            "close_trailing_retracement_pct": 0.09131186722825027,
            "close_trailing_threshold_pct": -0.08665031196716036,
            "ema_span_0": 497.2455165362092,
            "ema_span_1": 1248.7161382316058,
            "entry_grid_double_down_factor": 0.13388824716251232,
            "entry_grid_spacing_pct": 0.08665976562028131,
            "entry_grid_spacing_weight": 6.058091564026709,
            "entry_initial_ema_dist": -0.04040642865675749,
            "entry_initial_qty_pct": 0.03679750233047255,
            "entry_trailing_grid_ratio": 0.10015810040704409,
            "entry_trailing_retracement_pct": 0.03478461662427078,
            "entry_trailing_threshold_pct": -0.04677714097079409,
            "n_positions": 0,
            "total_wallet_exposure_limit": 2.83988633480574,
            "unstuck_close_pct": 0.09218495895379344,
            "unstuck_ema_dist": -0.02355652366027408,
            "unstuck_loss_allowance_pct": 0.04771200798396827,
            "unstuck_threshold": 0.6278627242402177
        }
    },
    "live": {
        "approved_coins": [
            "BNTUSDT"
        ],
        "auto_gs": true,
        "coin_flags": {},
        "execution_delay_seconds": 2,
        "filter_by_min_effective_cost": true,
        "forced_mode_long": "",
        "forced_mode_short": "",
        "ignored_coins": [
            "COIN1",
            "COIN2"
        ],
        "leverage": 10,
        "max_n_cancellations_per_batch": 5,
        "max_n_creations_per_batch": 3,
        "minimum_coin_age_days": 30,
        "ohlcv_rolling_window": 60,
        "pnls_max_lookback_days": 30,
        "price_distance_threshold": 0.002,
        "relative_volume_filter_clip_pct": 0.5,
        "time_in_force": "good_till_cancelled",
        "user": "hyperliquid_v7"
    },
    "optimize": {
        "bounds": {
            "long_close_grid_markup_range": [
                0,
                0.06
            ],
            "long_close_grid_min_markup": [
                0.001,
                0.06
            ],
            "long_close_grid_qty_pct": [
                0.05,
                1
            ],
            "long_close_trailing_grid_ratio": [
                -1,
                1
            ],
            "long_close_trailing_qty_pct": [
                0.05,
                1
            ],
            "long_close_trailing_retracement_pct": [
                0,
                0.3
            ],
            "long_close_trailing_threshold_pct": [
                -0.1,
                0.1
            ],
            "long_ema_span_0": [
                200,
                1440
            ],
            "long_ema_span_1": [
                200,
                1440
            ],
            "long_entry_grid_double_down_factor": [
                0.1,
                3
            ],
            "long_entry_grid_spacing_pct": [
                0.001,
                0.12
            ],
            "long_entry_grid_spacing_weight": [
                0,
                10
            ],
            "long_entry_initial_ema_dist": [
                -0.1,
                0.003
            ],
            "long_entry_initial_qty_pct": [
                0.005,
                0.1
            ],
            "long_entry_trailing_grid_ratio": [
                -1,
                1
            ],
            "long_entry_trailing_retracement_pct": [
                0,
                0.1
            ],
            "long_entry_trailing_threshold_pct": [
                -0.1,
                0.1
            ],
            "long_n_positions": [
                1,
                20
            ],
            "long_total_wallet_exposure_limit": [
                2,
                4
            ],
            "long_unstuck_close_pct": [
                0.001,
                0.1
            ],
            "long_unstuck_ema_dist": [
                -0.1,
                0.01
            ],
            "long_unstuck_loss_allowance_pct": [
                0,
                0.05
            ],
            "long_unstuck_threshold": [
                0.4,
                0.95
            ],
            "short_close_grid_markup_range": [
                0,
                0.03
            ],
            "short_close_grid_min_markup": [
                0.001,
                0.03
            ],
            "short_close_grid_qty_pct": [
                0.05,
                1
            ],
            "short_close_trailing_grid_ratio": [
                -1,
                1
            ],
            "short_close_trailing_qty_pct": [
                0.05,
                1
            ],
            "short_close_trailing_retracement_pct": [
                0,
                0.1
            ],
            "short_close_trailing_threshold_pct": [
                -0.1,
                0.1
            ],
            "short_ema_span_0": [
                200,
                1440
            ],
            "short_ema_span_1": [
                200,
                1440
            ],
            "short_entry_grid_double_down_factor": [
                0.1,
                3
            ],
            "short_entry_grid_spacing_pct": [
                0.001,
                0.12
            ],
            "short_entry_grid_spacing_weight": [
                0,
                10
            ],
            "short_entry_initial_ema_dist": [
                -0.1,
                0.003
            ],
            "short_entry_initial_qty_pct": [
                0.005,
                0.1
            ],