{"analysis": {"adg": 0.0006471553156486084,
              "drawdown_worst": 0.07579579588922102,
              "equity_balance_diff_max": 0.11444891722829978,
              "equity_balance_diff_mean": 0.008886715803596046,
              "loss_profit_ratio": 0.4490758779960879,
              "mdg": 0.00044522101987072853,
              "n_iters": 9466,
              "sharpe_ratio": 0.12475806909743901,
              "w_0": -0.00044522101987072853,
              "w_1": -0.12475806909743901},
 "backtest": {"base_dir": "backtests",
              "end_date": "now",
              "exchange": "binance",
              "start_date": "2021-05-01",
              "starting_balance": 100000,
              "symbols": ["BNTUSDT"]},
 "bot": {"long": {"close_grid_markup_range": 0.057218580026749004,
                  "close_grid_min_markup": 0.02835255596935641,
                  "close_grid_qty_pct": 0.607649006572055,
                  "close_trailing_grid_ratio": -0.44713896502174255,
                  "close_trailing_qty_pct": 0.2788451971831519,
                  "close_trailing_retracement_pct": 0.0010279235550533575,
                  "close_trailing_threshold_pct": -0.05358452953119497,
                  "ema_span_0": 494.30209236916824,
                  "ema_span_1": 365.64720720093834,
                  "entry_grid_double_down_factor": 0.85942610057235,
                  "entry_grid_spacing_pct": 0.05136140851561338,
                  "entry_grid_spacing_weight": 4.645978726147948,
                  "entry_initial_ema_dist": -0.018395355819908525,
                  "entry_initial_qty_pct": 0.008879624251020984,
                  "entry_trailing_grid_ratio": 0.16417608716997173,
                  "entry_trailing_retracement_pct": 0.08360963076183238,
                  "entry_trailing_threshold_pct": 0.0764378746556193,
                  "filter_relative_volume_clip_pct": 0.9200796693163877,
                  "filter_rolling_window": 119.45071198311219,
                  "n_positions": 1.0,
                  "total_wallet_exposure_limit": 2.5,
                  "unstuck_close_pct": 0.08270396117601861,
                  "unstuck_ema_dist": 0.005833756584196432,
                  "unstuck_loss_allowance_pct": 0.014309235833734394,
                  "unstuck_threshold": 0.44943935487004155},
         "short": {"close_grid_markup_range": 0.0020710311820315084,
                   "close_grid_min_markup": 0.008262919739259205,
                   "close_grid_qty_pct": 0.5980805461630215,
                   "close_trailing_grid_ratio": -0.8758629902677343,
                   "close_trailing_qty_pct": 0.3503241292394163,
                   "close_trailing_retracement_pct": 0.016087239585378717,
                   "close_trailing_threshold_pct": -0.09184569871364043,
                   "ema_span_0": 792.3174067289932,
                   "ema_span_1": 1265.031692241054,
                   "entry_grid_double_down_factor": 1.3961328134946451,
                   "entry_grid_spacing_pct": 0.06512548578269739,
                   "entry_grid_spacing_weight": 3.0929221791784625,
                   "entry_initial_ema_dist": -0.018909875165256385,
                   "entry_initial_qty_pct": 0.09958425574085296,
                   "entry_trailing_grid_ratio": -0.4589969919824661,
                   "entry_trailing_retracement_pct": 0.07248993314169076,
                   "entry_trailing_threshold_pct": 0.040220638773819054,
                   "filter_relative_volume_clip_pct": 0.24182539364818523,
                   "filter_rolling_window": 1162.2612421106332,
                   "n_positions": 1.0,
                   "total_wallet_exposure_limit": 1.0,
                   "unstuck_close_pct": 0.043695725807530526,
                   "unstuck_ema_dist": -0.09088360974217505,
                   "unstuck_loss_allowance_pct": 0.03970595714745868,
                   "unstuck_threshold": 0.877603853559586}},
 "live": {"approved_coins": ["BNTUSDT"],
          "auto_gs": true,
          "coin_flags": {},
          "execution_delay_seconds": 2,
          "filter_by_min_effective_cost": true,
          "forced_mode_long": "",
          "forced_mode_short": "",
          "ignored_coins": [],
          "leverage": 10,
          "max_n_cancellations_per_batch": 5,
          "max_n_creations_per_batch": 3,
          "minimum_coin_age_days": 30,
          "ohlcv_rolling_window": 60,
          "pnls_max_lookback_days": 30,
          "price_distance_threshold": 0.002,
          "relative_volume_filter_clip_pct": 0.5,
          "time_in_force": "good_till_cancelled",
          "user": "hyperliquid_v7"},
 "optimize": {"bounds": {"long_close_grid_markup_range": [0, 0.06],
                         "long_close_grid_min_markup": [0.001, 0.06],
                         "long_close_grid_qty_pct": [0.05, 1],
                         "long_close_trailing_grid_ratio": [-1, 1],
                         "long_close_trailing_qty_pct": [0.05, 1],
                         "long_close_trailing_retracement_pct": [0, 0.3],
                         "long_close_trailing_threshold_pct": [-0.1, 0.1],
                         "long_ema_span_0": [200, 1440],
                         "long_ema_span_1": [200, 1440],
                         "long_entry_grid_double_down_factor": [0.1, 3],
                         "long_entry_grid_spacing_pct": [0.001, 0.12],
                         "long_entry_grid_spacing_weight": [0, 10],
                         "long_entry_initial_ema_dist": [-0.1, 0.003],
                         "long_entry_initial_qty_pct": [0.005, 0.1],
                         "long_entry_trailing_grid_ratio": [-1, 1],
                         "long_entry_trailing_retracement_pct": [0, 0.1],
                         "long_entry_trailing_threshold_pct": [-0.1, 0.1],
                         "long_filter_relative_volume_clip_pct": [0.0, 1.0],
                         "long_filter_rolling_window": [10.0, 1440.0],
                         "long_n_positions": [1.0, 1.0],
                         "long_total_wallet_exposure_limit": [2.5, 2.5],
                         "long_unstuck_close_pct": [0.001, 0.1],
                         "long_unstuck_ema_dist": [-0.1, 0.01],
                         "long_unstuck_loss_allowance_pct": [0, 0.05],
                         "long_unstuck_threshold": [0.4, 0.95],
                         "short_close_grid_markup_range": [0, 0.03],
                         "short_close_grid_min_markup": [0.001, 0.03],
                         "short_close_grid_qty_pct": [0.05, 1],
                         "short_close_trailing_grid_ratio": [-1, 1],
                         "short_close_trailing_qty_pct": [0.05, 1],
                         "short_close_trailing_retracement_pct": [0, 0.1],
                         "short_close_trailing_threshold_pct": [-0.1, 0.1],
                         "short_ema_span_0": [200, 1440],
                         "short_ema_span_1": [200, 1440],
                         "short_entry_grid_double_down_factor": [0.1, 3],
                         "short_entry_grid_spacing_pct": [0.001, 0.12],
                         "short_entry_grid_spacing_weight": [0, 10],
                         "short_entry_initial_ema_dist": [-0.1, 0.003],
                         "short_entry_initial_qty_pct": [0.005, 0.1],
                         "short_entry_trailing_grid_ratio": [-1, 1],
                         "short_entry_trailing_retracement_pct": [0, 0.1],
                         "short_entry_trailing_threshold_pct": [-0.1, 0.1],
                         "short_filter_relative_volume_clip_pct": [0.0, 1.0],
                         "short_filter_rolling_window": [10.0, 1440.0],
                         "short_n_positions": [1.0, 1.0],
                         "short_total_wallet_exposure_limit": [1.0, 1.0],
                         "short_unstuck_close_pct": [0.001, 0.1],
                         "short_unstuck_ema_dist": [-0.1, 0.01],