{"analysis": {"adg": 0.004420282009068809,
              "drawdown_worst": 0.24235142503516857,
              "equity_balance_diff_max": 0.271274623010507,
              "equity_balance_diff_mean": 0.00388415554695439,
              "loss_profit_ratio": 0.15280784244308399,
              "mdg": 0.001747080989341295,
              "n_iters": 9526,
              "sharpe_ratio": 0.36154684753907346,
              "w_0": -0.001747080989341295,
              "w_1": -0.36154684753907346},
 "backtest": {"base_dir": "backtests",
              "end_date": "now",
              "exchange": "binance",
              "start_date": "2021-05-01",
              "starting_balance": 100000,
              "symbols": ["1000BONKUSDT"]},
 "bot": {"long": {"close_grid_markup_range": 0.011033590194946069,
                  "close_grid_min_markup": 0.00305545071981269,
                  "close_grid_qty_pct": 0.6708182358015983,
                  "close_trailing_grid_ratio": -0.25514064572184975,
                  "close_trailing_qty_pct": 0.8311153701407372,
                  "close_trailing_retracement_pct": 0.19633891544096133,
                  "close_trailing_threshold_pct": 0.007735921046558417,
                  "ema_span_0": 1247.2738076320709,
                  "ema_span_1": 337.23943114665434,
                  "entry_grid_double_down_factor": 1.5393862842283248,
                  "entry_grid_spacing_pct": 0.05150647618720544,
                  "entry_grid_spacing_weight": 4.936015561733094,
                  "entry_initial_ema_dist": -0.05204708326606154,
                  "entry_initial_qty_pct": 0.019187131925229743,
                  "entry_trailing_grid_ratio": 0.4085843098120278,
                  "entry_trailing_retracement_pct": 0.012357054097567908,
                  "entry_trailing_threshold_pct": 0.08737242347226308,
                  "filter_relative_volume_clip_pct": 0.3987274840897896,
                  "filter_rolling_window": 178.72542438435607,
                  "n_positions": 1,
                  "total_wallet_exposure_limit": 2.5,
                  "unstuck_close_pct": 0.06879425140458913,
                  "unstuck_ema_dist": -0.03335333961860346,
                  "unstuck_loss_allowance_pct": 0.020588040012218284,
                  "unstuck_threshold": 0.7166853863890017},
         "short": {"close_grid_markup_range": 0.007747247820170469,
                   "close_grid_min_markup": 0.006250844270184583,
                   "close_grid_qty_pct": 0.6585027502946106,
                   "close_trailing_grid_ratio": 0.07091650283801765,
                   "close_trailing_qty_pct": 0.06432491501701709,
                   "close_trailing_retracement_pct": 0.05653019265960285,
                   "close_trailing_threshold_pct": 0.026941290424207488,
                   "ema_span_0": 231.6718845766938,
                   "ema_span_1": 215.19676941272337,
                   "entry_grid_double_down_factor": 2.0239387250032803,
                   "entry_grid_spacing_pct": 0.06326237792333758,
                   "entry_grid_spacing_weight": 8.201611825430911,
                   "entry_initial_ema_dist": -0.05036229302516493,
                   "entry_initial_qty_pct": 0.01827399623445894,
                   "entry_trailing_grid_ratio": -0.858070972002254,
                   "entry_trailing_retracement_pct": 0.05512852565381291,
                   "entry_trailing_threshold_pct": 0.07420198358500406,
                   "filter_relative_volume_clip_pct": 0.18925399860018746,
                   "filter_rolling_window": 873.859511024247,
                   "n_positions": 1,
                   "total_wallet_exposure_limit": 1,
                   "unstuck_close_pct": 0.05346989954051993,
                   "unstuck_ema_dist": -0.031483986445547125,
                   "unstuck_loss_allowance_pct": 0.03441768072709247,
                   "unstuck_threshold": 0.8885627729496562}},
 "live": {"approved_coins": ["1000BONKUSDT"],
          "auto_gs": true,
          "coin_flags": {},
          "execution_delay_seconds": 2,
          "filter_by_min_effective_cost": true,
          "forced_mode_long": "",
          "forced_mode_short": "",
          "ignored_coins": [],
          "leverage": 10,
          "max_n_cancellations_per_batch": 5,
          "max_n_creations_per_batch": 3,
          "minimum_coin_age_days": 30,
          "ohlcv_rolling_window": 60,
          "pnls_max_lookback_days": 30,
          "price_distance_threshold": 0.002,
          "relative_volume_filter_clip_pct": 0.5,
          "time_in_force": "good_till_cancelled",
          "user": "binance_read"},
 "optimize": {"bounds": {"long_close_grid_markup_range": [0, 0.03],
                         "long_close_grid_min_markup": [0.001, 0.03],
                         "long_close_grid_qty_pct": [0.05, 1],
                         "long_close_trailing_grid_ratio": [-1, 1],
                         "long_close_trailing_qty_pct": [0.05, 1],
                         "long_close_trailing_retracement_pct": [0, 0.3],
                         "long_close_trailing_threshold_pct": [-0.1, 0.1],
                         "long_ema_span_0": [200, 1440],
                         "long_ema_span_1": [200, 1440],
                         "long_entry_grid_double_down_factor": [0.1, 3],
                         "long_entry_grid_spacing_pct": [0.001, 0.12],
                         "long_entry_grid_spacing_weight": [0, 10],
                         "long_entry_initial_ema_dist": [-0.1, 0.003],
                         "long_entry_initial_qty_pct": [0.005, 0.1],
                         "long_entry_trailing_grid_ratio": [-1, 1],
                         "long_entry_trailing_retracement_pct": [0, 0.1],
                         "long_entry_trailing_threshold_pct": [-0.1, 0.1],
                         "long_filter_relative_volume_clip_pct": [0, 1],
                         "long_filter_rolling_window": [10, 1440],
                         "long_n_positions": [1, 1],
                         "long_total_wallet_exposure_limit": [2.5, 2.5],
                         "long_unstuck_close_pct": [0.001, 0.1],
                         "long_unstuck_ema_dist": [-0.1, 0.01],
                         "long_unstuck_loss_allowance_pct": [0, 0.05],
                         "long_unstuck_threshold": [0.4, 0.95],
                         "short_close_grid_markup_range": [0, 0.03],
                         "short_close_grid_min_markup": [0.001, 0.03],
                         "short_close_grid_qty_pct": [0.05, 1],
                         "short_close_trailing_grid_ratio": [-1, 1],
                         "short_close_trailing_qty_pct": [0.05, 1],
                         "short_close_trailing_retracement_pct": [0, 0.1],
                         "short_close_trailing_threshold_pct": [-0.1, 0.1],
                         "short_ema_span_0": [200, 1440],
                         "short_ema_span_1": [200, 1440],
                         "short_entry_grid_double_down_factor": [0.1, 3],
                         "short_entry_grid_spacing_pct": [0.001, 0.12],
                         "short_entry_grid_spacing_weight": [0, 10],
                         "short_entry_initial_ema_dist": [-0.1, 0.003],
                         "short_entry_initial_qty_pct": [0.005, 0.1],
                         "short_entry_trailing_grid_ratio": [-1, 1],
                         "short_entry_trailing_retracement_pct": [0, 0.1],
                         "short_entry_trailing_threshold_pct": [-0.1, 0.1],
                         "short_filter_relative_volume_clip_pct": [0, 1],
                         "short_filter_rolling_window": [10, 1440],
                         "short_n_positions": [1, 1],
                         "short_total_wallet_exposure_limit": [1, 1],
                         "short_unstuck_close_pct": [0.001, 0.1],
                         "short_unstuck_ema_dist": [-0.1, 0.01],
                         "short_unstuck_loss_allowance_pct": [0, 0.05],