{"analysis": {"adg": 0.0017194361589191497,
              "drawdown_worst": 0.14396097304563416,
              "equity_balance_diff_max": 0.15332377871835615,
              "equity_balance_diff_mean": 0.009028053209499388,
              "loss_profit_ratio": 0.11006548725686115,
              "mdg": 0.00048023944732082354,
              "n_iters": 9525,
              "sharpe_ratio": 0.13903430302885128,
              "w_0": -0.00048023944732082354,
              "w_1": -0.13903430302885128},
 "backtest": {"base_dir": "backtests",
              "end_date": "now",
              "exchange": "binance",
              "start_date": "2021-05-01",
              "starting_balance": 100000,
              "symbols": ["BSVUSDT"]},
 "bot": {"long": {"close_grid_markup_range": 0.038729986773773,
                  "close_grid_min_markup": 0.0044140572429633845,
                  "close_grid_qty_pct": 0.48265688324296774,
                  "close_trailing_grid_ratio": 0.02450663146549613,
                  "close_trailing_qty_pct": 0.21922196520935844,
                  "close_trailing_retracement_pct": 0.19250353611126375,
                  "close_trailing_threshold_pct": -0.019662859814219835,
                  "ema_span_0": 862.0928393293093,
                  "ema_span_1": 810.4959627593637,
                  "entry_grid_double_down_factor": 0.39513005248933164,
                  "entry_grid_spacing_pct": 0.10356004379669845,
                  "entry_grid_spacing_weight": 8.23699276897105,
                  "entry_initial_ema_dist": -0.08729024665065849,
                  "entry_initial_qty_pct": 0.01042127688373186,
                  "entry_trailing_grid_ratio": -0.07673473607215336,
                  "entry_trailing_retracement_pct": 0.0035601129550131526,
                  "entry_trailing_threshold_pct": 0.03202883426133857,
                  "filter_relative_volume_clip_pct": 0.017131457280341045,
                  "filter_rolling_window": 547.8350301728383,
                  "n_positions": 1.0,
                  "total_wallet_exposure_limit": 2.5,
                  "unstuck_close_pct": 0.07114453047112156,
                  "unstuck_ema_dist": -0.06463280084867028,
                  "unstuck_loss_allowance_pct": 0.008197943151908253,
                  "unstuck_threshold": 0.9497129925999162},
         "short": {"close_grid_markup_range": 0.00024134695932233243,
                   "close_grid_min_markup": 0.003034178797181898,
                   "close_grid_qty_pct": 0.14565963474188065,
                   "close_trailing_grid_ratio": -0.41711376865519184,
                   "close_trailing_qty_pct": 0.39592875156331986,
                   "close_trailing_retracement_pct": 0.06198545520089488,
                   "close_trailing_threshold_pct": -0.031587725143400455,
                   "ema_span_0": 874.1778515912104,
                   "ema_span_1": 218.06962066142617,
                   "entry_grid_double_down_factor": 2.644984534025373,
                   "entry_grid_spacing_pct": 0.07939573384287181,
                   "entry_grid_spacing_weight": 8.9485102304413,
                   "entry_initial_ema_dist": -0.009380890063973687,
                   "entry_initial_qty_pct": 0.04661563336040021,
                   "entry_trailing_grid_ratio": 0.2525378935621876,
                   "entry_trailing_retracement_pct": 0.07378529770035347,
                   "entry_trailing_threshold_pct": 0.041733061342182784,
                   "filter_relative_volume_clip_pct": 0.8057213580724123,
                   "filter_rolling_window": 1124.595950134221,
                   "n_positions": 1.0,
                   "total_wallet_exposure_limit": 1.0,
                   "unstuck_close_pct": 0.09408638867971302,
                   "unstuck_ema_dist": -0.000981748064600458,
                   "unstuck_loss_allowance_pct": 0.010213547414370805,
                   "unstuck_threshold": 0.9237291808864324}},
 "live": {"approved_coins": ["BSVUSDT"],
          "auto_gs": true,
          "coin_flags": {},
          "execution_delay_seconds": 2,
          "filter_by_min_effective_cost": true,
          "forced_mode_long": "",
          "forced_mode_short": "",
          "ignored_coins": [],
          "leverage": 10,
          "max_n_cancellations_per_batch": 5,
          "max_n_creations_per_batch": 3,
          "minimum_coin_age_days": 30,
          "ohlcv_rolling_window": 60,
          "pnls_max_lookback_days": 30,
          "price_distance_threshold": 0.002,
          "relative_volume_filter_clip_pct": 0.5,
          "time_in_force": "good_till_cancelled",
          "user": "hyperliquid_v7"},
 "optimize": {"bounds": {"long_close_grid_markup_range": [0, 0.06],
                         "long_close_grid_min_markup": [0.001, 0.06],
                         "long_close_grid_qty_pct": [0.05, 1],
                         "long_close_trailing_grid_ratio": [-1, 1],
                         "long_close_trailing_qty_pct": [0.05, 1],
                         "long_close_trailing_retracement_pct": [0, 0.3],
                         "long_close_trailing_threshold_pct": [-0.1, 0.1],
                         "long_ema_span_0": [200, 1440],
                         "long_ema_span_1": [200, 1440],
                         "long_entry_grid_double_down_factor": [0.1, 3],
                         "long_entry_grid_spacing_pct": [0.001, 0.12],
                         "long_entry_grid_spacing_weight": [0, 10],
                         "long_entry_initial_ema_dist": [-0.1, 0.003],
                         "long_entry_initial_qty_pct": [0.005, 0.1],
                         "long_entry_trailing_grid_ratio": [-1, 1],
                         "long_entry_trailing_retracement_pct": [0, 0.1],
                         "long_entry_trailing_threshold_pct": [-0.1, 0.1],
                         "long_filter_relative_volume_clip_pct": [0.0, 1.0],
                         "long_filter_rolling_window": [10.0, 1440.0],
                         "long_n_positions": [1.0, 1.0],
                         "long_total_wallet_exposure_limit": [2.5, 2.5],
                         "long_unstuck_close_pct": [0.001, 0.1],
                         "long_unstuck_ema_dist": [-0.1, 0.01],
                         "long_unstuck_loss_allowance_pct": [0, 0.05],
                         "long_unstuck_threshold": [0.4, 0.95],
                         "short_close_grid_markup_range": [0, 0.03],
                         "short_close_grid_min_markup": [0.001, 0.03],
                         "short_close_grid_qty_pct": [0.05, 1],
                         "short_close_trailing_grid_ratio": [-1, 1],
                         "short_close_trailing_qty_pct": [0.05, 1],
                         "short_close_trailing_retracement_pct": [0, 0.1],
                         "short_close_trailing_threshold_pct": [-0.1, 0.1],
                         "short_ema_span_0": [200, 1440],
                         "short_ema_span_1": [200, 1440],
                         "short_entry_grid_double_down_factor": [0.1, 3],
                         "short_entry_grid_spacing_pct": [0.001, 0.12],
                         "short_entry_grid_spacing_weight": [0, 10],
                         "short_entry_initial_ema_dist": [-0.1, 0.003],
                         "short_entry_initial_qty_pct": [0.005, 0.1],
                         "short_entry_trailing_grid_ratio": [-1, 1],
                         "short_entry_trailing_retracement_pct": [0, 0.1],
                         "short_entry_trailing_threshold_pct": [-0.1, 0.1],
                         "short_filter_relative_volume_clip_pct": [0.0, 1.0],
                         "short_filter_rolling_window": [10.0, 1440.0],
                         "short_n_positions": [1.0, 1.0],
                         "short_total_wallet_exposure_limit": [1.0, 1.0],
                         "short_unstuck_close_pct": [0.001, 0.1],
                         "short_unstuck_ema_dist": [-0.1, 0.01],