{"analysis": {"adg": 0.00032456072050462314,
              "drawdown_worst": 0.21324662294480218,
              "equity_balance_diff_max": 0.11885378528455555,
              "equity_balance_diff_mean": 0.009150039324122615,
              "loss_profit_ratio": 0.4850401568053109,
              "mdg": 8.663764616434491e-05,
              "n_iters": 9521,
              "sharpe_ratio": 0.06086897932829505,
              "w_0": -8.663764616434491e-05,
              "w_1": -0.06086897932829505},
 "backtest": {"base_dir": "backtests",
              "end_date": "now",
              "exchange": "binance",
              "start_date": "2021-05-01",
              "starting_balance": 100000,
              "symbols": ["BTCUSDT"]},
 "bot": {"long": {"close_grid_markup_range": 0.05616857005169888,
                  "close_grid_min_markup": 0.05656685550128151,
                  "close_grid_qty_pct": 0.5892480499354313,
                  "close_trailing_grid_ratio": -0.9559048088493622,
                  "close_trailing_qty_pct": 0.06928662087624031,
                  "close_trailing_retracement_pct": 0.0503258560542447,
                  "close_trailing_threshold_pct": -0.027294814708441667,
                  "ema_span_0": 1399.506464902121,
                  "ema_span_1": 1368.9269622757554,
                  "entry_grid_double_down_factor": 2.1865618285919393,
                  "entry_grid_spacing_pct": 0.10067083244736283,
                  "entry_grid_spacing_weight": 2.36703956870025,
                  "entry_initial_ema_dist": -0.00940284390379265,
                  "entry_initial_qty_pct": 0.0730869988162341,
                  "entry_trailing_grid_ratio": -0.5789451596104339,
                  "entry_trailing_retracement_pct": 0.015645883934333825,
                  "entry_trailing_threshold_pct": 0.06946081174684679,
                  "filter_relative_volume_clip_pct": 0.9180673495164254,
                  "filter_rolling_window": 1198.2892853040455,
                  "n_positions": 1,
                  "total_wallet_exposure_limit": 2.5,
                  "unstuck_close_pct": 0.06073260355111906,
                  "unstuck_ema_dist": -0.041573513247933055,
                  "unstuck_loss_allowance_pct": 0.03675916474526492,
                  "unstuck_threshold": 0.5691136376966839},
         "short": {"close_grid_markup_range": 0.017791733987809956,
                   "close_grid_min_markup": 0.023941978699880274,
                   "close_grid_qty_pct": 0.9689282613644565,
                   "close_trailing_grid_ratio": 0.5715557386174899,
                   "close_trailing_qty_pct": 0.05401192349891154,
                   "close_trailing_retracement_pct": 0.07403372955333377,
                   "close_trailing_threshold_pct": -0.03129070266921942,
                   "ema_span_0": 1207.3899343751223,
                   "ema_span_1": 310.05725145491186,
                   "entry_grid_double_down_factor": 2.260684227102576,
                   "entry_grid_spacing_pct": 0.07358112825874145,
                   "entry_grid_spacing_weight": 6.43127373181722,
                   "entry_initial_ema_dist": -0.019451920017454723,
                   "entry_initial_qty_pct": 0.011280721545428592,
                   "entry_trailing_grid_ratio": -0.4608305341796938,
                   "entry_trailing_retracement_pct": 0.06964118675729748,
                   "entry_trailing_threshold_pct": -0.0005732275371816142,
                   "filter_relative_volume_clip_pct": 0.5360255421934679,
                   "filter_rolling_window": 607.0920291616022,
                   "n_positions": 1,
                   "total_wallet_exposure_limit": 1,
                   "unstuck_close_pct": 0.0496621711837405,
                   "unstuck_ema_dist": -0.03663344881760251,
                   "unstuck_loss_allowance_pct": 0.03872117934280006,
                   "unstuck_threshold": 0.9108532917158887}},
 "live": {"approved_coins": ["BTCUSDT"],
          "auto_gs": true,
          "coin_flags": {},
          "execution_delay_seconds": 2,
          "filter_by_min_effective_cost": true,
          "forced_mode_long": "",
          "forced_mode_short": "",
          "ignored_coins": [],
          "leverage": 10,
          "max_n_cancellations_per_batch": 5,
          "max_n_creations_per_batch": 3,
          "minimum_coin_age_days": 30,
          "ohlcv_rolling_window": 60,
          "pnls_max_lookback_days": 30,
          "price_distance_threshold": 0.002,
          "relative_volume_filter_clip_pct": 0.5,
          "time_in_force": "good_till_cancelled",
          "user": "hyperliquid_v7"},
 "optimize": {"bounds": {"long_close_grid_markup_range": [0, 0.06],
                         "long_close_grid_min_markup": [0.001, 0.06],
                         "long_close_grid_qty_pct": [0.05, 1],
                         "long_close_trailing_grid_ratio": [-1, 1],
                         "long_close_trailing_qty_pct": [0.05, 1],
                         "long_close_trailing_retracement_pct": [0, 0.3],
                         "long_close_trailing_threshold_pct": [-0.1, 0.1],
                         "long_ema_span_0": [200, 1440],
                         "long_ema_span_1": [200, 1440],
                         "long_entry_grid_double_down_factor": [0.1, 3],
                         "long_entry_grid_spacing_pct": [0.001, 0.12],
                         "long_entry_grid_spacing_weight": [0, 10],
                         "long_entry_initial_ema_dist": [-0.1, 0.003],
                         "long_entry_initial_qty_pct": [0.005, 0.1],
                         "long_entry_trailing_grid_ratio": [-1, 1],
                         "long_entry_trailing_retracement_pct": [0, 0.1],
                         "long_entry_trailing_threshold_pct": [-0.1, 0.1],
                         "long_filter_relative_volume_clip_pct": [0, 1],
                         "long_filter_rolling_window": [10, 1440],
                         "long_n_positions": [1, 1],
                         "long_total_wallet_exposure_limit": [2.5, 2.5],
                         "long_unstuck_close_pct": [0.001, 0.1],
                         "long_unstuck_ema_dist": [-0.1, 0.01],
                         "long_unstuck_loss_allowance_pct": [0, 0.05],
                         "long_unstuck_threshold": [0.4, 0.95],
                         "short_close_grid_markup_range": [0, 0.03],
                         "short_close_grid_min_markup": [0.001, 0.03],
                         "short_close_grid_qty_pct": [0.05, 1],
                         "short_close_trailing_grid_ratio": [-1, 1],
                         "short_close_trailing_qty_pct": [0.05, 1],
                         "short_close_trailing_retracement_pct": [0, 0.1],
                         "short_close_trailing_threshold_pct": [-0.1, 0.1],
                         "short_ema_span_0": [200, 1440],
                         "short_ema_span_1": [200, 1440],
                         "short_entry_grid_double_down_factor": [0.1, 3],
                         "short_entry_grid_spacing_pct": [0.001, 0.12],
                         "short_entry_grid_spacing_weight": [0, 10],
                         "short_entry_initial_ema_dist": [-0.1, 0.003],
                         "short_entry_initial_qty_pct": [0.005, 0.1],
                         "short_entry_trailing_grid_ratio": [-1, 1],
                         "short_entry_trailing_retracement_pct": [0, 0.1],
                         "short_entry_trailing_threshold_pct": [-0.1, 0.1],
                         "short_filter_relative_volume_clip_pct": [0, 1],
                         "short_filter_rolling_window": [10, 1440],
                         "short_n_positions": [1, 1],
                         "short_total_wallet_exposure_limit": [1, 1],
                         "short_unstuck_close_pct": [0.001, 0.1],
                         "short_unstuck_ema_dist": [-0.1, 0.01],
                         "short_unstuck_loss_allowance_pct": [0, 0.05],