{"analysis": {"adg": 0.00032456072050462314,
              "drawdown_worst": 0.21324662294480218,
              "equity_balance_diff_max": 0.11885378528455555,
              "equity_balance_diff_mean": 0.009150039324122615,
              "loss_profit_ratio": 0.4850401568053109,
              "mdg": 8.663764616434491e-05,
              "n_iters": 9521,
              "sharpe_ratio": 0.06086897932829505,
              "w_0": -8.663764616434491e-05,
              "w_1": -0.06086897932829505},
 "backtest": {"base_dir": "backtests",
              "end_date": "now",
              "exchange": "binance",
              "start_date": "2021-05-01",
              "starting_balance": 100000,
              "symbols": ["BTCUSDT"]},
 "bot": {"long": {"close_grid_markup_range": 0.016009418493613807,
                  "close_grid_min_markup": 0.023689122205928906,
                  "close_grid_qty_pct": 0.8327820966352916,
                  "close_trailing_grid_ratio": 0.15800957661884896,
                  "close_trailing_qty_pct": 0.6552943642514515,
                  "close_trailing_retracement_pct": 0.08276034067836623,
                  "close_trailing_threshold_pct": -0.0019251184234016228,
                  "ema_span_0": 1164.1416690716444,
                  "ema_span_1": 762.9041410572269,
                  "entry_grid_double_down_factor": 0.8939413193336887,
                  "entry_grid_spacing_pct": 0.04792506265140456,
                  "entry_grid_spacing_weight": 9.774423586266217,
                  "entry_initial_ema_dist": -0.057854534975392585,
                  "entry_initial_qty_pct": 0.029408142716112456,
                  "entry_trailing_grid_ratio": -0.08398118501294592,
                  "entry_trailing_retracement_pct": 0.07495939724476193,
                  "entry_trailing_threshold_pct": 0.06188981638948431,
                  "filter_relative_volume_clip_pct": 0.8501493671341448,
                  "filter_rolling_window": 1376.930044454574,
                  "n_positions": 1.0,
                  "total_wallet_exposure_limit": 2.5,
                  "unstuck_close_pct": 0.09638111603922152,
                  "unstuck_ema_dist": -0.09399030807528122,
                  "unstuck_loss_allowance_pct": 0.03489110347021292,
                  "unstuck_threshold": 0.4050518321544526},
         "short": {"close_grid_markup_range": 0.012597928534950623,
                   "close_grid_min_markup": 0.014244301875383662,
                   "close_grid_qty_pct": 0.16946449119579365,
                   "close_trailing_grid_ratio": 0.8048894568154289,
                   "close_trailing_qty_pct": 0.5674991096581299,
                   "close_trailing_retracement_pct": 0.0801419319761854,
                   "close_trailing_threshold_pct": -0.07306553062683079,
                   "ema_span_0": 822.972228799491,
                   "ema_span_1": 590.1940295573279,
                   "entry_grid_double_down_factor": 1.9692108379415112,
                   "entry_grid_spacing_pct": 0.08145780135075711,
                   "entry_grid_spacing_weight": 9.28912222736587,
                   "entry_initial_ema_dist": -0.09123908745956101,
                   "entry_initial_qty_pct": 0.01001901959489895,
                   "entry_trailing_grid_ratio": -0.03576309190357621,
                   "entry_trailing_retracement_pct": 0.019447878296101874,
                   "entry_trailing_threshold_pct": -0.020635173720310603,
                   "filter_relative_volume_clip_pct": 0.6565336003765065,
                   "filter_rolling_window": 101.3829284630072,
                   "n_positions": 1.0,
                   "total_wallet_exposure_limit": 1.0,
                   "unstuck_close_pct": 0.07115280315082526,
                   "unstuck_ema_dist": -0.08863508238564785,
                   "unstuck_loss_allowance_pct": 0.01545465197430416,
                   "unstuck_threshold": 0.8005579738267539}},
 "live": {"approved_coins": ["BTCUSDT"],
          "auto_gs": true,
          "coin_flags": {},
          "execution_delay_seconds": 2,
          "filter_by_min_effective_cost": true,
          "forced_mode_long": "",
          "forced_mode_short": "",
          "ignored_coins": [],
          "leverage": 10,
          "max_n_cancellations_per_batch": 5,
          "max_n_creations_per_batch": 3,
          "minimum_coin_age_days": 30,
          "ohlcv_rolling_window": 60,
          "pnls_max_lookback_days": 30,
          "price_distance_threshold": 0.002,
          "relative_volume_filter_clip_pct": 0.5,
          "time_in_force": "good_till_cancelled",
          "user": "hyperliquid_v7"},
 "optimize": {"bounds": {"long_close_grid_markup_range": [0, 0.06],
                         "long_close_grid_min_markup": [0.001, 0.06],
                         "long_close_grid_qty_pct": [0.05, 1],
                         "long_close_trailing_grid_ratio": [-1, 1],
                         "long_close_trailing_qty_pct": [0.05, 1],
                         "long_close_trailing_retracement_pct": [0, 0.3],
                         "long_close_trailing_threshold_pct": [-0.1, 0.1],
                         "long_ema_span_0": [200, 1440],
                         "long_ema_span_1": [200, 1440],
                         "long_entry_grid_double_down_factor": [0.1, 3],
                         "long_entry_grid_spacing_pct": [0.001, 0.12],
                         "long_entry_grid_spacing_weight": [0, 10],
                         "long_entry_initial_ema_dist": [-0.1, 0.003],
                         "long_entry_initial_qty_pct": [0.005, 0.1],
                         "long_entry_trailing_grid_ratio": [-1, 1],
                         "long_entry_trailing_retracement_pct": [0, 0.1],
                         "long_entry_trailing_threshold_pct": [-0.1, 0.1],
                         "long_filter_relative_volume_clip_pct": [0.0, 1.0],
                         "long_filter_rolling_window": [10.0, 1440.0],
                         "long_n_positions": [1.0, 1.0],
                         "long_total_wallet_exposure_limit": [2.5, 2.5],
                         "long_unstuck_close_pct": [0.001, 0.1],
                         "long_unstuck_ema_dist": [-0.1, 0.01],
                         "long_unstuck_loss_allowance_pct": [0, 0.05],
                         "long_unstuck_threshold": [0.4, 0.95],
                         "short_close_grid_markup_range": [0, 0.03],
                         "short_close_grid_min_markup": [0.001, 0.03],
                         "short_close_grid_qty_pct": [0.05, 1],
                         "short_close_trailing_grid_ratio": [-1, 1],
                         "short_close_trailing_qty_pct": [0.05, 1],
                         "short_close_trailing_retracement_pct": [0, 0.1],
                         "short_close_trailing_threshold_pct": [-0.1, 0.1],
                         "short_ema_span_0": [200, 1440],
                         "short_ema_span_1": [200, 1440],
                         "short_entry_grid_double_down_factor": [0.1, 3],
                         "short_entry_grid_spacing_pct": [0.001, 0.12],
                         "short_entry_grid_spacing_weight": [0, 10],
                         "short_entry_initial_ema_dist": [-0.1, 0.003],
                         "short_entry_initial_qty_pct": [0.005, 0.1],
                         "short_entry_trailing_grid_ratio": [-1, 1],
                         "short_entry_trailing_retracement_pct": [0, 0.1],
                         "short_entry_trailing_threshold_pct": [-0.1, 0.1],
                         "short_filter_relative_volume_clip_pct": [0.0, 1.0],
                         "short_filter_rolling_window": [10.0, 1440.0],
                         "short_n_positions": [1.0, 1.0],
                         "short_total_wallet_exposure_limit": [1.0, 1.0],
                         "short_unstuck_close_pct": [0.001, 0.1],
                         "short_unstuck_ema_dist": [-0.1, 0.01],