{"analysis": {"adg": 0.0023814670500891745,
              "drawdown_worst": 0.1847920831261132,
              "equity_balance_diff_max": 0.1750270213493956,
              "equity_balance_diff_mean": 0.006667599094941139,
              "loss_profit_ratio": 0.14368924422768356,
              "mdg": 0.0012108333550904914,
              "n_iters": 9526,
              "sharpe_ratio": 0.2354056722257622,
              "w_0": -0.0012108333550904914,
              "w_1": -0.2354056722257622},
 "backtest": {"base_dir": "backtests",
              "end_date": "now",
              "exchange": "binance",
              "start_date": "2021-05-01",
              "starting_balance": 100000,
              "symbols": ["CAKEUSDT"]},
 "bot": {"long": {"close_grid_markup_range": 0.01852312182860808,
                  "close_grid_min_markup": 0.004447076171064909,
                  "close_grid_qty_pct": 0.6812900454245735,
                  "close_trailing_grid_ratio": -0.03680625321770925,
                  "close_trailing_qty_pct": 0.3013869063541393,
                  "close_trailing_retracement_pct": 0.052105217387015276,
                  "close_trailing_threshold_pct": 0.07257981827281593,
                  "ema_span_0": 458.06058242854033,
                  "ema_span_1": 957.9926739404427,
                  "entry_grid_double_down_factor": 2.12351739173969,
                  "entry_grid_spacing_pct": 0.05924630365011585,
                  "entry_grid_spacing_weight": 2.802536571659867,
                  "entry_initial_ema_dist": -0.05032210957035204,
                  "entry_initial_qty_pct": 0.005996034205785594,
                  "entry_trailing_grid_ratio": -0.3731660461609443,
                  "entry_trailing_retracement_pct": 0.06883678282269659,
                  "entry_trailing_threshold_pct": 0.05629085567922419,
                  "filter_relative_volume_clip_pct": 0.7673414411537619,
                  "filter_rolling_window": 1346.143271156914,
                  "n_positions": 1,
                  "total_wallet_exposure_limit": 2.5,
                  "unstuck_close_pct": 0.05171744440645626,
                  "unstuck_ema_dist": 0.00399140030508972,
                  "unstuck_loss_allowance_pct": 0.03361302141784246,
                  "unstuck_threshold": 0.7946001971895342},
         "short": {"close_grid_markup_range": 0.0028524745215201437,
                   "close_grid_min_markup": 0.014307416406778965,
                   "close_grid_qty_pct": 0.9023564191583432,
                   "close_trailing_grid_ratio": -0.05682173853560207,
                   "close_trailing_qty_pct": 0.8694643829630317,
                   "close_trailing_retracement_pct": 0.01139943384105685,
                   "close_trailing_threshold_pct": -0.05943666501112181,
                   "ema_span_0": 385.73103604266726,
                   "ema_span_1": 963.4057279958123,
                   "entry_grid_double_down_factor": 0.6990541057573125,
                   "entry_grid_spacing_pct": 0.020291700234848588,
                   "entry_grid_spacing_weight": 4.573887926906327,
                   "entry_initial_ema_dist": -0.0010366376740388549,
                   "entry_initial_qty_pct": 0.011563415075433185,
                   "entry_trailing_grid_ratio": -0.32776886657103893,
                   "entry_trailing_retracement_pct": 0.021158519531130095,
                   "entry_trailing_threshold_pct": 0.04006625445617331,
                   "filter_relative_volume_clip_pct": 0.9036644312059989,
                   "filter_rolling_window": 719.1836969117584,
                   "n_positions": 1,
                   "total_wallet_exposure_limit": 1,
                   "unstuck_close_pct": 0.07339580059289658,
                   "unstuck_ema_dist": -0.050346264739831295,
                   "unstuck_loss_allowance_pct": 0.04899126417906147,
                   "unstuck_threshold": 0.9082035339424105}},
 "live": {"approved_coins": ["CAKEUSDT"],
          "auto_gs": true,
          "coin_flags": {},
          "execution_delay_seconds": 2,
          "filter_by_min_effective_cost": true,
          "forced_mode_long": "",
          "forced_mode_short": "",
          "ignored_coins": [],
          "leverage": 10,
          "max_n_cancellations_per_batch": 5,
          "max_n_creations_per_batch": 3,
          "minimum_coin_age_days": 30,
          "ohlcv_rolling_window": 60,
          "pnls_max_lookback_days": 30,
          "price_distance_threshold": 0.002,
          "relative_volume_filter_clip_pct": 0.5,
          "time_in_force": "good_till_cancelled",
          "user": "hyperliquid_v7"},
 "optimize": {"bounds": {"long_close_grid_markup_range": [0, 0.06],
                         "long_close_grid_min_markup": [0.001, 0.06],
                         "long_close_grid_qty_pct": [0.05, 1],
                         "long_close_trailing_grid_ratio": [-1, 1],
                         "long_close_trailing_qty_pct": [0.05, 1],
                         "long_close_trailing_retracement_pct": [0, 0.3],
                         "long_close_trailing_threshold_pct": [-0.1, 0.1],
                         "long_ema_span_0": [200, 1440],
                         "long_ema_span_1": [200, 1440],
                         "long_entry_grid_double_down_factor": [0.1, 3],
                         "long_entry_grid_spacing_pct": [0.001, 0.12],
                         "long_entry_grid_spacing_weight": [0, 10],
                         "long_entry_initial_ema_dist": [-0.1, 0.003],
                         "long_entry_initial_qty_pct": [0.005, 0.1],
                         "long_entry_trailing_grid_ratio": [-1, 1],
                         "long_entry_trailing_retracement_pct": [0, 0.1],
                         "long_entry_trailing_threshold_pct": [-0.1, 0.1],
                         "long_filter_relative_volume_clip_pct": [0, 1],
                         "long_filter_rolling_window": [10, 1440],
                         "long_n_positions": [1, 1],
                         "long_total_wallet_exposure_limit": [2.5, 2.5],
                         "long_unstuck_close_pct": [0.001, 0.1],
                         "long_unstuck_ema_dist": [-0.1, 0.01],
                         "long_unstuck_loss_allowance_pct": [0, 0.05],
                         "long_unstuck_threshold": [0.4, 0.95],
                         "short_close_grid_markup_range": [0, 0.03],
                         "short_close_grid_min_markup": [0.001, 0.03],
                         "short_close_grid_qty_pct": [0.05, 1],
                         "short_close_trailing_grid_ratio": [-1, 1],
                         "short_close_trailing_qty_pct": [0.05, 1],
                         "short_close_trailing_retracement_pct": [0, 0.1],
                         "short_close_trailing_threshold_pct": [-0.1, 0.1],
                         "short_ema_span_0": [200, 1440],
                         "short_ema_span_1": [200, 1440],
                         "short_entry_grid_double_down_factor": [0.1, 3],
                         "short_entry_grid_spacing_pct": [0.001, 0.12],
                         "short_entry_grid_spacing_weight": [0, 10],
                         "short_entry_initial_ema_dist": [-0.1, 0.003],
                         "short_entry_initial_qty_pct": [0.005, 0.1],
                         "short_entry_trailing_grid_ratio": [-1, 1],
                         "short_entry_trailing_retracement_pct": [0, 0.1],
                         "short_entry_trailing_threshold_pct": [-0.1, 0.1],
                         "short_filter_relative_volume_clip_pct": [0, 1],
                         "short_filter_rolling_window": [10, 1440],
                         "short_n_positions": [1, 1],
                         "short_total_wallet_exposure_limit": [1, 1],
                         "short_unstuck_close_pct": [0.001, 0.1],
                         "short_unstuck_ema_dist": [-0.1, 0.01],
                         "short_unstuck_loss_allowance_pct": [0, 0.05],