{"analysis": {"adg": 0.0023814670500891745,
              "drawdown_worst": 0.1847920831261132,
              "equity_balance_diff_max": 0.1750270213493956,
              "equity_balance_diff_mean": 0.006667599094941139,
              "loss_profit_ratio": 0.14368924422768356,
              "mdg": 0.0012108333550904914,
              "n_iters": 9526,
              "sharpe_ratio": 0.2354056722257622,
              "w_0": -0.0012108333550904914,
              "w_1": -0.2354056722257622},
 "backtest": {"base_dir": "backtests",
              "end_date": "now",
              "exchange": "binance",
              "start_date": "2021-05-01",
              "starting_balance": 100000,
              "symbols": ["CAKEUSDT"]},
 "bot": {"long": {"close_grid_markup_range": 0.05795989608219207,
                  "close_grid_min_markup": 0.03735028230852834,
                  "close_grid_qty_pct": 0.4267542876275351,
                  "close_trailing_grid_ratio": 0.8264124788289762,
                  "close_trailing_qty_pct": 0.5676942263840778,
                  "close_trailing_retracement_pct": 0.05800638051624609,
                  "close_trailing_threshold_pct": -0.0369416708045649,
                  "ema_span_0": 335.0179876875542,
                  "ema_span_1": 311.00410649211796,
                  "entry_grid_double_down_factor": 2.9519070825464278,
                  "entry_grid_spacing_pct": 0.09796294081181486,
                  "entry_grid_spacing_weight": 4.302974826655639,
                  "entry_initial_ema_dist": -0.096211122650707,
                  "entry_initial_qty_pct": 0.03274697643085378,
                  "entry_trailing_grid_ratio": -0.5343033098193266,
                  "entry_trailing_retracement_pct": 0.011741537545292093,
                  "entry_trailing_threshold_pct": -0.004682216164186417,
                  "filter_relative_volume_clip_pct": 0.011243289876069262,
                  "filter_rolling_window": 90.15939001503216,
                  "n_positions": 1.0,
                  "total_wallet_exposure_limit": 2.5,
                  "unstuck_close_pct": 0.07212362816712774,
                  "unstuck_ema_dist": 0.0072197498731095475,
                  "unstuck_loss_allowance_pct": 0.004943146653498754,
                  "unstuck_threshold": 0.8395839795269491},
         "short": {"close_grid_markup_range": 0.00627313520045987,
                   "close_grid_min_markup": 0.004388541584914876,
                   "close_grid_qty_pct": 0.9706828017782705,
                   "close_trailing_grid_ratio": -0.19797285887037086,
                   "close_trailing_qty_pct": 0.420502771281101,
                   "close_trailing_retracement_pct": 0.009962675781997832,
                   "close_trailing_threshold_pct": 0.020578806422403336,
                   "ema_span_0": 1175.2678618733134,
                   "ema_span_1": 1171.7391110334293,
                   "entry_grid_double_down_factor": 2.942942375264904,
                   "entry_grid_spacing_pct": 0.040487570218009604,
                   "entry_grid_spacing_weight": 2.868986713631936,
                   "entry_initial_ema_dist": -0.07828096687594897,
                   "entry_initial_qty_pct": 0.005744399144767381,
                   "entry_trailing_grid_ratio": -0.13510383997484898,
                   "entry_trailing_retracement_pct": 0.07416061384699883,
                   "entry_trailing_threshold_pct": 0.08924201703033904,
                   "filter_relative_volume_clip_pct": 0.49851652125154344,
                   "filter_rolling_window": 14.531792898337244,
                   "n_positions": 1.0,
                   "total_wallet_exposure_limit": 1.0,
                   "unstuck_close_pct": 0.055817247772194975,
                   "unstuck_ema_dist": -0.054774550170872495,
                   "unstuck_loss_allowance_pct": 0.0141483420519232,
                   "unstuck_threshold": 0.9451105351787206}},
 "live": {"approved_coins": ["CAKEUSDT"],
          "auto_gs": true,
          "coin_flags": {},
          "execution_delay_seconds": 2,
          "filter_by_min_effective_cost": true,
          "forced_mode_long": "",
          "forced_mode_short": "",
          "ignored_coins": [],
          "leverage": 10,
          "max_n_cancellations_per_batch": 5,
          "max_n_creations_per_batch": 3,
          "minimum_coin_age_days": 30,
          "ohlcv_rolling_window": 60,
          "pnls_max_lookback_days": 30,
          "price_distance_threshold": 0.002,
          "relative_volume_filter_clip_pct": 0.5,
          "time_in_force": "good_till_cancelled",
          "user": "hyperliquid_v7"},
 "optimize": {"bounds": {"long_close_grid_markup_range": [0, 0.06],
                         "long_close_grid_min_markup": [0.001, 0.06],
                         "long_close_grid_qty_pct": [0.05, 1],
                         "long_close_trailing_grid_ratio": [-1, 1],
                         "long_close_trailing_qty_pct": [0.05, 1],
                         "long_close_trailing_retracement_pct": [0, 0.3],
                         "long_close_trailing_threshold_pct": [-0.1, 0.1],
                         "long_ema_span_0": [200, 1440],
                         "long_ema_span_1": [200, 1440],
                         "long_entry_grid_double_down_factor": [0.1, 3],
                         "long_entry_grid_spacing_pct": [0.001, 0.12],
                         "long_entry_grid_spacing_weight": [0, 10],
                         "long_entry_initial_ema_dist": [-0.1, 0.003],
                         "long_entry_initial_qty_pct": [0.005, 0.1],
                         "long_entry_trailing_grid_ratio": [-1, 1],
                         "long_entry_trailing_retracement_pct": [0, 0.1],
                         "long_entry_trailing_threshold_pct": [-0.1, 0.1],
                         "long_filter_relative_volume_clip_pct": [0.0, 1.0],
                         "long_filter_rolling_window": [10.0, 1440.0],
                         "long_n_positions": [1.0, 1.0],
                         "long_total_wallet_exposure_limit": [2.5, 2.5],
                         "long_unstuck_close_pct": [0.001, 0.1],
                         "long_unstuck_ema_dist": [-0.1, 0.01],
                         "long_unstuck_loss_allowance_pct": [0, 0.05],
                         "long_unstuck_threshold": [0.4, 0.95],
                         "short_close_grid_markup_range": [0, 0.03],
                         "short_close_grid_min_markup": [0.001, 0.03],
                         "short_close_grid_qty_pct": [0.05, 1],
                         "short_close_trailing_grid_ratio": [-1, 1],
                         "short_close_trailing_qty_pct": [0.05, 1],
                         "short_close_trailing_retracement_pct": [0, 0.1],
                         "short_close_trailing_threshold_pct": [-0.1, 0.1],
                         "short_ema_span_0": [200, 1440],
                         "short_ema_span_1": [200, 1440],
                         "short_entry_grid_double_down_factor": [0.1, 3],
                         "short_entry_grid_spacing_pct": [0.001, 0.12],
                         "short_entry_grid_spacing_weight": [0, 10],
                         "short_entry_initial_ema_dist": [-0.1, 0.003],
                         "short_entry_initial_qty_pct": [0.005, 0.1],
                         "short_entry_trailing_grid_ratio": [-1, 1],
                         "short_entry_trailing_retracement_pct": [0, 0.1],
                         "short_entry_trailing_threshold_pct": [-0.1, 0.1],
                         "short_filter_relative_volume_clip_pct": [0.0, 1.0],
                         "short_filter_rolling_window": [10.0, 1440.0],
                         "short_n_positions": [1.0, 1.0],
                         "short_total_wallet_exposure_limit": [1.0, 1.0],
                         "short_unstuck_close_pct": [0.001, 0.1],
                         "short_unstuck_ema_dist": [-0.1, 0.01],