{"analysis": {"adg": 0.001284040745353881,
              "drawdown_worst": 0.13283822242677853,
              "equity_balance_diff_max": 0.1512544174184064,
              "equity_balance_diff_mean": 0.008672432986633382,
              "loss_profit_ratio": 0.22258207843381086,
              "mdg": 0.0006507784988562268,
              "n_iters": 9530,
              "sharpe_ratio": 0.14567338922437764,
              "w_0": -0.0006507784988562268,
              "w_1": -0.14567338922437764},
 "backtest": {"base_dir": "backtests",
              "end_date": "now",
              "exchange": "binance",
              "start_date": "2021-05-01",
              "starting_balance": 100000,
              "symbols": ["CFXUSDT"]},
 "bot": {"long": {"close_grid_markup_range": 0.05522057611850541,
                  "close_grid_min_markup": 0.006546381041027546,
                  "close_grid_qty_pct": 0.8724772815230948,
                  "close_trailing_grid_ratio": 0.35184813214937755,
                  "close_trailing_qty_pct": 0.8755901070421505,
                  "close_trailing_retracement_pct": 0.1357816421307328,
                  "close_trailing_threshold_pct": -0.061511562066089945,
                  "ema_span_0": 1221.2157764313438,
                  "ema_span_1": 1093.848258957314,
                  "entry_grid_double_down_factor": 1.4626520777354874,
                  "entry_grid_spacing_pct": 0.10785946457017034,
                  "entry_grid_spacing_weight": 7.192056886116192,
                  "entry_initial_ema_dist": -0.026121661346459317,
                  "entry_initial_qty_pct": 0.025055369909950154,
                  "entry_trailing_grid_ratio": -0.2168424660602609,
                  "entry_trailing_retracement_pct": 0.07229619207460103,
                  "entry_trailing_threshold_pct": -0.06226092534568192,
                  "filter_relative_volume_clip_pct": 0.9279968353282231,
                  "filter_rolling_window": 1009.0887178395037,
                  "n_positions": 1,
                  "total_wallet_exposure_limit": 2.5,
                  "unstuck_close_pct": 0.044620432188588896,
                  "unstuck_ema_dist": -0.010331436961182276,
                  "unstuck_loss_allowance_pct": 0.004690839176230338,
                  "unstuck_threshold": 0.8656010911286904},
         "short": {"close_grid_markup_range": 0.02537408296736489,
                   "close_grid_min_markup": 0.007996723099678728,
                   "close_grid_qty_pct": 0.48375267745885386,
                   "close_trailing_grid_ratio": 0.002649908985995958,
                   "close_trailing_qty_pct": 0.8582652862232274,
                   "close_trailing_retracement_pct": 0.07948255496707099,
                   "close_trailing_threshold_pct": 0.03626433728672365,
                   "ema_span_0": 1244.5945560731639,
                   "ema_span_1": 404.3580212709329,
                   "entry_grid_double_down_factor": 1.8069158401433785,
                   "entry_grid_spacing_pct": 0.045258959728804844,
                   "entry_grid_spacing_weight": 2.434593951342702,
                   "entry_initial_ema_dist": -0.040302987052449044,
                   "entry_initial_qty_pct": 0.006490664035891554,
                   "entry_trailing_grid_ratio": 0.7000988517358289,
                   "entry_trailing_retracement_pct": 0.04090987614218828,
                   "entry_trailing_threshold_pct": -0.0888434460278056,
                   "filter_relative_volume_clip_pct": 0.9600938938094173,
                   "filter_rolling_window": 619.5041264548621,
                   "n_positions": 1,
                   "total_wallet_exposure_limit": 1,
                   "unstuck_close_pct": 0.012517386619277721,
                   "unstuck_ema_dist": -0.049734530591449104,
                   "unstuck_loss_allowance_pct": 0.005509408566793028,
                   "unstuck_threshold": 0.45264371950679916}},
 "live": {"approved_coins": ["CFXUSDT"],
          "auto_gs": true,
          "coin_flags": {},
          "execution_delay_seconds": 2,
          "filter_by_min_effective_cost": true,
          "forced_mode_long": "",
          "forced_mode_short": "",
          "ignored_coins": [],
          "leverage": 10,
          "max_n_cancellations_per_batch": 5,
          "max_n_creations_per_batch": 3,
          "minimum_coin_age_days": 30,
          "ohlcv_rolling_window": 60,
          "pnls_max_lookback_days": 30,
          "price_distance_threshold": 0.002,
          "relative_volume_filter_clip_pct": 0.5,
          "time_in_force": "good_till_cancelled",
          "user": "hyperliquid_v7"},
 "optimize": {"bounds": {"long_close_grid_markup_range": [0, 0.06],
                         "long_close_grid_min_markup": [0.001, 0.06],
                         "long_close_grid_qty_pct": [0.05, 1],
                         "long_close_trailing_grid_ratio": [-1, 1],
                         "long_close_trailing_qty_pct": [0.05, 1],
                         "long_close_trailing_retracement_pct": [0, 0.3],
                         "long_close_trailing_threshold_pct": [-0.1, 0.1],
                         "long_ema_span_0": [200, 1440],
                         "long_ema_span_1": [200, 1440],
                         "long_entry_grid_double_down_factor": [0.1, 3],
                         "long_entry_grid_spacing_pct": [0.001, 0.12],
                         "long_entry_grid_spacing_weight": [0, 10],
                         "long_entry_initial_ema_dist": [-0.1, 0.003],
                         "long_entry_initial_qty_pct": [0.005, 0.1],
                         "long_entry_trailing_grid_ratio": [-1, 1],
                         "long_entry_trailing_retracement_pct": [0, 0.1],
                         "long_entry_trailing_threshold_pct": [-0.1, 0.1],
                         "long_filter_relative_volume_clip_pct": [0, 1],
                         "long_filter_rolling_window": [10, 1440],
                         "long_n_positions": [1, 1],
                         "long_total_wallet_exposure_limit": [2.5, 2.5],
                         "long_unstuck_close_pct": [0.001, 0.1],
                         "long_unstuck_ema_dist": [-0.1, 0.01],
                         "long_unstuck_loss_allowance_pct": [0, 0.05],
                         "long_unstuck_threshold": [0.4, 0.95],
                         "short_close_grid_markup_range": [0, 0.03],
                         "short_close_grid_min_markup": [0.001, 0.03],
                         "short_close_grid_qty_pct": [0.05, 1],
                         "short_close_trailing_grid_ratio": [-1, 1],
                         "short_close_trailing_qty_pct": [0.05, 1],
                         "short_close_trailing_retracement_pct": [0, 0.1],
                         "short_close_trailing_threshold_pct": [-0.1, 0.1],
                         "short_ema_span_0": [200, 1440],
                         "short_ema_span_1": [200, 1440],
                         "short_entry_grid_double_down_factor": [0.1, 3],
                         "short_entry_grid_spacing_pct": [0.001, 0.12],
                         "short_entry_grid_spacing_weight": [0, 10],
                         "short_entry_initial_ema_dist": [-0.1, 0.003],
                         "short_entry_initial_qty_pct": [0.005, 0.1],
                         "short_entry_trailing_grid_ratio": [-1, 1],
                         "short_entry_trailing_retracement_pct": [0, 0.1],
                         "short_entry_trailing_threshold_pct": [-0.1, 0.1],
                         "short_filter_relative_volume_clip_pct": [0, 1],
                         "short_filter_rolling_window": [10, 1440],
                         "short_n_positions": [1, 1],
                         "short_total_wallet_exposure_limit": [1, 1],
                         "short_unstuck_close_pct": [0.001, 0.1],
                         "short_unstuck_ema_dist": [-0.1, 0.01],
                         "short_unstuck_loss_allowance_pct": [0, 0.05],