{"analysis": {"adg": 0.0005273392250123607,
              "drawdown_worst": 0.14531886303964814,
              "equity_balance_diff_max": 0.11344014119837868,
              "equity_balance_diff_mean": 0.005110482646143684,
              "loss_profit_ratio": 0.33952910382412593,
              "mdg": 0.00013739235087319477,
              "n_iters": 9501,
              "sharpe_ratio": 0.09018242155598111,
              "w_0": -0.00013739235087319477,
              "w_1": -0.09018242155598111},
 "backtest": {"base_dir": "backtests",
              "end_date": "now",
              "exchange": "binance",
              "start_date": "2021-05-01",
              "starting_balance": 100000,
              "symbols": ["COMPUSDT"]},
 "bot": {"long": {"close_grid_markup_range": 0.020829545113330617,
                  "close_grid_min_markup": 0.054449684275714776,
                  "close_grid_qty_pct": 0.8535499275033639,
                  "close_trailing_grid_ratio": 0.6123485228285497,
                  "close_trailing_qty_pct": 0.5332116686153247,
                  "close_trailing_retracement_pct": 0.10414338610728392,
                  "close_trailing_threshold_pct": -0.0022807163022640214,
                  "ema_span_0": 655.8838018729543,
                  "ema_span_1": 1035.7350487073459,
                  "entry_grid_double_down_factor": 2.745993796787685,
                  "entry_grid_spacing_pct": 0.08700399789228398,
                  "entry_grid_spacing_weight": 2.226087787280024,
                  "entry_initial_ema_dist": -0.09585903036952816,
                  "entry_initial_qty_pct": 0.012072442779336244,
                  "entry_trailing_grid_ratio": -0.8335469977554253,
                  "entry_trailing_retracement_pct": 0.054435634266148024,
                  "entry_trailing_threshold_pct": -0.021633853570550268,
                  "filter_relative_volume_clip_pct": 0.9637201694755065,
                  "filter_rolling_window": 1035.5309058731293,
                  "n_positions": 1.0,
                  "total_wallet_exposure_limit": 2.5,
                  "unstuck_close_pct": 0.0649539444024035,
                  "unstuck_ema_dist": -0.03713312755484635,
                  "unstuck_loss_allowance_pct": 0.04509707722251638,
                  "unstuck_threshold": 0.5147774880585422},
         "short": {"close_grid_markup_range": 0.027394361210513293,
                   "close_grid_min_markup": 0.018059015317859306,
                   "close_grid_qty_pct": 0.7566531732597145,
                   "close_trailing_grid_ratio": -0.8366859652817982,
                   "close_trailing_qty_pct": 0.623297670273935,
                   "close_trailing_retracement_pct": 0.021236741713942315,
                   "close_trailing_threshold_pct": -0.01938401652639507,
                   "ema_span_0": 1384.4561297462758,
                   "ema_span_1": 937.039304467462,
                   "entry_grid_double_down_factor": 0.5421419785341468,
                   "entry_grid_spacing_pct": 0.10068173616701268,
                   "entry_grid_spacing_weight": 7.0433408384680884,
                   "entry_initial_ema_dist": -0.0803864386008262,
                   "entry_initial_qty_pct": 0.06730894053904407,
                   "entry_trailing_grid_ratio": 0.5390907843306018,
                   "entry_trailing_retracement_pct": 0.09850056906563565,
                   "entry_trailing_threshold_pct": 0.0018547866650815426,
                   "filter_relative_volume_clip_pct": 0.5628862530443967,
                   "filter_rolling_window": 1298.4942949987476,
                   "n_positions": 1.0,
                   "total_wallet_exposure_limit": 1.0,
                   "unstuck_close_pct": 0.01043154855140336,
                   "unstuck_ema_dist": -0.07937269446685452,
                   "unstuck_loss_allowance_pct": 0.02915552914132371,
                   "unstuck_threshold": 0.9082869438446017}},
 "live": {"approved_coins": ["COMPUSDT"],
          "auto_gs": true,
          "coin_flags": {},
          "execution_delay_seconds": 2,
          "filter_by_min_effective_cost": true,
          "forced_mode_long": "",
          "forced_mode_short": "",
          "ignored_coins": [],
          "leverage": 10,
          "max_n_cancellations_per_batch": 5,
          "max_n_creations_per_batch": 3,
          "minimum_coin_age_days": 30,
          "ohlcv_rolling_window": 60,
          "pnls_max_lookback_days": 30,
          "price_distance_threshold": 0.002,
          "relative_volume_filter_clip_pct": 0.5,
          "time_in_force": "good_till_cancelled",
          "user": "hyperliquid_v7"},
 "optimize": {"bounds": {"long_close_grid_markup_range": [0, 0.06],
                         "long_close_grid_min_markup": [0.001, 0.06],
                         "long_close_grid_qty_pct": [0.05, 1],
                         "long_close_trailing_grid_ratio": [-1, 1],
                         "long_close_trailing_qty_pct": [0.05, 1],
                         "long_close_trailing_retracement_pct": [0, 0.3],
                         "long_close_trailing_threshold_pct": [-0.1, 0.1],
                         "long_ema_span_0": [200, 1440],
                         "long_ema_span_1": [200, 1440],
                         "long_entry_grid_double_down_factor": [0.1, 3],
                         "long_entry_grid_spacing_pct": [0.001, 0.12],
                         "long_entry_grid_spacing_weight": [0, 10],
                         "long_entry_initial_ema_dist": [-0.1, 0.003],
                         "long_entry_initial_qty_pct": [0.005, 0.1],
                         "long_entry_trailing_grid_ratio": [-1, 1],
                         "long_entry_trailing_retracement_pct": [0, 0.1],
                         "long_entry_trailing_threshold_pct": [-0.1, 0.1],
                         "long_filter_relative_volume_clip_pct": [0.0, 1.0],
                         "long_filter_rolling_window": [10.0, 1440.0],
                         "long_n_positions": [1.0, 1.0],
                         "long_total_wallet_exposure_limit": [2.5, 2.5],
                         "long_unstuck_close_pct": [0.001, 0.1],
                         "long_unstuck_ema_dist": [-0.1, 0.01],
                         "long_unstuck_loss_allowance_pct": [0, 0.05],
                         "long_unstuck_threshold": [0.4, 0.95],
                         "short_close_grid_markup_range": [0, 0.03],
                         "short_close_grid_min_markup": [0.001, 0.03],
                         "short_close_grid_qty_pct": [0.05, 1],
                         "short_close_trailing_grid_ratio": [-1, 1],
                         "short_close_trailing_qty_pct": [0.05, 1],
                         "short_close_trailing_retracement_pct": [0, 0.1],
                         "short_close_trailing_threshold_pct": [-0.1, 0.1],
                         "short_ema_span_0": [200, 1440],
                         "short_ema_span_1": [200, 1440],
                         "short_entry_grid_double_down_factor": [0.1, 3],
                         "short_entry_grid_spacing_pct": [0.001, 0.12],
                         "short_entry_grid_spacing_weight": [0, 10],
                         "short_entry_initial_ema_dist": [-0.1, 0.003],
                         "short_entry_initial_qty_pct": [0.005, 0.1],
                         "short_entry_trailing_grid_ratio": [-1, 1],
                         "short_entry_trailing_retracement_pct": [0, 0.1],
                         "short_entry_trailing_threshold_pct": [-0.1, 0.1],
                         "short_filter_relative_volume_clip_pct": [0.0, 1.0],
                         "short_filter_rolling_window": [10.0, 1440.0],
                         "short_n_positions": [1.0, 1.0],
                         "short_total_wallet_exposure_limit": [1.0, 1.0],
                         "short_unstuck_close_pct": [0.001, 0.1],
                         "short_unstuck_ema_dist": [-0.1, 0.01],