{"analysis": {"adg": 0.0005273392250123607,
              "drawdown_worst": 0.14531886303964814,
              "equity_balance_diff_max": 0.11344014119837868,
              "equity_balance_diff_mean": 0.005110482646143684,
              "loss_profit_ratio": 0.33952910382412593,
              "mdg": 0.00013739235087319477,
              "n_iters": 9501,
              "sharpe_ratio": 0.09018242155598111,
              "w_0": -0.00013739235087319477,
              "w_1": -0.09018242155598111},
 "backtest": {"base_dir": "backtests",
              "end_date": "now",
              "exchange": "binance",
              "start_date": "2021-05-01",
              "starting_balance": 100000,
              "symbols": ["COMPUSDT"]},
 "bot": {"long": {"close_grid_markup_range": 0.015875979748541134,
                  "close_grid_min_markup": 0.008672371523688195,
                  "close_grid_qty_pct": 0.560084401244052,
                  "close_trailing_grid_ratio": 0.00713601215113896,
                  "close_trailing_qty_pct": 0.7967154364260106,
                  "close_trailing_retracement_pct": 0.07620235524611955,
                  "close_trailing_threshold_pct": 0.032100651450306425,
                  "ema_span_0": 1073.7046393728283,
                  "ema_span_1": 833.0544719963116,
                  "entry_grid_double_down_factor": 1.41443181655462,
                  "entry_grid_spacing_pct": 0.04458278176956462,
                  "entry_grid_spacing_weight": 7.068983593627084,
                  "entry_initial_ema_dist": -0.051969195240855866,
                  "entry_initial_qty_pct": 0.00969369846074132,
                  "entry_trailing_grid_ratio": -0.7041506489606857,
                  "entry_trailing_retracement_pct": 0.05847502419786845,
                  "entry_trailing_threshold_pct": 0.08610805506960502,
                  "filter_relative_volume_clip_pct": 0.7750141890525645,
                  "filter_rolling_window": 845.7396969733267,
                  "n_positions": 1,
                  "total_wallet_exposure_limit": 2.5,
                  "unstuck_close_pct": 0.056502056544939096,
                  "unstuck_ema_dist": 0.009889479789136658,
                  "unstuck_loss_allowance_pct": 0.005169973818509491,
                  "unstuck_threshold": 0.5140620649728067},
         "short": {"close_grid_markup_range": 0.026406330266646356,
                   "close_grid_min_markup": 0.011217662333295273,
                   "close_grid_qty_pct": 0.12066020723920473,
                   "close_trailing_grid_ratio": 0.6344260264134899,
                   "close_trailing_qty_pct": 0.18454042329041903,
                   "close_trailing_retracement_pct": 0.09902894534608223,
                   "close_trailing_threshold_pct": -0.08391174629354788,
                   "ema_span_0": 1273.5482509598082,
                   "ema_span_1": 729.0656742722541,
                   "entry_grid_double_down_factor": 1.176777336533807,
                   "entry_grid_spacing_pct": 0.11436847530494602,
                   "entry_grid_spacing_weight": 4.6980921157314794,
                   "entry_initial_ema_dist": -0.055934807677922124,
                   "entry_initial_qty_pct": 0.06704546347749388,
                   "entry_trailing_grid_ratio": -0.24663518350364672,
                   "entry_trailing_retracement_pct": 0.03847735829753633,
                   "entry_trailing_threshold_pct": 0.0622770665795197,
                   "filter_relative_volume_clip_pct": 0.1138623984322285,
                   "filter_rolling_window": 714.7231286986934,
                   "n_positions": 1,
                   "total_wallet_exposure_limit": 1,
                   "unstuck_close_pct": 0.05692191011759652,
                   "unstuck_ema_dist": -0.06138651442275664,
                   "unstuck_loss_allowance_pct": 0.04289876505552688,
                   "unstuck_threshold": 0.6942868117051741}},
 "live": {"approved_coins": ["COMPUSDT"],
          "auto_gs": true,
          "coin_flags": {},
          "execution_delay_seconds": 2,
          "filter_by_min_effective_cost": true,
          "forced_mode_long": "",
          "forced_mode_short": "",
          "ignored_coins": [],
          "leverage": 10,
          "max_n_cancellations_per_batch": 5,
          "max_n_creations_per_batch": 3,
          "minimum_coin_age_days": 30,
          "ohlcv_rolling_window": 60,
          "pnls_max_lookback_days": 30,
          "price_distance_threshold": 0.002,
          "relative_volume_filter_clip_pct": 0.5,
          "time_in_force": "good_till_cancelled",
          "user": "hyperliquid_v7"},
 "optimize": {"bounds": {"long_close_grid_markup_range": [0, 0.06],
                         "long_close_grid_min_markup": [0.001, 0.06],
                         "long_close_grid_qty_pct": [0.05, 1],
                         "long_close_trailing_grid_ratio": [-1, 1],
                         "long_close_trailing_qty_pct": [0.05, 1],
                         "long_close_trailing_retracement_pct": [0, 0.3],
                         "long_close_trailing_threshold_pct": [-0.1, 0.1],
                         "long_ema_span_0": [200, 1440],
                         "long_ema_span_1": [200, 1440],
                         "long_entry_grid_double_down_factor": [0.1, 3],
                         "long_entry_grid_spacing_pct": [0.001, 0.12],
                         "long_entry_grid_spacing_weight": [0, 10],
                         "long_entry_initial_ema_dist": [-0.1, 0.003],
                         "long_entry_initial_qty_pct": [0.005, 0.1],
                         "long_entry_trailing_grid_ratio": [-1, 1],
                         "long_entry_trailing_retracement_pct": [0, 0.1],
                         "long_entry_trailing_threshold_pct": [-0.1, 0.1],
                         "long_filter_relative_volume_clip_pct": [0, 1],
                         "long_filter_rolling_window": [10, 1440],
                         "long_n_positions": [1, 1],
                         "long_total_wallet_exposure_limit": [2.5, 2.5],
                         "long_unstuck_close_pct": [0.001, 0.1],
                         "long_unstuck_ema_dist": [-0.1, 0.01],
                         "long_unstuck_loss_allowance_pct": [0, 0.05],
                         "long_unstuck_threshold": [0.4, 0.95],
                         "short_close_grid_markup_range": [0, 0.03],
                         "short_close_grid_min_markup": [0.001, 0.03],
                         "short_close_grid_qty_pct": [0.05, 1],
                         "short_close_trailing_grid_ratio": [-1, 1],
                         "short_close_trailing_qty_pct": [0.05, 1],
                         "short_close_trailing_retracement_pct": [0, 0.1],
                         "short_close_trailing_threshold_pct": [-0.1, 0.1],
                         "short_ema_span_0": [200, 1440],
                         "short_ema_span_1": [200, 1440],
                         "short_entry_grid_double_down_factor": [0.1, 3],
                         "short_entry_grid_spacing_pct": [0.001, 0.12],
                         "short_entry_grid_spacing_weight": [0, 10],
                         "short_entry_initial_ema_dist": [-0.1, 0.003],
                         "short_entry_initial_qty_pct": [0.005, 0.1],
                         "short_entry_trailing_grid_ratio": [-1, 1],
                         "short_entry_trailing_retracement_pct": [0, 0.1],
                         "short_entry_trailing_threshold_pct": [-0.1, 0.1],
                         "short_filter_relative_volume_clip_pct": [0, 1],
                         "short_filter_rolling_window": [10, 1440],
                         "short_n_positions": [1, 1],
                         "short_total_wallet_exposure_limit": [1, 1],
                         "short_unstuck_close_pct": [0.001, 0.1],
                         "short_unstuck_ema_dist": [-0.1, 0.01],
                         "short_unstuck_loss_allowance_pct": [0, 0.05],