{"analysis": {"adg": 0.0006084261330000301,
              "drawdown_worst": 0.11278449914854154,
              "equity_balance_diff_max": 0.1237041183479381,
              "equity_balance_diff_mean": 0.00740544306024462,
              "loss_profit_ratio": 0.17995697340111216,
              "mdg": 0.0001916922642940533,
              "n_iters": 9478,
              "sharpe_ratio": 0.12036136170045555,
              "w_0": -0.0001916922642940533,
              "w_1": -0.12036136170045555},
 "backtest": {"base_dir": "backtests",
              "end_date": "now",
              "exchange": "binance",
              "start_date": "2021-05-01",
              "starting_balance": 100000,
              "symbols": ["CRVUSDT"]},
 "bot": {"long": {"close_grid_markup_range": 0.029461081365120247,
                  "close_grid_min_markup": 0.027644449758683937,
                  "close_grid_qty_pct": 0.5134616839335501,
                  "close_trailing_grid_ratio": -0.8766361966257112,
                  "close_trailing_qty_pct": 0.24973867135248812,
                  "close_trailing_retracement_pct": 0.02695771964970413,
                  "close_trailing_threshold_pct": -0.08141364223084416,
                  "ema_span_0": 356.61767208794083,
                  "ema_span_1": 386.6603738077852,
                  "entry_grid_double_down_factor": 0.253646516856511,
                  "entry_grid_spacing_pct": 0.10212333375827587,
                  "entry_grid_spacing_weight": 9.756003936258232,
                  "entry_initial_ema_dist": -0.08892936124708027,
                  "entry_initial_qty_pct": 0.00732347290409293,
                  "entry_trailing_grid_ratio": -0.25020620539476573,
                  "entry_trailing_retracement_pct": 0.09931505707724267,
                  "entry_trailing_threshold_pct": 0.06267053472322988,
                  "filter_relative_volume_clip_pct": 0.30311576329122686,
                  "filter_rolling_window": 331.07614828891604,
                  "n_positions": 1,
                  "total_wallet_exposure_limit": 2.5,
                  "unstuck_close_pct": 0.05452991686215868,
                  "unstuck_ema_dist": -0.03424303060635533,
                  "unstuck_loss_allowance_pct": 0.033219848223569624,
                  "unstuck_threshold": 0.42022311266741585},
         "short": {"close_grid_markup_range": 0.015196497236767923,
                   "close_grid_min_markup": 0.008211404814327096,
                   "close_grid_qty_pct": 0.23552646763694424,
                   "close_trailing_grid_ratio": -0.6019148056569875,
                   "close_trailing_qty_pct": 0.07575376346643614,
                   "close_trailing_retracement_pct": 0.06390491604571721,
                   "close_trailing_threshold_pct": -0.07869745419229902,
                   "ema_span_0": 499.75213636397365,
                   "ema_span_1": 1002.4458373816593,
                   "entry_grid_double_down_factor": 0.28039972237962707,
                   "entry_grid_spacing_pct": 0.07229958952072617,
                   "entry_grid_spacing_weight": 8.4016007724288,
                   "entry_initial_ema_dist": -0.0694925085300785,
                   "entry_initial_qty_pct": 0.01011567175675536,
                   "entry_trailing_grid_ratio": -0.08974764689929016,
                   "entry_trailing_retracement_pct": 0.036445017870850735,
                   "entry_trailing_threshold_pct": 0.0029403842454916104,
                   "filter_relative_volume_clip_pct": 0.18202792596425266,
                   "filter_rolling_window": 1429.9543143842093,
                   "n_positions": 1,
                   "total_wallet_exposure_limit": 1,
                   "unstuck_close_pct": 0.017953763774009722,
                   "unstuck_ema_dist": -0.07433777130221998,
                   "unstuck_loss_allowance_pct": 0.045519341918829254,
                   "unstuck_threshold": 0.8713852955347029}},
 "live": {"approved_coins": ["CRVUSDT"],
          "auto_gs": true,
          "coin_flags": {},
          "execution_delay_seconds": 2,
          "filter_by_min_effective_cost": true,
          "forced_mode_long": "",
          "forced_mode_short": "",
          "ignored_coins": [],
          "leverage": 10,
          "max_n_cancellations_per_batch": 5,
          "max_n_creations_per_batch": 3,
          "minimum_coin_age_days": 30,
          "ohlcv_rolling_window": 60,
          "pnls_max_lookback_days": 30,
          "price_distance_threshold": 0.002,
          "relative_volume_filter_clip_pct": 0.5,
          "time_in_force": "good_till_cancelled",
          "user": "hyperliquid_v7"},
 "optimize": {"bounds": {"long_close_grid_markup_range": [0, 0.06],
                         "long_close_grid_min_markup": [0.001, 0.06],
                         "long_close_grid_qty_pct": [0.05, 1],
                         "long_close_trailing_grid_ratio": [-1, 1],
                         "long_close_trailing_qty_pct": [0.05, 1],
                         "long_close_trailing_retracement_pct": [0, 0.3],
                         "long_close_trailing_threshold_pct": [-0.1, 0.1],
                         "long_ema_span_0": [200, 1440],
                         "long_ema_span_1": [200, 1440],
                         "long_entry_grid_double_down_factor": [0.1, 3],
                         "long_entry_grid_spacing_pct": [0.001, 0.12],
                         "long_entry_grid_spacing_weight": [0, 10],
                         "long_entry_initial_ema_dist": [-0.1, 0.003],
                         "long_entry_initial_qty_pct": [0.005, 0.1],
                         "long_entry_trailing_grid_ratio": [-1, 1],
                         "long_entry_trailing_retracement_pct": [0, 0.1],
                         "long_entry_trailing_threshold_pct": [-0.1, 0.1],
                         "long_filter_relative_volume_clip_pct": [0, 1],
                         "long_filter_rolling_window": [10, 1440],
                         "long_n_positions": [1, 1],
                         "long_total_wallet_exposure_limit": [2.5, 2.5],
                         "long_unstuck_close_pct": [0.001, 0.1],
                         "long_unstuck_ema_dist": [-0.1, 0.01],
                         "long_unstuck_loss_allowance_pct": [0, 0.05],
                         "long_unstuck_threshold": [0.4, 0.95],
                         "short_close_grid_markup_range": [0, 0.03],
                         "short_close_grid_min_markup": [0.001, 0.03],
                         "short_close_grid_qty_pct": [0.05, 1],
                         "short_close_trailing_grid_ratio": [-1, 1],
                         "short_close_trailing_qty_pct": [0.05, 1],
                         "short_close_trailing_retracement_pct": [0, 0.1],
                         "short_close_trailing_threshold_pct": [-0.1, 0.1],
                         "short_ema_span_0": [200, 1440],
                         "short_ema_span_1": [200, 1440],
                         "short_entry_grid_double_down_factor": [0.1, 3],
                         "short_entry_grid_spacing_pct": [0.001, 0.12],
                         "short_entry_grid_spacing_weight": [0, 10],
                         "short_entry_initial_ema_dist": [-0.1, 0.003],
                         "short_entry_initial_qty_pct": [0.005, 0.1],
                         "short_entry_trailing_grid_ratio": [-1, 1],
                         "short_entry_trailing_retracement_pct": [0, 0.1],
                         "short_entry_trailing_threshold_pct": [-0.1, 0.1],
                         "short_filter_relative_volume_clip_pct": [0, 1],
                         "short_filter_rolling_window": [10, 1440],
                         "short_n_positions": [1, 1],
                         "short_total_wallet_exposure_limit": [1, 1],
                         "short_unstuck_close_pct": [0.001, 0.1],
                         "short_unstuck_ema_dist": [-0.1, 0.01],
                         "short_unstuck_loss_allowance_pct": [0, 0.05],