{"analysis": {"adg": 0.0006084261330000301,
              "drawdown_worst": 0.11278449914854154,
              "equity_balance_diff_max": 0.1237041183479381,
              "equity_balance_diff_mean": 0.00740544306024462,
              "loss_profit_ratio": 0.17995697340111216,
              "mdg": 0.0001916922642940533,
              "n_iters": 9478,
              "sharpe_ratio": 0.12036136170045555,
              "w_0": -0.0001916922642940533,
              "w_1": -0.12036136170045555},
 "backtest": {"base_dir": "backtests",
              "end_date": "now",
              "exchange": "binance",
              "start_date": "2021-05-01",
              "starting_balance": 100000,
              "symbols": ["CRVUSDT"]},
 "bot": {"long": {"close_grid_markup_range": 0.027093366313339286,
                  "close_grid_min_markup": 0.02599761986144737,
                  "close_grid_qty_pct": 0.9897466512236032,
                  "close_trailing_grid_ratio": 0.6805655358010987,
                  "close_trailing_qty_pct": 0.5414578842175203,
                  "close_trailing_retracement_pct": 0.04967732671799181,
                  "close_trailing_threshold_pct": 0.02880528740436529,
                  "ema_span_0": 1159.705823652162,
                  "ema_span_1": 483.89366372415014,
                  "entry_grid_double_down_factor": 0.9991719505207034,
                  "entry_grid_spacing_pct": 0.11230680353141505,
                  "entry_grid_spacing_weight": 8.344038199157636,
                  "entry_initial_ema_dist": -0.0055982147459811595,
                  "entry_initial_qty_pct": 0.005593108808141772,
                  "entry_trailing_grid_ratio": -0.5527723700668724,
                  "entry_trailing_retracement_pct": 0.024916172722521352,
                  "entry_trailing_threshold_pct": -0.09469100700602869,
                  "filter_relative_volume_clip_pct": 0.6655865619841237,
                  "filter_rolling_window": 778.8327932993616,
                  "n_positions": 1.0,
                  "total_wallet_exposure_limit": 2.5,
                  "unstuck_close_pct": 0.0843474601248644,
                  "unstuck_ema_dist": -0.08938051703378483,
                  "unstuck_loss_allowance_pct": 0.047493983539522514,
                  "unstuck_threshold": 0.9051570894659637},
         "short": {"close_grid_markup_range": 0.007932841554882634,
                   "close_grid_min_markup": 0.021062504471047048,
                   "close_grid_qty_pct": 0.9826757525307481,
                   "close_trailing_grid_ratio": -0.7262102010205789,
                   "close_trailing_qty_pct": 0.2987094382417226,
                   "close_trailing_retracement_pct": 0.007804295213608738,
                   "close_trailing_threshold_pct": -0.057025924403771994,
                   "ema_span_0": 813.2611999499395,
                   "ema_span_1": 1329.7642726232798,
                   "entry_grid_double_down_factor": 1.3703005959328973,
                   "entry_grid_spacing_pct": 0.11535909766509743,
                   "entry_grid_spacing_weight": 0.813914585563484,
                   "entry_initial_ema_dist": 0.0008199276747886917,
                   "entry_initial_qty_pct": 0.0226898362253841,
                   "entry_trailing_grid_ratio": -0.3392246522517513,
                   "entry_trailing_retracement_pct": 0.08728850258931996,
                   "entry_trailing_threshold_pct": -0.061029436405796486,
                   "filter_relative_volume_clip_pct": 0.05429860850493436,
                   "filter_rolling_window": 964.2321428320165,
                   "n_positions": 1.0,
                   "total_wallet_exposure_limit": 1.0,
                   "unstuck_close_pct": 0.04029453589500896,
                   "unstuck_ema_dist": -0.03069791420326966,
                   "unstuck_loss_allowance_pct": 0.02012923208912972,
                   "unstuck_threshold": 0.6683358148934314}},
 "live": {"approved_coins": ["CRVUSDT"],
          "auto_gs": true,
          "coin_flags": {},
          "execution_delay_seconds": 2,
          "filter_by_min_effective_cost": true,
          "forced_mode_long": "",
          "forced_mode_short": "",
          "ignored_coins": [],
          "leverage": 10,
          "max_n_cancellations_per_batch": 5,
          "max_n_creations_per_batch": 3,
          "minimum_coin_age_days": 30,
          "ohlcv_rolling_window": 60,
          "pnls_max_lookback_days": 30,
          "price_distance_threshold": 0.002,
          "relative_volume_filter_clip_pct": 0.5,
          "time_in_force": "good_till_cancelled",
          "user": "hyperliquid_v7"},
 "optimize": {"bounds": {"long_close_grid_markup_range": [0, 0.06],
                         "long_close_grid_min_markup": [0.001, 0.06],
                         "long_close_grid_qty_pct": [0.05, 1],
                         "long_close_trailing_grid_ratio": [-1, 1],
                         "long_close_trailing_qty_pct": [0.05, 1],
                         "long_close_trailing_retracement_pct": [0, 0.3],
                         "long_close_trailing_threshold_pct": [-0.1, 0.1],
                         "long_ema_span_0": [200, 1440],
                         "long_ema_span_1": [200, 1440],
                         "long_entry_grid_double_down_factor": [0.1, 3],
                         "long_entry_grid_spacing_pct": [0.001, 0.12],
                         "long_entry_grid_spacing_weight": [0, 10],
                         "long_entry_initial_ema_dist": [-0.1, 0.003],
                         "long_entry_initial_qty_pct": [0.005, 0.1],
                         "long_entry_trailing_grid_ratio": [-1, 1],
                         "long_entry_trailing_retracement_pct": [0, 0.1],
                         "long_entry_trailing_threshold_pct": [-0.1, 0.1],
                         "long_filter_relative_volume_clip_pct": [0.0, 1.0],
                         "long_filter_rolling_window": [10.0, 1440.0],
                         "long_n_positions": [1.0, 1.0],
                         "long_total_wallet_exposure_limit": [2.5, 2.5],
                         "long_unstuck_close_pct": [0.001, 0.1],
                         "long_unstuck_ema_dist": [-0.1, 0.01],
                         "long_unstuck_loss_allowance_pct": [0, 0.05],
                         "long_unstuck_threshold": [0.4, 0.95],
                         "short_close_grid_markup_range": [0, 0.03],
                         "short_close_grid_min_markup": [0.001, 0.03],
                         "short_close_grid_qty_pct": [0.05, 1],
                         "short_close_trailing_grid_ratio": [-1, 1],
                         "short_close_trailing_qty_pct": [0.05, 1],
                         "short_close_trailing_retracement_pct": [0, 0.1],
                         "short_close_trailing_threshold_pct": [-0.1, 0.1],
                         "short_ema_span_0": [200, 1440],
                         "short_ema_span_1": [200, 1440],
                         "short_entry_grid_double_down_factor": [0.1, 3],
                         "short_entry_grid_spacing_pct": [0.001, 0.12],
                         "short_entry_grid_spacing_weight": [0, 10],
                         "short_entry_initial_ema_dist": [-0.1, 0.003],
                         "short_entry_initial_qty_pct": [0.005, 0.1],
                         "short_entry_trailing_grid_ratio": [-1, 1],
                         "short_entry_trailing_retracement_pct": [0, 0.1],
                         "short_entry_trailing_threshold_pct": [-0.1, 0.1],
                         "short_filter_relative_volume_clip_pct": [0.0, 1.0],
                         "short_filter_rolling_window": [10.0, 1440.0],
                         "short_n_positions": [1.0, 1.0],
                         "short_total_wallet_exposure_limit": [1.0, 1.0],
                         "short_unstuck_close_pct": [0.001, 0.1],
                         "short_unstuck_ema_dist": [-0.1, 0.01],