{
    "analysis": {
        "adg": 0.0011620039886111337,
        "drawdown_worst": 0.22403385433000472,
        "equity_balance_diff_max": 0.2053804725539984,
        "equity_balance_diff_mean": 0.004682766790093609,
        "loss_profit_ratio": 0.4695239553576234,
        "mdg": 0.0006128919600777845,
        "n_iters": 9516,
        "sharpe_ratio": 0.1533676663047991,
        "w_0": -0.0006128919600777845,
        "w_1": -0.1533676663047991
    },
    "backtest": {
        "base_dir": "backtests",
        "end_date": "now",
        "exchange": "binance",
        "start_date": "2021-05-01",
        "starting_balance": 100000,
        "symbols": [
            "DOGEUSDT"
        ]
    },
    "bot": {
        "long": {
            "close_grid_markup_range": 0.005834153143869633,
            "close_grid_min_markup": 0.026519014885689297,
            "close_grid_qty_pct": 0.11433439202482121,
            "close_trailing_grid_ratio": 0.012490026142987859,
            "close_trailing_qty_pct": 0.10353443242863797,
            "close_trailing_retracement_pct": 0.013425753201635346,
            "close_trailing_threshold_pct": 0.06402150400808854,
            "ema_span_0": 399.7217557853324,
            "ema_span_1": 483.511186793484,
            "entry_grid_double_down_factor": 2.42187369391113,
            "entry_grid_spacing_pct": 0.026091241309675366,
            "entry_grid_spacing_weight": 7.321414466445555,
            "entry_initial_ema_dist": -0.08673805603789152,
            "entry_initial_qty_pct": 0.07239688887935652,
            "entry_trailing_grid_ratio": -0.30964347203677767,
            "entry_trailing_retracement_pct": 0.0691808014952504,
            "entry_trailing_threshold_pct": -0.0895311835272009,
            "n_positions": 6.417847646300193,
            "total_wallet_exposure_limit": 3.662516829657703,
            "unstuck_close_pct": 0.044593702715635265,
            "unstuck_ema_dist": -0.08011230512659456,
            "unstuck_loss_allowance_pct": 0.04419787086128894,
            "unstuck_threshold": 0.41565578047022766
        },
        "short": {
            "close_grid_markup_range": 0.02009454282243944,
            "close_grid_min_markup": 0.0025957494202528183,
            "close_grid_qty_pct": 0.7016970789590676,
            "close_trailing_grid_ratio": -0.27138793578011466,
            "close_trailing_qty_pct": 0.8602900095829991,
            "close_trailing_retracement_pct": 0.05769914881241517,
            "close_trailing_threshold_pct": -0.006870596510432619,
            "ema_span_0": 699.8354341697461,
            "ema_span_1": 929.3012266462481,
            "entry_grid_double_down_factor": 1.7401822743062256,
            "entry_grid_spacing_pct": 0.02968928147982192,
            "entry_grid_spacing_weight": 3.635740453000018,
            "entry_initial_ema_dist": -0.029703633750813686,
            "entry_initial_qty_pct": 0.044511357334051156,
            "entry_trailing_grid_ratio": 0.8968118388845885,
            "entry_trailing_retracement_pct": 0.05393113757866319,
            "entry_trailing_threshold_pct": -0.018077393713239864,
            "n_positions": 0,
            "total_wallet_exposure_limit": 0.018342704543080846,
            "unstuck_close_pct": 0.07244006721436146,
            "unstuck_ema_dist": -0.03997709984103423,
            "unstuck_loss_allowance_pct": 0.023234658380882144,
            "unstuck_threshold": 0.48238782174960676
        }
    },
    "live": {
        "approved_coins": [
            "DOGEUSDT"
        ],
        "auto_gs": true,
        "coin_flags": {},
        "execution_delay_seconds": 2,
        "filter_by_min_effective_cost": true,
        "forced_mode_long": "",
        "forced_mode_short": "",
        "ignored_coins": [
            "COIN1",
            "COIN2"
        ],
        "leverage": 10,
        "max_n_cancellations_per_batch": 5,
        "max_n_creations_per_batch": 3,
        "minimum_coin_age_days": 30,
        "ohlcv_rolling_window": 60,
        "pnls_max_lookback_days": 30,
        "price_distance_threshold": 0.002,
        "relative_volume_filter_clip_pct": 0.5,
        "time_in_force": "good_till_cancelled",
        "user": "hyperliquid_v7"
    },
    "optimize": {
        "bounds": {
            "long_close_grid_markup_range": [
                0,
                0.06
            ],
            "long_close_grid_min_markup": [
                0.001,
                0.06
            ],
            "long_close_grid_qty_pct": [
                0.05,
                1
            ],
            "long_close_trailing_grid_ratio": [
                -1,
                1
            ],
            "long_close_trailing_qty_pct": [
                0.05,
                1
            ],
            "long_close_trailing_retracement_pct": [
                0,
                0.3
            ],
            "long_close_trailing_threshold_pct": [
                -0.1,
                0.1
            ],
            "long_ema_span_0": [
                200,
                1440
            ],
            "long_ema_span_1": [
                200,
                1440
            ],
            "long_entry_grid_double_down_factor": [
                0.1,
                3
            ],
            "long_entry_grid_spacing_pct": [
                0.001,
                0.12
            ],
            "long_entry_grid_spacing_weight": [
                0,
                10
            ],
            "long_entry_initial_ema_dist": [
                -0.1,
                0.003
            ],
            "long_entry_initial_qty_pct": [
                0.005,
                0.1
            ],
            "long_entry_trailing_grid_ratio": [
                -1,
                1
            ],
            "long_entry_trailing_retracement_pct": [
                0,
                0.1
            ],
            "long_entry_trailing_threshold_pct": [
                -0.1,
                0.1
            ],
            "long_n_positions": [
                1,
                20
            ],
            "long_total_wallet_exposure_limit": [
                2,
                4
            ],
            "long_unstuck_close_pct": [
                0.001,
                0.1
            ],
            "long_unstuck_ema_dist": [
                -0.1,
                0.01
            ],
            "long_unstuck_loss_allowance_pct": [
                0,
                0.05
            ],
            "long_unstuck_threshold": [
                0.4,
                0.95
            ],
            "short_close_grid_markup_range": [
                0,
                0.03
            ],
            "short_close_grid_min_markup": [
                0.001,
                0.03
            ],
            "short_close_grid_qty_pct": [
                0.05,
                1
            ],
            "short_close_trailing_grid_ratio": [
                -1,
                1
            ],
            "short_close_trailing_qty_pct": [
                0.05,
                1
            ],
            "short_close_trailing_retracement_pct": [
                0,
                0.1
            ],
            "short_close_trailing_threshold_pct": [
                -0.1,
                0.1
            ],
            "short_ema_span_0": [
                200,
                1440
            ],
            "short_ema_span_1": [
                200,
                1440
            ],
            "short_entry_grid_double_down_factor": [
                0.1,
                3
            ],
            "short_entry_grid_spacing_pct": [
                0.001,
                0.12
            ],
            "short_entry_grid_spacing_weight": [
                0,
                10
            ],
            "short_entry_initial_ema_dist": [
                -0.1,
                0.003
            ],
            "short_entry_initial_qty_pct": [
                0.005,
                0.1
            ],