{"analysis": {"adg": 0.0011620039886111337,
              "drawdown_worst": 0.22403385433000472,
              "equity_balance_diff_max": 0.2053804725539984,
              "equity_balance_diff_mean": 0.004682766790093609,
              "loss_profit_ratio": 0.4695239553576234,
              "mdg": 0.0006128919600777845,
              "n_iters": 9516,
              "sharpe_ratio": 0.1533676663047991,
              "w_0": -0.0006128919600777845,
              "w_1": -0.1533676663047991},
 "backtest": {"base_dir": "backtests",
              "end_date": "now",
              "exchange": "binance",
              "start_date": "2023-11-01",
              "starting_balance": 100000,
              "symbols": ["DOGEUSDT"]},
 "bot": {"long": {"close_grid_markup_range": 0.01813489557310145,
                  "close_grid_min_markup": 0.005804063743450947,
                  "close_grid_qty_pct": 0.15107016545171825,
                  "close_trailing_grid_ratio": -0.6146992378987383,
                  "close_trailing_qty_pct": 0.3090120872421693,
                  "close_trailing_retracement_pct": 0.03357948745708078,
                  "close_trailing_threshold_pct": -0.08331751285798857,
                  "ema_span_0": 1435.54100544407,
                  "ema_span_1": 1422.3653201899938,
                  "entry_grid_double_down_factor": 1.784690159114173,
                  "entry_grid_spacing_pct": 0.07675531203276313,
                  "entry_grid_spacing_weight": 9.932117641143394,
                  "entry_initial_ema_dist": -0.09138590580450759,
                  "entry_initial_qty_pct": 0.028148483437316952,
                  "entry_trailing_grid_ratio": -0.3496308458931847,
                  "entry_trailing_retracement_pct": 0.023608779405071112,
                  "entry_trailing_threshold_pct": -0.04970124001865098,
                  "filter_relative_volume_clip_pct": 0.06928822828768745,
                  "filter_rolling_window": 307.54929968817055,
                  "n_positions": 1,
                  "total_wallet_exposure_limit": 3.5829843996919,
                  "unstuck_close_pct": 0.07693080627809849,
                  "unstuck_ema_dist": -0.006141752092059457,
                  "unstuck_loss_allowance_pct": 0.018235253400340136,
                  "unstuck_threshold": 0.7667786061442984},
         "short": {"close_grid_markup_range": 0.02614923764305375,
                   "close_grid_min_markup": 0.0026990319000702073,
                   "close_grid_qty_pct": 0.7075123267962434,
                   "close_trailing_grid_ratio": -0.4433222452623911,
                   "close_trailing_qty_pct": 0.17659255363974036,
                   "close_trailing_retracement_pct": 0.022873775246813867,
                   "close_trailing_threshold_pct": 0.029462759779221942,
                   "ema_span_0": 518.3363470762412,
                   "ema_span_1": 1095.0699161027464,
                   "entry_grid_double_down_factor": 0.32048834341905674,
                   "entry_grid_spacing_pct": 0.09849565099717028,
                   "entry_grid_spacing_weight": 9.32316194562964,
                   "entry_initial_ema_dist": -0.010287911421288619,
                   "entry_initial_qty_pct": 0.006685219027517868,
                   "entry_trailing_grid_ratio": 0.7243215589675016,
                   "entry_trailing_retracement_pct": 0.01938337568290455,
                   "entry_trailing_threshold_pct": 0.09273079385220535,
                   "filter_relative_volume_clip_pct": 0.34929851226517683,
                   "filter_rolling_window": 874.5890870950283,
                   "n_positions": 1,
                   "total_wallet_exposure_limit": 1,
                   "unstuck_close_pct": 0.09695447036654654,
                   "unstuck_ema_dist": -0.041759840692681904,
                   "unstuck_loss_allowance_pct": 0.03050840455738096,
                   "unstuck_threshold": 0.683978400793634}},
 "live": {"approved_coins": ["DOGEUSDT"],
          "auto_gs": true,
          "coin_flags": {},
          "execution_delay_seconds": 2,
          "filter_by_min_effective_cost": true,
          "forced_mode_long": "",
          "forced_mode_short": "",
          "ignored_coins": [],
          "leverage": 10,
          "max_n_cancellations_per_batch": 5,
          "max_n_creations_per_batch": 3,
          "minimum_coin_age_days": 30,
          "ohlcv_rolling_window": 60,
          "pnls_max_lookback_days": 30,
          "price_distance_threshold": 0.002,
          "relative_volume_filter_clip_pct": 0.5,
          "time_in_force": "good_till_cancelled",
          "user": "hyperliquid_v7"},
 "lock_filepath": "optimize_results/2024-10-08T14_52_05_DOGE_731597bb_all_results.txt.lock",
 "optimize": {"bounds": {"long_close_grid_markup_range": [0, 0.06],
                         "long_close_grid_min_markup": [0.001, 0.06],
                         "long_close_grid_qty_pct": [0.05, 1],
                         "long_close_trailing_grid_ratio": [-1, 1],
                         "long_close_trailing_qty_pct": [0.05, 1],
                         "long_close_trailing_retracement_pct": [0, 0.3],
                         "long_close_trailing_threshold_pct": [-0.1, 0.1],
                         "long_ema_span_0": [200, 1440],
                         "long_ema_span_1": [200, 1440],
                         "long_entry_grid_double_down_factor": [0.1, 3],
                         "long_entry_grid_spacing_pct": [0.001, 0.12],
                         "long_entry_grid_spacing_weight": [0, 10],
                         "long_entry_initial_ema_dist": [-0.1, 0.003],
                         "long_entry_initial_qty_pct": [0.005, 0.1],
                         "long_entry_trailing_grid_ratio": [-1, 1],
                         "long_entry_trailing_retracement_pct": [0, 0.1],
                         "long_entry_trailing_threshold_pct": [-0.1, 0.1],
                         "long_filter_relative_volume_clip_pct": [0, 1],
                         "long_filter_rolling_window": [10, 1440],
                         "long_n_positions": [1, 1],
                         "long_total_wallet_exposure_limit": [3.5, 5.0],
                         "long_unstuck_close_pct": [0.001, 0.1],
                         "long_unstuck_ema_dist": [-0.1, 0.01],
                         "long_unstuck_loss_allowance_pct": [0, 0.05],
                         "long_unstuck_threshold": [0.4, 0.95],
                         "short_close_grid_markup_range": [0, 0.03],
                         "short_close_grid_min_markup": [0.001, 0.03],
                         "short_close_grid_qty_pct": [0.05, 1],
                         "short_close_trailing_grid_ratio": [-1, 1],
                         "short_close_trailing_qty_pct": [0.05, 1],
                         "short_close_trailing_retracement_pct": [0, 0.1],
                         "short_close_trailing_threshold_pct": [-0.1, 0.1],
                         "short_ema_span_0": [200, 1440],
                         "short_ema_span_1": [200, 1440],
                         "short_entry_grid_double_down_factor": [0.1, 3],
                         "short_entry_grid_spacing_pct": [0.001, 0.12],
                         "short_entry_grid_spacing_weight": [0, 10],
                         "short_entry_initial_ema_dist": [-0.1, 0.003],
                         "short_entry_initial_qty_pct": [0.005, 0.1],
                         "short_entry_trailing_grid_ratio": [-1, 1],
                         "short_entry_trailing_retracement_pct": [0, 0.1],
                         "short_entry_trailing_threshold_pct": [-0.1, 0.1],
                         "short_filter_relative_volume_clip_pct": [0, 1],
                         "short_filter_rolling_window": [10, 1440],
                         "short_n_positions": [1, 1],
                         "short_total_wallet_exposure_limit": [1, 1],
                         "short_unstuck_close_pct": [0.001, 0.1],