{"analysis": {"adg": 0.0007058505020880582,
              "drawdown_worst": 0.15776458747320327,
              "equity_balance_diff_max": 0.15551732836024165,
              "equity_balance_diff_mean": 0.0033135119356959,
              "loss_profit_ratio": 0.4235745527932686,
              "mdg": 0.0003474399520633733,
              "n_iters": 9500,
              "sharpe_ratio": 0.10265773573601478,
              "w_0": -0.0003474399520633733,
              "w_1": -0.10265773573601478},
 "backtest": {"base_dir": "backtests",
              "end_date": "now",
              "exchange": "binance",
              "start_date": "2021-05-01",
              "starting_balance": 100000,
              "symbols": ["DOTUSDT"]},
 "bot": {"long": {"close_grid_markup_range": 0.020565894253179732,
                  "close_grid_min_markup": 0.024358843612256327,
                  "close_grid_qty_pct": 0.5294442775458725,
                  "close_trailing_grid_ratio": 0.2830718345794758,
                  "close_trailing_qty_pct": 0.5114827244088468,
                  "close_trailing_retracement_pct": 0.024472563562077995,
                  "close_trailing_threshold_pct": 0.015066801994458591,
                  "ema_span_0": 1398.2460565174456,
                  "ema_span_1": 779.3903463544041,
                  "entry_grid_double_down_factor": 2.6765507567246947,
                  "entry_grid_spacing_pct": 0.09502796500033484,
                  "entry_grid_spacing_weight": 9.17965593439213,
                  "entry_initial_ema_dist": -0.03187872464568191,
                  "entry_initial_qty_pct": 0.006554523417790537,
                  "entry_trailing_grid_ratio": -0.7032802830807257,
                  "entry_trailing_retracement_pct": 0.07290447460027406,
                  "entry_trailing_threshold_pct": -0.08094643663136143,
                  "filter_relative_volume_clip_pct": 0.33682644720566035,
                  "filter_rolling_window": 1311.5350746670933,
                  "n_positions": 1,
                  "total_wallet_exposure_limit": 2.5,
                  "unstuck_close_pct": 0.06837158075846872,
                  "unstuck_ema_dist": -0.017050881605446738,
                  "unstuck_loss_allowance_pct": 0.005841670954703098,
                  "unstuck_threshold": 0.4652111541783797},
         "short": {"close_grid_markup_range": 0.020180392361433513,
                   "close_grid_min_markup": 0.016585275231799593,
                   "close_grid_qty_pct": 0.9627071845386318,
                   "close_trailing_grid_ratio": 0.789988092846663,
                   "close_trailing_qty_pct": 0.473189657291971,
                   "close_trailing_retracement_pct": 0.007718646299819318,
                   "close_trailing_threshold_pct": 0.003430600228609155,
                   "ema_span_0": 383.24206441666513,
                   "ema_span_1": 663.658615834126,
                   "entry_grid_double_down_factor": 2.1611354480112093,
                   "entry_grid_spacing_pct": 0.01645583936809152,
                   "entry_grid_spacing_weight": 6.261522053128723,
                   "entry_initial_ema_dist": -0.019262682289729688,
                   "entry_initial_qty_pct": 0.005820009014108639,
                   "entry_trailing_grid_ratio": -0.798240276152106,
                   "entry_trailing_retracement_pct": 0.09388041934099085,
                   "entry_trailing_threshold_pct": -0.08762811568301204,
                   "filter_relative_volume_clip_pct": 0.38204703292002334,
                   "filter_rolling_window": 654.8162736903184,
                   "n_positions": 1,
                   "total_wallet_exposure_limit": 1,
                   "unstuck_close_pct": 0.052809920047917125,
                   "unstuck_ema_dist": -0.024488378066800025,
                   "unstuck_loss_allowance_pct": 0.018480905190018746,
                   "unstuck_threshold": 0.7497569482722988}},
 "live": {"approved_coins": ["DOTUSDT"],
          "auto_gs": true,
          "coin_flags": {},
          "execution_delay_seconds": 2,
          "filter_by_min_effective_cost": true,
          "forced_mode_long": "",
          "forced_mode_short": "",
          "ignored_coins": [],
          "leverage": 10,
          "max_n_cancellations_per_batch": 5,
          "max_n_creations_per_batch": 3,
          "minimum_coin_age_days": 30,
          "ohlcv_rolling_window": 60,
          "pnls_max_lookback_days": 30,
          "price_distance_threshold": 0.002,
          "relative_volume_filter_clip_pct": 0.5,
          "time_in_force": "good_till_cancelled",
          "user": "hyperliquid_v7"},
 "optimize": {"bounds": {"long_close_grid_markup_range": [0, 0.06],
                         "long_close_grid_min_markup": [0.001, 0.06],
                         "long_close_grid_qty_pct": [0.05, 1],
                         "long_close_trailing_grid_ratio": [-1, 1],
                         "long_close_trailing_qty_pct": [0.05, 1],
                         "long_close_trailing_retracement_pct": [0, 0.3],
                         "long_close_trailing_threshold_pct": [-0.1, 0.1],
                         "long_ema_span_0": [200, 1440],
                         "long_ema_span_1": [200, 1440],
                         "long_entry_grid_double_down_factor": [0.1, 3],
                         "long_entry_grid_spacing_pct": [0.001, 0.12],
                         "long_entry_grid_spacing_weight": [0, 10],
                         "long_entry_initial_ema_dist": [-0.1, 0.003],
                         "long_entry_initial_qty_pct": [0.005, 0.1],
                         "long_entry_trailing_grid_ratio": [-1, 1],
                         "long_entry_trailing_retracement_pct": [0, 0.1],
                         "long_entry_trailing_threshold_pct": [-0.1, 0.1],
                         "long_filter_relative_volume_clip_pct": [0, 1],
                         "long_filter_rolling_window": [10, 1440],
                         "long_n_positions": [1, 1],
                         "long_total_wallet_exposure_limit": [2.5, 2.5],
                         "long_unstuck_close_pct": [0.001, 0.1],
                         "long_unstuck_ema_dist": [-0.1, 0.01],
                         "long_unstuck_loss_allowance_pct": [0, 0.05],
                         "long_unstuck_threshold": [0.4, 0.95],
                         "short_close_grid_markup_range": [0, 0.03],
                         "short_close_grid_min_markup": [0.001, 0.03],
                         "short_close_grid_qty_pct": [0.05, 1],
                         "short_close_trailing_grid_ratio": [-1, 1],
                         "short_close_trailing_qty_pct": [0.05, 1],
                         "short_close_trailing_retracement_pct": [0, 0.1],
                         "short_close_trailing_threshold_pct": [-0.1, 0.1],
                         "short_ema_span_0": [200, 1440],
                         "short_ema_span_1": [200, 1440],
                         "short_entry_grid_double_down_factor": [0.1, 3],
                         "short_entry_grid_spacing_pct": [0.001, 0.12],
                         "short_entry_grid_spacing_weight": [0, 10],
                         "short_entry_initial_ema_dist": [-0.1, 0.003],
                         "short_entry_initial_qty_pct": [0.005, 0.1],
                         "short_entry_trailing_grid_ratio": [-1, 1],
                         "short_entry_trailing_retracement_pct": [0, 0.1],
                         "short_entry_trailing_threshold_pct": [-0.1, 0.1],
                         "short_filter_relative_volume_clip_pct": [0, 1],
                         "short_filter_rolling_window": [10, 1440],
                         "short_n_positions": [1, 1],
                         "short_total_wallet_exposure_limit": [1, 1],
                         "short_unstuck_close_pct": [0.001, 0.1],
                         "short_unstuck_ema_dist": [-0.1, 0.01],
                         "short_unstuck_loss_allowance_pct": [0, 0.05],