{"analysis": {"adg": 0.001465517325448839,
              "drawdown_worst": 0.24008527393950518,
              "equity_balance_diff_max": 0.248907808953164,
              "equity_balance_diff_mean": 0.008636656321226264,
              "loss_profit_ratio": 0.404013944578745,
              "mdg": 0.0009252844652740063,
              "n_iters": 9517,
              "sharpe_ratio": 0.149836531061743,
              "w_0": -0.0009252844652740063,
              "w_1": -0.149836531061743},
 "backtest": {"base_dir": "backtests",
              "end_date": "now",
              "exchange": "binance",
              "start_date": "2021-05-01",
              "starting_balance": 100000,
              "symbols": ["DYDXUSDT"]},
 "bot": {"long": {"close_grid_markup_range": 0.035988087647377806,
                  "close_grid_min_markup": 0.05361560517459603,
                  "close_grid_qty_pct": 0.6564843137911345,
                  "close_trailing_grid_ratio": 0.3657238402104445,
                  "close_trailing_qty_pct": 0.6511052336556005,
                  "close_trailing_retracement_pct": 0.020484631949720486,
                  "close_trailing_threshold_pct": 0.02652959704672292,
                  "ema_span_0": 343.69938243119054,
                  "ema_span_1": 1284.5021500842736,
                  "entry_grid_double_down_factor": 0.8233812309793097,
                  "entry_grid_spacing_pct": 0.09813942310336386,
                  "entry_grid_spacing_weight": 4.862022180543822,
                  "entry_initial_ema_dist": -0.006938711777682653,
                  "entry_initial_qty_pct": 0.007374999525879373,
                  "entry_trailing_grid_ratio": -0.7440722751311731,
                  "entry_trailing_retracement_pct": 0.02020909645061386,
                  "entry_trailing_threshold_pct": 0.05501382594276361,
                  "filter_relative_volume_clip_pct": 0.1364719891282712,
                  "filter_rolling_window": 426.22878025034936,
                  "n_positions": 1.0,
                  "total_wallet_exposure_limit": 2.5,
                  "unstuck_close_pct": 0.09109444818854676,
                  "unstuck_ema_dist": -0.09404298488889176,
                  "unstuck_loss_allowance_pct": 0.005481336194057474,
                  "unstuck_threshold": 0.538515724523515},
         "short": {"close_grid_markup_range": 0.007422002491549372,
                   "close_grid_min_markup": 0.003770534570892997,
                   "close_grid_qty_pct": 0.8762790040425961,
                   "close_trailing_grid_ratio": -0.5071171449758459,
                   "close_trailing_qty_pct": 0.22131449476660164,
                   "close_trailing_retracement_pct": 0.015920744741526598,
                   "close_trailing_threshold_pct": -0.017014191800080396,
                   "ema_span_0": 797.978878010748,
                   "ema_span_1": 1129.9888856508908,
                   "entry_grid_double_down_factor": 2.770519324892998,
                   "entry_grid_spacing_pct": 0.06029403419881396,
                   "entry_grid_spacing_weight": 5.883491412281165,
                   "entry_initial_ema_dist": -0.0022324460297969764,
                   "entry_initial_qty_pct": 0.043112917456498895,
                   "entry_trailing_grid_ratio": -0.6222594022629253,
                   "entry_trailing_retracement_pct": 0.06161602117946754,
                   "entry_trailing_threshold_pct": 0.001661419926974668,
                   "filter_relative_volume_clip_pct": 0.5773204898783661,
                   "filter_rolling_window": 397.1264942174933,
                   "n_positions": 1.0,
                   "total_wallet_exposure_limit": 1.0,
                   "unstuck_close_pct": 0.010782448953124416,
                   "unstuck_ema_dist": 0.005975408745112817,
                   "unstuck_loss_allowance_pct": 0.047539534719707593,
                   "unstuck_threshold": 0.6707068556539854}},
 "live": {"approved_coins": ["DYDXUSDT"],
          "auto_gs": true,
          "coin_flags": {},
          "execution_delay_seconds": 2,
          "filter_by_min_effective_cost": true,
          "forced_mode_long": "",
          "forced_mode_short": "",
          "ignored_coins": [],
          "leverage": 10,
          "max_n_cancellations_per_batch": 5,
          "max_n_creations_per_batch": 3,
          "minimum_coin_age_days": 30,
          "ohlcv_rolling_window": 60,
          "pnls_max_lookback_days": 30,
          "price_distance_threshold": 0.002,
          "relative_volume_filter_clip_pct": 0.5,
          "time_in_force": "good_till_cancelled",
          "user": "hyperliquid_v7"},
 "optimize": {"bounds": {"long_close_grid_markup_range": [0, 0.06],
                         "long_close_grid_min_markup": [0.001, 0.06],
                         "long_close_grid_qty_pct": [0.05, 1],
                         "long_close_trailing_grid_ratio": [-1, 1],
                         "long_close_trailing_qty_pct": [0.05, 1],
                         "long_close_trailing_retracement_pct": [0, 0.3],
                         "long_close_trailing_threshold_pct": [-0.1, 0.1],
                         "long_ema_span_0": [200, 1440],
                         "long_ema_span_1": [200, 1440],
                         "long_entry_grid_double_down_factor": [0.1, 3],
                         "long_entry_grid_spacing_pct": [0.001, 0.12],
                         "long_entry_grid_spacing_weight": [0, 10],
                         "long_entry_initial_ema_dist": [-0.1, 0.003],
                         "long_entry_initial_qty_pct": [0.005, 0.1],
                         "long_entry_trailing_grid_ratio": [-1, 1],
                         "long_entry_trailing_retracement_pct": [0, 0.1],
                         "long_entry_trailing_threshold_pct": [-0.1, 0.1],
                         "long_filter_relative_volume_clip_pct": [0.0, 1.0],
                         "long_filter_rolling_window": [10.0, 1440.0],
                         "long_n_positions": [1.0, 1.0],
                         "long_total_wallet_exposure_limit": [2.5, 2.5],
                         "long_unstuck_close_pct": [0.001, 0.1],
                         "long_unstuck_ema_dist": [-0.1, 0.01],
                         "long_unstuck_loss_allowance_pct": [0, 0.05],
                         "long_unstuck_threshold": [0.4, 0.95],
                         "short_close_grid_markup_range": [0, 0.03],
                         "short_close_grid_min_markup": [0.001, 0.03],
                         "short_close_grid_qty_pct": [0.05, 1],
                         "short_close_trailing_grid_ratio": [-1, 1],
                         "short_close_trailing_qty_pct": [0.05, 1],
                         "short_close_trailing_retracement_pct": [0, 0.1],
                         "short_close_trailing_threshold_pct": [-0.1, 0.1],
                         "short_ema_span_0": [200, 1440],
                         "short_ema_span_1": [200, 1440],
                         "short_entry_grid_double_down_factor": [0.1, 3],
                         "short_entry_grid_spacing_pct": [0.001, 0.12],
                         "short_entry_grid_spacing_weight": [0, 10],
                         "short_entry_initial_ema_dist": [-0.1, 0.003],
                         "short_entry_initial_qty_pct": [0.005, 0.1],
                         "short_entry_trailing_grid_ratio": [-1, 1],
                         "short_entry_trailing_retracement_pct": [0, 0.1],
                         "short_entry_trailing_threshold_pct": [-0.1, 0.1],
                         "short_filter_relative_volume_clip_pct": [0.0, 1.0],
                         "short_filter_rolling_window": [10.0, 1440.0],
                         "short_n_positions": [1.0, 1.0],
                         "short_total_wallet_exposure_limit": [1.0, 1.0],
                         "short_unstuck_close_pct": [0.001, 0.1],
                         "short_unstuck_ema_dist": [-0.1, 0.01],