{"analysis": {"adg": 0.0024193003681500323,
              "drawdown_worst": 0.24174568516722872,
              "equity_balance_diff_max": 0.18949576086884592,
              "equity_balance_diff_mean": 0.00965870088383699,
              "loss_profit_ratio": 0.1711000862177849,
              "mdg": 0.0020245527733981105,
              "n_iters": 9540,
              "sharpe_ratio": 0.16768683438229903,
              "w_0": -0.0020245527733981105,
              "w_1": -0.16768683438229903},
 "backtest": {"base_dir": "backtests",
              "end_date": "now",
              "exchange": "binance",
              "start_date": "2021-05-01",
              "starting_balance": 100000,
              "symbols": ["DYMUSDT"]},
 "bot": {"long": {"close_grid_markup_range": 0.03402466039443986,
                  "close_grid_min_markup": 0.03404213392698742,
                  "close_grid_qty_pct": 0.8851520996660299,
                  "close_trailing_grid_ratio": 0.6698469811498048,
                  "close_trailing_qty_pct": 0.6269140559070726,
                  "close_trailing_retracement_pct": 0.18733959106332693,
                  "close_trailing_threshold_pct": -0.012664170622906586,
                  "ema_span_0": 1052.1608132783183,
                  "ema_span_1": 1049.7836149922148,
                  "entry_grid_double_down_factor": 1.0615940196235938,
                  "entry_grid_spacing_pct": 0.11445978045586691,
                  "entry_grid_spacing_weight": 6.248452851410024,
                  "entry_initial_ema_dist": -0.09672156937848525,
                  "entry_initial_qty_pct": 0.008411680835295102,
                  "entry_trailing_grid_ratio": -0.9783024709348218,
                  "entry_trailing_retracement_pct": 0.09881108467949597,
                  "entry_trailing_threshold_pct": 0.09148275294274805,
                  "filter_relative_volume_clip_pct": 0.18127615850847514,
                  "filter_rolling_window": 148.04894071848372,
                  "n_positions": 1,
                  "total_wallet_exposure_limit": 2.5,
                  "unstuck_close_pct": 0.07746025441970321,
                  "unstuck_ema_dist": -0.08636273118815853,
                  "unstuck_loss_allowance_pct": 0.049509578580725,
                  "unstuck_threshold": 0.939085825946771},
         "short": {"close_grid_markup_range": 0.01315735311394009,
                   "close_grid_min_markup": 0.018702788465481245,
                   "close_grid_qty_pct": 0.5286823317300872,
                   "close_trailing_grid_ratio": -0.06177752610815369,
                   "close_trailing_qty_pct": 0.620988456273919,
                   "close_trailing_retracement_pct": 0.02035791650503357,
                   "close_trailing_threshold_pct": -0.09856812461652381,
                   "ema_span_0": 1101.5789473957977,
                   "ema_span_1": 1277.355404493083,
                   "entry_grid_double_down_factor": 1.451025954968786,
                   "entry_grid_spacing_pct": 0.09582635840689155,
                   "entry_grid_spacing_weight": 2.688248406749518,
                   "entry_initial_ema_dist": -0.06429030013518225,
                   "entry_initial_qty_pct": 0.07706438567846928,
                   "entry_trailing_grid_ratio": 0.8062090817637942,
                   "entry_trailing_retracement_pct": 0.06720662617088874,
                   "entry_trailing_threshold_pct": 0.06289746134835215,
                   "filter_relative_volume_clip_pct": 0.5057979618136138,
                   "filter_rolling_window": 365.76578936910875,
                   "n_positions": 1,
                   "total_wallet_exposure_limit": 1,
                   "unstuck_close_pct": 0.012313510450065103,
                   "unstuck_ema_dist": -0.06682793990419195,
                   "unstuck_loss_allowance_pct": 0.04128964532982421,
                   "unstuck_threshold": 0.6604482640064184}},
 "live": {"approved_coins": ["DYMUSDT"],
          "auto_gs": true,
          "coin_flags": {},
          "execution_delay_seconds": 2,
          "filter_by_min_effective_cost": true,
          "forced_mode_long": "",
          "forced_mode_short": "",
          "ignored_coins": [],
          "leverage": 10,
          "max_n_cancellations_per_batch": 5,
          "max_n_creations_per_batch": 3,
          "minimum_coin_age_days": 30,
          "ohlcv_rolling_window": 60,
          "pnls_max_lookback_days": 30,
          "price_distance_threshold": 0.002,
          "relative_volume_filter_clip_pct": 0.5,
          "time_in_force": "good_till_cancelled",
          "user": "hyperliquid_v7"},
 "optimize": {"bounds": {"long_close_grid_markup_range": [0, 0.06],
                         "long_close_grid_min_markup": [0.001, 0.06],
                         "long_close_grid_qty_pct": [0.05, 1],
                         "long_close_trailing_grid_ratio": [-1, 1],
                         "long_close_trailing_qty_pct": [0.05, 1],
                         "long_close_trailing_retracement_pct": [0, 0.3],
                         "long_close_trailing_threshold_pct": [-0.1, 0.1],
                         "long_ema_span_0": [200, 1440],
                         "long_ema_span_1": [200, 1440],
                         "long_entry_grid_double_down_factor": [0.1, 3],
                         "long_entry_grid_spacing_pct": [0.001, 0.12],
                         "long_entry_grid_spacing_weight": [0, 10],
                         "long_entry_initial_ema_dist": [-0.1, 0.003],
                         "long_entry_initial_qty_pct": [0.005, 0.1],
                         "long_entry_trailing_grid_ratio": [-1, 1],
                         "long_entry_trailing_retracement_pct": [0, 0.1],
                         "long_entry_trailing_threshold_pct": [-0.1, 0.1],
                         "long_filter_relative_volume_clip_pct": [0, 1],
                         "long_filter_rolling_window": [10, 1440],
                         "long_n_positions": [1, 1],
                         "long_total_wallet_exposure_limit": [2.5, 2.5],
                         "long_unstuck_close_pct": [0.001, 0.1],
                         "long_unstuck_ema_dist": [-0.1, 0.01],
                         "long_unstuck_loss_allowance_pct": [0, 0.05],
                         "long_unstuck_threshold": [0.4, 0.95],
                         "short_close_grid_markup_range": [0, 0.03],
                         "short_close_grid_min_markup": [0.001, 0.03],
                         "short_close_grid_qty_pct": [0.05, 1],
                         "short_close_trailing_grid_ratio": [-1, 1],
                         "short_close_trailing_qty_pct": [0.05, 1],
                         "short_close_trailing_retracement_pct": [0, 0.1],
                         "short_close_trailing_threshold_pct": [-0.1, 0.1],
                         "short_ema_span_0": [200, 1440],
                         "short_ema_span_1": [200, 1440],
                         "short_entry_grid_double_down_factor": [0.1, 3],
                         "short_entry_grid_spacing_pct": [0.001, 0.12],
                         "short_entry_grid_spacing_weight": [0, 10],
                         "short_entry_initial_ema_dist": [-0.1, 0.003],
                         "short_entry_initial_qty_pct": [0.005, 0.1],
                         "short_entry_trailing_grid_ratio": [-1, 1],
                         "short_entry_trailing_retracement_pct": [0, 0.1],
                         "short_entry_trailing_threshold_pct": [-0.1, 0.1],
                         "short_filter_relative_volume_clip_pct": [0, 1],
                         "short_filter_rolling_window": [10, 1440],
                         "short_n_positions": [1, 1],
                         "short_total_wallet_exposure_limit": [1, 1],
                         "short_unstuck_close_pct": [0.001, 0.1],
                         "short_unstuck_ema_dist": [-0.1, 0.01],
                         "short_unstuck_loss_allowance_pct": [0, 0.05],