{"analysis": {"adg": 0.004064879665089544,
              "drawdown_worst": 0.11895294261140554,
              "equity_balance_diff_max": 0.11618950490543058,
              "equity_balance_diff_mean": 0.006512091906939889,
              "loss_profit_ratio": 0.07958711476438667,
              "mdg": 0.003500642827215767,
              "n_iters": 9497,
              "sharpe_ratio": 0.33409330089739153,
              "w_0": -0.003500642827215767,
              "w_1": -0.33409330089739153},
 "backtest": {"base_dir": "backtests",
              "end_date": "now",
              "exchange": "binance",
              "start_date": "2021-05-01",
              "starting_balance": 100000,
              "symbols": ["ENAUSDT"]},
 "bot": {"long": {"close_grid_markup_range": 0.006572583237550284,
                  "close_grid_min_markup": 0.015409540519860862,
                  "close_grid_qty_pct": 0.3069067515216981,
                  "close_trailing_grid_ratio": 0.9473805269292254,
                  "close_trailing_qty_pct": 0.17358463749555358,
                  "close_trailing_retracement_pct": 0.049587636464146684,
                  "close_trailing_threshold_pct": -0.09154788435008372,
                  "ema_span_0": 1327.511432685501,
                  "ema_span_1": 758.9188744749732,
                  "entry_grid_double_down_factor": 2.8726438881769036,
                  "entry_grid_spacing_pct": 0.07417094293610392,
                  "entry_grid_spacing_weight": 3.384660162262517,
                  "entry_initial_ema_dist": -0.05114246048551069,
                  "entry_initial_qty_pct": 0.005960371535282652,
                  "entry_trailing_grid_ratio": 0.0011300042826399848,
                  "entry_trailing_retracement_pct": 0.0712980424398151,
                  "entry_trailing_threshold_pct": 0.00500253731412334,
                  "filter_relative_volume_clip_pct": 0.38938740610425704,
                  "filter_rolling_window": 695.4423758716443,
                  "n_positions": 1,
                  "total_wallet_exposure_limit": 2.5,
                  "unstuck_close_pct": 0.09867985733942608,
                  "unstuck_ema_dist": -0.06191020505146037,
                  "unstuck_loss_allowance_pct": 0.03406729446528159,
                  "unstuck_threshold": 0.5323970762036686},
         "short": {"close_grid_markup_range": 0.00995182386016804,
                   "close_grid_min_markup": 0.01647679318475918,
                   "close_grid_qty_pct": 0.7076967351984127,
                   "close_trailing_grid_ratio": 0.08581696468510214,
                   "close_trailing_qty_pct": 0.41055710138643864,
                   "close_trailing_retracement_pct": 0.0925955212428296,
                   "close_trailing_threshold_pct": 0.05031803746665043,
                   "ema_span_0": 1359.8841781648046,
                   "ema_span_1": 361.4629545019839,
                   "entry_grid_double_down_factor": 2.1381291337143784,
                   "entry_grid_spacing_pct": 0.02195136101084209,
                   "entry_grid_spacing_weight": 3.698109988898331,
                   "entry_initial_ema_dist": -0.057311645514939086,
                   "entry_initial_qty_pct": 0.06502680649433304,
                   "entry_trailing_grid_ratio": -0.6485575369569387,
                   "entry_trailing_retracement_pct": 0.034025121377174915,
                   "entry_trailing_threshold_pct": 0.0980096051877491,
                   "filter_relative_volume_clip_pct": 0.23041065513036965,
                   "filter_rolling_window": 1184.414459450009,
                   "n_positions": 1,
                   "total_wallet_exposure_limit": 1,
                   "unstuck_close_pct": 0.014189907557754077,
                   "unstuck_ema_dist": 0.0011776088693410541,
                   "unstuck_loss_allowance_pct": 0.04268766456790167,
                   "unstuck_threshold": 0.69744934045407}},
 "live": {"approved_coins": ["ENAUSDT"],
          "auto_gs": true,
          "coin_flags": {},
          "execution_delay_seconds": 2,
          "filter_by_min_effective_cost": true,
          "forced_mode_long": "",
          "forced_mode_short": "",
          "ignored_coins": [],
          "leverage": 10,
          "max_n_cancellations_per_batch": 5,
          "max_n_creations_per_batch": 3,
          "minimum_coin_age_days": 30,
          "ohlcv_rolling_window": 60,
          "pnls_max_lookback_days": 30,
          "price_distance_threshold": 0.002,
          "relative_volume_filter_clip_pct": 0.5,
          "time_in_force": "good_till_cancelled",
          "user": "hyperliquid_v7"},
 "optimize": {"bounds": {"long_close_grid_markup_range": [0, 0.06],
                         "long_close_grid_min_markup": [0.001, 0.06],
                         "long_close_grid_qty_pct": [0.05, 1],
                         "long_close_trailing_grid_ratio": [-1, 1],
                         "long_close_trailing_qty_pct": [0.05, 1],
                         "long_close_trailing_retracement_pct": [0, 0.3],
                         "long_close_trailing_threshold_pct": [-0.1, 0.1],
                         "long_ema_span_0": [200, 1440],
                         "long_ema_span_1": [200, 1440],
                         "long_entry_grid_double_down_factor": [0.1, 3],
                         "long_entry_grid_spacing_pct": [0.001, 0.12],
                         "long_entry_grid_spacing_weight": [0, 10],
                         "long_entry_initial_ema_dist": [-0.1, 0.003],
                         "long_entry_initial_qty_pct": [0.005, 0.1],
                         "long_entry_trailing_grid_ratio": [-1, 1],
                         "long_entry_trailing_retracement_pct": [0, 0.1],
                         "long_entry_trailing_threshold_pct": [-0.1, 0.1],
                         "long_filter_relative_volume_clip_pct": [0, 1],
                         "long_filter_rolling_window": [10, 1440],
                         "long_n_positions": [1, 1],
                         "long_total_wallet_exposure_limit": [2.5, 2.5],
                         "long_unstuck_close_pct": [0.001, 0.1],
                         "long_unstuck_ema_dist": [-0.1, 0.01],
                         "long_unstuck_loss_allowance_pct": [0, 0.05],
                         "long_unstuck_threshold": [0.4, 0.95],
                         "short_close_grid_markup_range": [0, 0.03],
                         "short_close_grid_min_markup": [0.001, 0.03],
                         "short_close_grid_qty_pct": [0.05, 1],
                         "short_close_trailing_grid_ratio": [-1, 1],
                         "short_close_trailing_qty_pct": [0.05, 1],
                         "short_close_trailing_retracement_pct": [0, 0.1],
                         "short_close_trailing_threshold_pct": [-0.1, 0.1],
                         "short_ema_span_0": [200, 1440],
                         "short_ema_span_1": [200, 1440],
                         "short_entry_grid_double_down_factor": [0.1, 3],
                         "short_entry_grid_spacing_pct": [0.001, 0.12],
                         "short_entry_grid_spacing_weight": [0, 10],
                         "short_entry_initial_ema_dist": [-0.1, 0.003],
                         "short_entry_initial_qty_pct": [0.005, 0.1],
                         "short_entry_trailing_grid_ratio": [-1, 1],
                         "short_entry_trailing_retracement_pct": [0, 0.1],
                         "short_entry_trailing_threshold_pct": [-0.1, 0.1],
                         "short_filter_relative_volume_clip_pct": [0, 1],
                         "short_filter_rolling_window": [10, 1440],
                         "short_n_positions": [1, 1],
                         "short_total_wallet_exposure_limit": [1, 1],
                         "short_unstuck_close_pct": [0.001, 0.1],
                         "short_unstuck_ema_dist": [-0.1, 0.01],
                         "short_unstuck_loss_allowance_pct": [0, 0.05],