{"analysis": {"adg": 0.000687104066095348,
              "drawdown_worst": 0.10257550475483374,
              "equity_balance_diff_max": 0.11992851089820777,
              "equity_balance_diff_mean": 0.007633840269585074,
              "loss_profit_ratio": 0.4993213499809207,
              "mdg": 0.0004012158696987578,
              "n_iters": 9467,
              "sharpe_ratio": 0.1356296006086615,
              "w_0": -0.0004012158696987578,
              "w_1": -0.1356296006086615},
 "backtest": {"base_dir": "backtests",
              "end_date": "now",
              "exchange": "binance",
              "start_date": "2021-05-01",
              "starting_balance": 100000,
              "symbols": ["ENSUSDT"]},
 "bot": {"long": {"close_grid_markup_range": 0.0062009628221964055,
                  "close_grid_min_markup": 0.03852331300620807,
                  "close_grid_qty_pct": 0.14975163732197944,
                  "close_trailing_grid_ratio": -0.30302607888138505,
                  "close_trailing_qty_pct": 0.796905109571413,
                  "close_trailing_retracement_pct": 0.08319911307403412,
                  "close_trailing_threshold_pct": -0.056390860784376294,
                  "ema_span_0": 1208.0571451705555,
                  "ema_span_1": 780.8806805979775,
                  "entry_grid_double_down_factor": 0.13443370007531144,
                  "entry_grid_spacing_pct": 0.090919251769661,
                  "entry_grid_spacing_weight": 7.228805113263061,
                  "entry_initial_ema_dist": -0.02055028954198291,
                  "entry_initial_qty_pct": 0.008860773095677166,
                  "entry_trailing_grid_ratio": -0.5057737807860678,
                  "entry_trailing_retracement_pct": 0.02036397637615709,
                  "entry_trailing_threshold_pct": 0.09223306222708177,
                  "filter_relative_volume_clip_pct": 0.7083431322595658,
                  "filter_rolling_window": 599.2574394883627,
                  "n_positions": 1.0,
                  "total_wallet_exposure_limit": 2.5,
                  "unstuck_close_pct": 0.07593485186365481,
                  "unstuck_ema_dist": -0.044128264407767126,
                  "unstuck_loss_allowance_pct": 0.0020048125801039735,
                  "unstuck_threshold": 0.45991933317988515},
         "short": {"close_grid_markup_range": 0.002361882236167653,
                   "close_grid_min_markup": 0.01326186865039794,
                   "close_grid_qty_pct": 0.566186923831737,
                   "close_trailing_grid_ratio": -0.5322798177345789,
                   "close_trailing_qty_pct": 0.5044441906156136,
                   "close_trailing_retracement_pct": 0.015411126164698504,
                   "close_trailing_threshold_pct": -0.09110653623677399,
                   "ema_span_0": 1362.4115833771705,
                   "ema_span_1": 436.6121952348776,
                   "entry_grid_double_down_factor": 0.9936056947497589,
                   "entry_grid_spacing_pct": 0.036309866601771865,
                   "entry_grid_spacing_weight": 5.562846045562089,
                   "entry_initial_ema_dist": -0.06660922413515646,
                   "entry_initial_qty_pct": 0.012594498060189538,
                   "entry_trailing_grid_ratio": -0.24936497603295546,
                   "entry_trailing_retracement_pct": 0.02441098509771962,
                   "entry_trailing_threshold_pct": 0.08895476865252273,
                   "filter_relative_volume_clip_pct": 0.33928458583846327,
                   "filter_rolling_window": 351.19631389769177,
                   "n_positions": 1.0,
                   "total_wallet_exposure_limit": 1.0,
                   "unstuck_close_pct": 0.04889924178152989,
                   "unstuck_ema_dist": -0.03250659494631272,
                   "unstuck_loss_allowance_pct": 0.012055861054388734,
                   "unstuck_threshold": 0.5246601859464526}},
 "live": {"approved_coins": ["ENSUSDT"],
          "auto_gs": true,
          "coin_flags": {},
          "execution_delay_seconds": 2,
          "filter_by_min_effective_cost": true,
          "forced_mode_long": "",
          "forced_mode_short": "",
          "ignored_coins": [],
          "leverage": 10,
          "max_n_cancellations_per_batch": 5,
          "max_n_creations_per_batch": 3,
          "minimum_coin_age_days": 30,
          "ohlcv_rolling_window": 60,
          "pnls_max_lookback_days": 30,
          "price_distance_threshold": 0.002,
          "relative_volume_filter_clip_pct": 0.5,
          "time_in_force": "good_till_cancelled",
          "user": "hyperliquid_v7"},
 "optimize": {"bounds": {"long_close_grid_markup_range": [0, 0.06],
                         "long_close_grid_min_markup": [0.001, 0.06],
                         "long_close_grid_qty_pct": [0.05, 1],
                         "long_close_trailing_grid_ratio": [-1, 1],
                         "long_close_trailing_qty_pct": [0.05, 1],
                         "long_close_trailing_retracement_pct": [0, 0.3],
                         "long_close_trailing_threshold_pct": [-0.1, 0.1],
                         "long_ema_span_0": [200, 1440],
                         "long_ema_span_1": [200, 1440],
                         "long_entry_grid_double_down_factor": [0.1, 3],
                         "long_entry_grid_spacing_pct": [0.001, 0.12],
                         "long_entry_grid_spacing_weight": [0, 10],
                         "long_entry_initial_ema_dist": [-0.1, 0.003],
                         "long_entry_initial_qty_pct": [0.005, 0.1],
                         "long_entry_trailing_grid_ratio": [-1, 1],
                         "long_entry_trailing_retracement_pct": [0, 0.1],
                         "long_entry_trailing_threshold_pct": [-0.1, 0.1],
                         "long_filter_relative_volume_clip_pct": [0.0, 1.0],
                         "long_filter_rolling_window": [10.0, 1440.0],
                         "long_n_positions": [1.0, 1.0],
                         "long_total_wallet_exposure_limit": [2.5, 2.5],
                         "long_unstuck_close_pct": [0.001, 0.1],
                         "long_unstuck_ema_dist": [-0.1, 0.01],
                         "long_unstuck_loss_allowance_pct": [0, 0.05],
                         "long_unstuck_threshold": [0.4, 0.95],
                         "short_close_grid_markup_range": [0, 0.03],
                         "short_close_grid_min_markup": [0.001, 0.03],
                         "short_close_grid_qty_pct": [0.05, 1],
                         "short_close_trailing_grid_ratio": [-1, 1],
                         "short_close_trailing_qty_pct": [0.05, 1],
                         "short_close_trailing_retracement_pct": [0, 0.1],
                         "short_close_trailing_threshold_pct": [-0.1, 0.1],
                         "short_ema_span_0": [200, 1440],
                         "short_ema_span_1": [200, 1440],
                         "short_entry_grid_double_down_factor": [0.1, 3],
                         "short_entry_grid_spacing_pct": [0.001, 0.12],
                         "short_entry_grid_spacing_weight": [0, 10],
                         "short_entry_initial_ema_dist": [-0.1, 0.003],
                         "short_entry_initial_qty_pct": [0.005, 0.1],
                         "short_entry_trailing_grid_ratio": [-1, 1],
                         "short_entry_trailing_retracement_pct": [0, 0.1],
                         "short_entry_trailing_threshold_pct": [-0.1, 0.1],
                         "short_filter_relative_volume_clip_pct": [0.0, 1.0],
                         "short_filter_rolling_window": [10.0, 1440.0],
                         "short_n_positions": [1.0, 1.0],
                         "short_total_wallet_exposure_limit": [1.0, 1.0],
                         "short_unstuck_close_pct": [0.001, 0.1],
                         "short_unstuck_ema_dist": [-0.1, 0.01],