{
    "analysis": {
        "adg": 0.00044031336204984416,
        "drawdown_worst": 0.16142009644148844,
        "equity_balance_diff_max": 0.17528467815085924,
        "equity_balance_diff_mean": 0.001906711068741109,
        "loss_profit_ratio": 0.4669959067255486,
        "mdg": 0.000241452573496,
        "n_iters": 9473,
        "sharpe_ratio": 0.11223583152681646,
        "w_0": -0.000241452573496,
        "w_1": -0.11223583152681646
    },
    "backtest": {
        "base_dir": "backtests",
        "end_date": "now",
        "exchange": "binance",
        "start_date": "2021-05-01",
        "starting_balance": 100000,
        "symbols": [
            "ETCUSDT"
        ]
    },
    "bot": {
        "long": {
            "close_grid_markup_range": 0.01045420099802578,
            "close_grid_min_markup": 0.009631789481883956,
            "close_grid_qty_pct": 0.10855773051882701,
            "close_trailing_grid_ratio": 0.024918652307942324,
            "close_trailing_qty_pct": 0.5340175652020904,
            "close_trailing_retracement_pct": 0.007224710896127931,
            "close_trailing_threshold_pct": 0.0233490061131785,
            "ema_span_0": 904.9261371646525,
            "ema_span_1": 882.2637211685508,
            "entry_grid_double_down_factor": 0.29760058109544485,
            "entry_grid_spacing_pct": 0.011095805716947252,
            "entry_grid_spacing_weight": 9.660501982846085,
            "entry_initial_ema_dist": -0.08703203093700035,
            "entry_initial_qty_pct": 0.014285514489375517,
            "entry_trailing_grid_ratio": -0.7743823694189362,
            "entry_trailing_retracement_pct": 0.007939199358571269,
            "entry_trailing_threshold_pct": 0.06836756266341174,
            "n_positions": 4.663528224550053,
            "total_wallet_exposure_limit": 2.626459305443203,
            "unstuck_close_pct": 0.035137922062752874,
            "unstuck_ema_dist": -0.06928419102639209,
            "unstuck_loss_allowance_pct": 0.042002137643247235,
            "unstuck_threshold": 0.5001154016429327
        },
        "short": {
            "close_grid_markup_range": 0.009027100944604792,
            "close_grid_min_markup": 0.007818819308877296,
            "close_grid_qty_pct": 0.4411809413528295,
            "close_trailing_grid_ratio": -0.8159123120341704,
            "close_trailing_qty_pct": 0.4083971907404033,
            "close_trailing_retracement_pct": 0.04454115304980252,
            "close_trailing_threshold_pct": -0.05485507209356495,
            "ema_span_0": 881.8176915481558,
            "ema_span_1": 756.3636193394404,
            "entry_grid_double_down_factor": 0.22779559074727024,
            "entry_grid_spacing_pct": 0.1000546053213998,
            "entry_grid_spacing_weight": 5.566188292841491,
            "entry_initial_ema_dist": -0.08137973292079793,
            "entry_initial_qty_pct": 0.02685168929965495,
            "entry_trailing_grid_ratio": -0.5927322204185383,
            "entry_trailing_retracement_pct": 0.052576611020330635,
            "entry_trailing_threshold_pct": -0.0016133758936765635,
            "n_positions": 0,
            "total_wallet_exposure_limit": 0.03469774969283246,
            "unstuck_close_pct": 0.044741410199671025,
            "unstuck_ema_dist": -0.06785790068100458,
            "unstuck_loss_allowance_pct": 0.009114737967778147,
            "unstuck_threshold": 0.6877165396329251
        }
    },
    "live": {
        "approved_coins": [
            "ETCUSDT"
        ],
        "auto_gs": true,
        "coin_flags": {},
        "execution_delay_seconds": 2,
        "filter_by_min_effective_cost": true,
        "forced_mode_long": "",
        "forced_mode_short": "",
        "ignored_coins": [
            "COIN1",
            "COIN2"
        ],
        "leverage": 10,
        "max_n_cancellations_per_batch": 5,
        "max_n_creations_per_batch": 3,
        "minimum_coin_age_days": 30,
        "ohlcv_rolling_window": 60,
        "pnls_max_lookback_days": 30,
        "price_distance_threshold": 0.002,
        "relative_volume_filter_clip_pct": 0.5,
        "time_in_force": "good_till_cancelled",
        "user": "hyperliquid_v7"
    },
    "optimize": {
        "bounds": {
            "long_close_grid_markup_range": [
                0,
                0.06
            ],
            "long_close_grid_min_markup": [
                0.001,
                0.06
            ],
            "long_close_grid_qty_pct": [
                0.05,
                1
            ],
            "long_close_trailing_grid_ratio": [
                -1,
                1
            ],
            "long_close_trailing_qty_pct": [
                0.05,
                1
            ],
            "long_close_trailing_retracement_pct": [
                0,
                0.3
            ],
            "long_close_trailing_threshold_pct": [
                -0.1,
                0.1
            ],
            "long_ema_span_0": [
                200,
                1440
            ],
            "long_ema_span_1": [
                200,
                1440
            ],
            "long_entry_grid_double_down_factor": [
                0.1,
                3
            ],
            "long_entry_grid_spacing_pct": [
                0.001,
                0.12
            ],
            "long_entry_grid_spacing_weight": [
                0,
                10
            ],
            "long_entry_initial_ema_dist": [
                -0.1,
                0.003
            ],
            "long_entry_initial_qty_pct": [
                0.005,
                0.1
            ],
            "long_entry_trailing_grid_ratio": [
                -1,
                1
            ],
            "long_entry_trailing_retracement_pct": [
                0,
                0.1
            ],
            "long_entry_trailing_threshold_pct": [
                -0.1,
                0.1
            ],
            "long_n_positions": [
                1,
                5
            ],
            "long_total_wallet_exposure_limit": [
                2,
                4
            ],
            "long_unstuck_close_pct": [
                0.001,
                0.1
            ],
            "long_unstuck_ema_dist": [
                -0.1,
                0.01
            ],
            "long_unstuck_loss_allowance_pct": [
                0,
                0.05
            ],
            "long_unstuck_threshold": [
                0.4,
                0.95
            ],
            "short_close_grid_markup_range": [
                0,
                0.03
            ],
            "short_close_grid_min_markup": [
                0.001,
                0.03
            ],
            "short_close_grid_qty_pct": [
                0.05,
                1
            ],
            "short_close_trailing_grid_ratio": [
                -1,
                1
            ],
            "short_close_trailing_qty_pct": [
                0.05,
                1
            ],
            "short_close_trailing_retracement_pct": [
                0,
                0.1
            ],
            "short_close_trailing_threshold_pct": [
                -0.1,
                0.1
            ],
            "short_ema_span_0": [
                200,
                1440
            ],
            "short_ema_span_1": [
                200,
                1440
            ],
            "short_entry_grid_double_down_factor": [
                0.1,
                3
            ],
            "short_entry_grid_spacing_pct": [
                0.001,
                0.12
            ],
            "short_entry_grid_spacing_weight": [
                0,
                10
            ],
            "short_entry_initial_ema_dist": [
                -0.1,
                0.003
            ],
            "short_entry_initial_qty_pct": [
                0.005,
                0.1
            ],