{"analysis": {"adg": 0.002326013051311618,
              "drawdown_worst": 0.12008088915035561,
              "equity_balance_diff_max": 0.11056322842582365,
              "equity_balance_diff_mean": 0.008021329387386094,
              "loss_profit_ratio": 0.3716446317566943,
              "mdg": 0.002188744785013009,
              "n_iters": 9479,
              "sharpe_ratio": 0.2698527459275274,
              "w_0": -0.002188744785013009,
              "w_1": -0.2698527459275274},
 "backtest": {"base_dir": "backtests",
              "end_date": "now",
              "exchange": "binance",
              "start_date": "2021-05-01",
              "starting_balance": 100000,
              "symbols": ["ETHFIUSDT"]},
 "bot": {"long": {"close_grid_markup_range": 0.01677509883615707,
                  "close_grid_min_markup": 0.034889618194112106,
                  "close_grid_qty_pct": 0.4490745128198623,
                  "close_trailing_grid_ratio": 0.1136762925279825,
                  "close_trailing_qty_pct": 0.6305927718288462,
                  "close_trailing_retracement_pct": 0.13305371667012894,
                  "close_trailing_threshold_pct": -0.05279589225251384,
                  "ema_span_0": 450.2531914181568,
                  "ema_span_1": 472.77296025458475,
                  "entry_grid_double_down_factor": 0.3430582819247579,
                  "entry_grid_spacing_pct": 0.09476482440266833,
                  "entry_grid_spacing_weight": 5.974014591472274,
                  "entry_initial_ema_dist": -0.06347701343691162,
                  "entry_initial_qty_pct": 0.0087618743812443,
                  "entry_trailing_grid_ratio": -0.3665035504775028,
                  "entry_trailing_retracement_pct": 0.08268464006436595,
                  "entry_trailing_threshold_pct": 0.06912980826303503,
                  "filter_relative_volume_clip_pct": 0.5809456662132246,
                  "filter_rolling_window": 738.3660520484664,
                  "n_positions": 1,
                  "total_wallet_exposure_limit": 2.5,
                  "unstuck_close_pct": 0.05301991835621302,
                  "unstuck_ema_dist": -0.03877022485694266,
                  "unstuck_loss_allowance_pct": 0.015177427136785172,
                  "unstuck_threshold": 0.40067752939837187},
         "short": {"close_grid_markup_range": 0.022475046520908832,
                   "close_grid_min_markup": 0.024598492533784447,
                   "close_grid_qty_pct": 0.7260949172992928,
                   "close_trailing_grid_ratio": 0.10257689238978335,
                   "close_trailing_qty_pct": 0.26807894451682923,
                   "close_trailing_retracement_pct": 0.0061817309665227775,
                   "close_trailing_threshold_pct": 0.05201050742665251,
                   "ema_span_0": 1380.485872160813,
                   "ema_span_1": 282.51493671896026,
                   "entry_grid_double_down_factor": 1.343767384382823,
                   "entry_grid_spacing_pct": 0.04253644265482863,
                   "entry_grid_spacing_weight": 1.2851293139117255,
                   "entry_initial_ema_dist": -0.00928128969233339,
                   "entry_initial_qty_pct": 0.08186034359518302,
                   "entry_trailing_grid_ratio": 0.5820414088546662,
                   "entry_trailing_retracement_pct": 0.048957359122571376,
                   "entry_trailing_threshold_pct": 0.052725320318831856,
                   "filter_relative_volume_clip_pct": 0.09827473792869029,
                   "filter_rolling_window": 660.5429430081103,
                   "n_positions": 1,
                   "total_wallet_exposure_limit": 1,
                   "unstuck_close_pct": 0.06008745348483211,
                   "unstuck_ema_dist": -0.02349519348288884,
                   "unstuck_loss_allowance_pct": 0.026685618551234087,
                   "unstuck_threshold": 0.6286316309491465}},
 "live": {"approved_coins": ["ETHFIUSDT"],
          "auto_gs": true,
          "coin_flags": {},
          "execution_delay_seconds": 2,
          "filter_by_min_effective_cost": true,
          "forced_mode_long": "",
          "forced_mode_short": "",
          "ignored_coins": [],
          "leverage": 10,
          "max_n_cancellations_per_batch": 5,
          "max_n_creations_per_batch": 3,
          "minimum_coin_age_days": 30,
          "ohlcv_rolling_window": 60,
          "pnls_max_lookback_days": 30,
          "price_distance_threshold": 0.002,
          "relative_volume_filter_clip_pct": 0.5,
          "time_in_force": "good_till_cancelled",
          "user": "hyperliquid_v7"},
 "optimize": {"bounds": {"long_close_grid_markup_range": [0, 0.06],
                         "long_close_grid_min_markup": [0.001, 0.06],
                         "long_close_grid_qty_pct": [0.05, 1],
                         "long_close_trailing_grid_ratio": [-1, 1],
                         "long_close_trailing_qty_pct": [0.05, 1],
                         "long_close_trailing_retracement_pct": [0, 0.3],
                         "long_close_trailing_threshold_pct": [-0.1, 0.1],
                         "long_ema_span_0": [200, 1440],
                         "long_ema_span_1": [200, 1440],
                         "long_entry_grid_double_down_factor": [0.1, 3],
                         "long_entry_grid_spacing_pct": [0.001, 0.12],
                         "long_entry_grid_spacing_weight": [0, 10],
                         "long_entry_initial_ema_dist": [-0.1, 0.003],
                         "long_entry_initial_qty_pct": [0.005, 0.1],
                         "long_entry_trailing_grid_ratio": [-1, 1],
                         "long_entry_trailing_retracement_pct": [0, 0.1],
                         "long_entry_trailing_threshold_pct": [-0.1, 0.1],
                         "long_filter_relative_volume_clip_pct": [0, 1],
                         "long_filter_rolling_window": [10, 1440],
                         "long_n_positions": [1, 1],
                         "long_total_wallet_exposure_limit": [2.5, 2.5],
                         "long_unstuck_close_pct": [0.001, 0.1],
                         "long_unstuck_ema_dist": [-0.1, 0.01],
                         "long_unstuck_loss_allowance_pct": [0, 0.05],
                         "long_unstuck_threshold": [0.4, 0.95],
                         "short_close_grid_markup_range": [0, 0.03],
                         "short_close_grid_min_markup": [0.001, 0.03],
                         "short_close_grid_qty_pct": [0.05, 1],
                         "short_close_trailing_grid_ratio": [-1, 1],
                         "short_close_trailing_qty_pct": [0.05, 1],
                         "short_close_trailing_retracement_pct": [0, 0.1],
                         "short_close_trailing_threshold_pct": [-0.1, 0.1],
                         "short_ema_span_0": [200, 1440],
                         "short_ema_span_1": [200, 1440],
                         "short_entry_grid_double_down_factor": [0.1, 3],
                         "short_entry_grid_spacing_pct": [0.001, 0.12],
                         "short_entry_grid_spacing_weight": [0, 10],
                         "short_entry_initial_ema_dist": [-0.1, 0.003],
                         "short_entry_initial_qty_pct": [0.005, 0.1],
                         "short_entry_trailing_grid_ratio": [-1, 1],
                         "short_entry_trailing_retracement_pct": [0, 0.1],
                         "short_entry_trailing_threshold_pct": [-0.1, 0.1],
                         "short_filter_relative_volume_clip_pct": [0, 1],
                         "short_filter_rolling_window": [10, 1440],
                         "short_n_positions": [1, 1],
                         "short_total_wallet_exposure_limit": [1, 1],
                         "short_unstuck_close_pct": [0.001, 0.1],
                         "short_unstuck_ema_dist": [-0.1, 0.01],
                         "short_unstuck_loss_allowance_pct": [0, 0.05],