{"analysis": {"adg": 0.002326013051311618,
              "drawdown_worst": 0.12008088915035561,
              "equity_balance_diff_max": 0.11056322842582365,
              "equity_balance_diff_mean": 0.008021329387386094,
              "loss_profit_ratio": 0.3716446317566943,
              "mdg": 0.002188744785013009,
              "n_iters": 9479,
              "sharpe_ratio": 0.2698527459275274,
              "w_0": -0.002188744785013009,
              "w_1": -0.2698527459275274},
 "backtest": {"base_dir": "backtests",
              "end_date": "now",
              "exchange": "binance",
              "start_date": "2021-05-01",
              "starting_balance": 100000,
              "symbols": ["ETHFIUSDT"]},
 "bot": {"long": {"close_grid_markup_range": 0.026787898453530957,
                  "close_grid_min_markup": 0.02028623075114148,
                  "close_grid_qty_pct": 0.10838698129775548,
                  "close_trailing_grid_ratio": 0.09967203652671763,
                  "close_trailing_qty_pct": 0.39602182975039546,
                  "close_trailing_retracement_pct": 0.03818310518099554,
                  "close_trailing_threshold_pct": -0.07499447405404792,
                  "ema_span_0": 842.8947993857557,
                  "ema_span_1": 428.27179062310654,
                  "entry_grid_double_down_factor": 2.0821515812648386,
                  "entry_grid_spacing_pct": 0.1087425431108726,
                  "entry_grid_spacing_weight": 0.9451006194837253,
                  "entry_initial_ema_dist": -0.06344982656431301,
                  "entry_initial_qty_pct": 0.007259515797162363,
                  "entry_trailing_grid_ratio": -0.9002359886476704,
                  "entry_trailing_retracement_pct": 0.05989374733966151,
                  "entry_trailing_threshold_pct": -0.043331301041129935,
                  "filter_relative_volume_clip_pct": 0.6771988390191724,
                  "filter_rolling_window": 220.37050899096604,
                  "n_positions": 1.0,
                  "total_wallet_exposure_limit": 2.5,
                  "unstuck_close_pct": 0.08038892063932465,
                  "unstuck_ema_dist": -0.029162039730715822,
                  "unstuck_loss_allowance_pct": 0.03460802357032218,
                  "unstuck_threshold": 0.818639107424959},
         "short": {"close_grid_markup_range": 0.01078547362590049,
                   "close_grid_min_markup": 0.0020030335001159196,
                   "close_grid_qty_pct": 0.4044914777671138,
                   "close_trailing_grid_ratio": 0.10328609697833907,
                   "close_trailing_qty_pct": 0.6157650936950828,
                   "close_trailing_retracement_pct": 0.018499356174479734,
                   "close_trailing_threshold_pct": 0.014656168839322324,
                   "ema_span_0": 1195.216903319556,
                   "ema_span_1": 1198.7474393217358,
                   "entry_grid_double_down_factor": 1.5059517611260897,
                   "entry_grid_spacing_pct": 0.032750883076944313,
                   "entry_grid_spacing_weight": 0.11360551940433039,
                   "entry_initial_ema_dist": -0.034601859680496366,
                   "entry_initial_qty_pct": 0.09102465626363908,
                   "entry_trailing_grid_ratio": -0.7264830225840401,
                   "entry_trailing_retracement_pct": 0.05322575593425204,
                   "entry_trailing_threshold_pct": 0.07823123303096263,
                   "filter_relative_volume_clip_pct": 0.5123758033910679,
                   "filter_rolling_window": 1001.5890020127687,
                   "n_positions": 1.0,
                   "total_wallet_exposure_limit": 1.0,
                   "unstuck_close_pct": 0.019382913965079844,
                   "unstuck_ema_dist": -0.08064171878995288,
                   "unstuck_loss_allowance_pct": 0.022477394423920515,
                   "unstuck_threshold": 0.6615600030761563}},
 "live": {"approved_coins": ["ETHFIUSDT"],
          "auto_gs": true,
          "coin_flags": {},
          "execution_delay_seconds": 2,
          "filter_by_min_effective_cost": true,
          "forced_mode_long": "",
          "forced_mode_short": "",
          "ignored_coins": [],
          "leverage": 10,
          "max_n_cancellations_per_batch": 5,
          "max_n_creations_per_batch": 3,
          "minimum_coin_age_days": 30,
          "ohlcv_rolling_window": 60,
          "pnls_max_lookback_days": 30,
          "price_distance_threshold": 0.002,
          "relative_volume_filter_clip_pct": 0.5,
          "time_in_force": "good_till_cancelled",
          "user": "hyperliquid_v7"},
 "optimize": {"bounds": {"long_close_grid_markup_range": [0, 0.06],
                         "long_close_grid_min_markup": [0.001, 0.06],
                         "long_close_grid_qty_pct": [0.05, 1],
                         "long_close_trailing_grid_ratio": [-1, 1],
                         "long_close_trailing_qty_pct": [0.05, 1],
                         "long_close_trailing_retracement_pct": [0, 0.3],
                         "long_close_trailing_threshold_pct": [-0.1, 0.1],
                         "long_ema_span_0": [200, 1440],
                         "long_ema_span_1": [200, 1440],
                         "long_entry_grid_double_down_factor": [0.1, 3],
                         "long_entry_grid_spacing_pct": [0.001, 0.12],
                         "long_entry_grid_spacing_weight": [0, 10],
                         "long_entry_initial_ema_dist": [-0.1, 0.003],
                         "long_entry_initial_qty_pct": [0.005, 0.1],
                         "long_entry_trailing_grid_ratio": [-1, 1],
                         "long_entry_trailing_retracement_pct": [0, 0.1],
                         "long_entry_trailing_threshold_pct": [-0.1, 0.1],
                         "long_filter_relative_volume_clip_pct": [0.0, 1.0],
                         "long_filter_rolling_window": [10.0, 1440.0],
                         "long_n_positions": [1.0, 1.0],
                         "long_total_wallet_exposure_limit": [2.5, 2.5],
                         "long_unstuck_close_pct": [0.001, 0.1],
                         "long_unstuck_ema_dist": [-0.1, 0.01],
                         "long_unstuck_loss_allowance_pct": [0, 0.05],
                         "long_unstuck_threshold": [0.4, 0.95],
                         "short_close_grid_markup_range": [0, 0.03],
                         "short_close_grid_min_markup": [0.001, 0.03],
                         "short_close_grid_qty_pct": [0.05, 1],
                         "short_close_trailing_grid_ratio": [-1, 1],
                         "short_close_trailing_qty_pct": [0.05, 1],
                         "short_close_trailing_retracement_pct": [0, 0.1],
                         "short_close_trailing_threshold_pct": [-0.1, 0.1],
                         "short_ema_span_0": [200, 1440],
                         "short_ema_span_1": [200, 1440],
                         "short_entry_grid_double_down_factor": [0.1, 3],
                         "short_entry_grid_spacing_pct": [0.001, 0.12],
                         "short_entry_grid_spacing_weight": [0, 10],
                         "short_entry_initial_ema_dist": [-0.1, 0.003],
                         "short_entry_initial_qty_pct": [0.005, 0.1],
                         "short_entry_trailing_grid_ratio": [-1, 1],
                         "short_entry_trailing_retracement_pct": [0, 0.1],
                         "short_entry_trailing_threshold_pct": [-0.1, 0.1],
                         "short_filter_relative_volume_clip_pct": [0.0, 1.0],
                         "short_filter_rolling_window": [10.0, 1440.0],
                         "short_n_positions": [1.0, 1.0],
                         "short_total_wallet_exposure_limit": [1.0, 1.0],
                         "short_unstuck_close_pct": [0.001, 0.1],
                         "short_unstuck_ema_dist": [-0.1, 0.01],