{"analysis": {"adg": 0.0021660518570824406,
              "drawdown_worst": 0.17932905897122198,
              "equity_balance_diff_max": 0.1881613062843245,
              "equity_balance_diff_mean": 0.00687143142269948,
              "loss_profit_ratio": 0.2879369927887731,
              "mdg": 0.0012631660272208194,
              "n_iters": 9486,
              "sharpe_ratio": 0.22645112723780927,
              "w_0": -0.0012631660272208194,
              "w_1": -0.22645112723780927},
 "backtest": {"base_dir": "backtests",
              "end_date": "now",
              "exchange": "binance",
              "start_date": "2021-05-01",
              "starting_balance": 100000,
              "symbols": ["FETUSDT"]},
 "bot": {"long": {"close_grid_markup_range": 0.01930918175946964,
                  "close_grid_min_markup": 0.023817944768715897,
                  "close_grid_qty_pct": 0.42933158489895984,
                  "close_trailing_grid_ratio": -0.9051128070589445,
                  "close_trailing_qty_pct": 0.6778246162810903,
                  "close_trailing_retracement_pct": 0.043716901920126214,
                  "close_trailing_threshold_pct": -0.053544670730896735,
                  "ema_span_0": 643.9534990800619,
                  "ema_span_1": 976.2019188279032,
                  "entry_grid_double_down_factor": 2.5862867740422324,
                  "entry_grid_spacing_pct": 0.11718296996860521,
                  "entry_grid_spacing_weight": 6.614821091601374,
                  "entry_initial_ema_dist": -0.055989066171729565,
                  "entry_initial_qty_pct": 0.030415251066934483,
                  "entry_trailing_grid_ratio": -0.0915519882021405,
                  "entry_trailing_retracement_pct": 0.07469901826851297,
                  "entry_trailing_threshold_pct": -0.044897187438380635,
                  "filter_relative_volume_clip_pct": 0.7953538970896209,
                  "filter_rolling_window": 699.9339334364035,
                  "n_positions": 1,
                  "total_wallet_exposure_limit": 2.5,
                  "unstuck_close_pct": 0.05077800534390887,
                  "unstuck_ema_dist": -0.0024231193884026734,
                  "unstuck_loss_allowance_pct": 0.041826591925279,
                  "unstuck_threshold": 0.6454401358621314},
         "short": {"close_grid_markup_range": 0.0035952406433138384,
                   "close_grid_min_markup": 0.023830774592648356,
                   "close_grid_qty_pct": 0.520718762053641,
                   "close_trailing_grid_ratio": 0.5600197970182899,
                   "close_trailing_qty_pct": 0.49678836706001184,
                   "close_trailing_retracement_pct": 0.07398599396892008,
                   "close_trailing_threshold_pct": -0.08019799738420698,
                   "ema_span_0": 846.7537272048622,
                   "ema_span_1": 741.0075960602687,
                   "entry_grid_double_down_factor": 1.1982240683316832,
                   "entry_grid_spacing_pct": 0.07867725459103643,
                   "entry_grid_spacing_weight": 9.222861364477357,
                   "entry_initial_ema_dist": -0.04144743519624759,
                   "entry_initial_qty_pct": 0.02504767019046089,
                   "entry_trailing_grid_ratio": -0.5103085229509059,
                   "entry_trailing_retracement_pct": 0.09893714902054492,
                   "entry_trailing_threshold_pct": -0.0012003763827578041,
                   "filter_relative_volume_clip_pct": 0.03995351974264871,
                   "filter_rolling_window": 690.20019009537,
                   "n_positions": 1,
                   "total_wallet_exposure_limit": 1,
                   "unstuck_close_pct": 0.058148334869622675,
                   "unstuck_ema_dist": -0.05672123238591492,
                   "unstuck_loss_allowance_pct": 0.030535594201762217,
                   "unstuck_threshold": 0.9274099333478261}},
 "live": {"approved_coins": ["FETUSDT"],
          "auto_gs": true,
          "coin_flags": {},
          "execution_delay_seconds": 2,
          "filter_by_min_effective_cost": true,
          "forced_mode_long": "",
          "forced_mode_short": "",
          "ignored_coins": [],
          "leverage": 10,
          "max_n_cancellations_per_batch": 5,
          "max_n_creations_per_batch": 3,
          "minimum_coin_age_days": 30,
          "ohlcv_rolling_window": 60,
          "pnls_max_lookback_days": 30,
          "price_distance_threshold": 0.002,
          "relative_volume_filter_clip_pct": 0.5,
          "time_in_force": "good_till_cancelled",
          "user": "hyperliquid_v7"},
 "optimize": {"bounds": {"long_close_grid_markup_range": [0, 0.06],
                         "long_close_grid_min_markup": [0.001, 0.06],
                         "long_close_grid_qty_pct": [0.05, 1],
                         "long_close_trailing_grid_ratio": [-1, 1],
                         "long_close_trailing_qty_pct": [0.05, 1],
                         "long_close_trailing_retracement_pct": [0, 0.3],
                         "long_close_trailing_threshold_pct": [-0.1, 0.1],
                         "long_ema_span_0": [200, 1440],
                         "long_ema_span_1": [200, 1440],
                         "long_entry_grid_double_down_factor": [0.1, 3],
                         "long_entry_grid_spacing_pct": [0.001, 0.12],
                         "long_entry_grid_spacing_weight": [0, 10],
                         "long_entry_initial_ema_dist": [-0.1, 0.003],
                         "long_entry_initial_qty_pct": [0.005, 0.1],
                         "long_entry_trailing_grid_ratio": [-1, 1],
                         "long_entry_trailing_retracement_pct": [0, 0.1],
                         "long_entry_trailing_threshold_pct": [-0.1, 0.1],
                         "long_filter_relative_volume_clip_pct": [0, 1],
                         "long_filter_rolling_window": [10, 1440],
                         "long_n_positions": [1, 1],
                         "long_total_wallet_exposure_limit": [2.5, 2.5],
                         "long_unstuck_close_pct": [0.001, 0.1],
                         "long_unstuck_ema_dist": [-0.1, 0.01],
                         "long_unstuck_loss_allowance_pct": [0, 0.05],
                         "long_unstuck_threshold": [0.4, 0.95],
                         "short_close_grid_markup_range": [0, 0.03],
                         "short_close_grid_min_markup": [0.001, 0.03],
                         "short_close_grid_qty_pct": [0.05, 1],
                         "short_close_trailing_grid_ratio": [-1, 1],
                         "short_close_trailing_qty_pct": [0.05, 1],
                         "short_close_trailing_retracement_pct": [0, 0.1],
                         "short_close_trailing_threshold_pct": [-0.1, 0.1],
                         "short_ema_span_0": [200, 1440],
                         "short_ema_span_1": [200, 1440],
                         "short_entry_grid_double_down_factor": [0.1, 3],
                         "short_entry_grid_spacing_pct": [0.001, 0.12],
                         "short_entry_grid_spacing_weight": [0, 10],
                         "short_entry_initial_ema_dist": [-0.1, 0.003],
                         "short_entry_initial_qty_pct": [0.005, 0.1],
                         "short_entry_trailing_grid_ratio": [-1, 1],
                         "short_entry_trailing_retracement_pct": [0, 0.1],
                         "short_entry_trailing_threshold_pct": [-0.1, 0.1],
                         "short_filter_relative_volume_clip_pct": [0, 1],
                         "short_filter_rolling_window": [10, 1440],
                         "short_n_positions": [1, 1],
                         "short_total_wallet_exposure_limit": [1, 1],
                         "short_unstuck_close_pct": [0.001, 0.1],
                         "short_unstuck_ema_dist": [-0.1, 0.01],
                         "short_unstuck_loss_allowance_pct": [0, 0.05],