{"analysis": {"adg": 0.001313897678202725,
              "drawdown_worst": 0.22138394205048217,
              "equity_balance_diff_max": 0.2149632233166675,
              "equity_balance_diff_mean": 0.0047930305991631325,
              "loss_profit_ratio": 0.4741475321469169,
              "mdg": 0.0007547293654568529,
              "n_iters": 9496,
              "sharpe_ratio": 0.13683188140221017,
              "w_0": -0.0007547293654568529,
              "w_1": -0.13683188140221017},
 "backtest": {"base_dir": "backtests",
              "end_date": "now",
              "exchange": "binance",
              "start_date": "2021-05-01",
              "starting_balance": 100000,
              "symbols": ["FILUSDT"]},
 "bot": {"long": {"close_grid_markup_range": 0.03042318024452457,
                  "close_grid_min_markup": 0.008945911542585457,
                  "close_grid_qty_pct": 0.6710312043985894,
                  "close_trailing_grid_ratio": 0.09120384380780552,
                  "close_trailing_qty_pct": 0.4380605929482945,
                  "close_trailing_retracement_pct": 0.11977167700874977,
                  "close_trailing_threshold_pct": -0.03391286135950498,
                  "ema_span_0": 462.20355775022153,
                  "ema_span_1": 1119.3425688088125,
                  "entry_grid_double_down_factor": 1.434682282108623,
                  "entry_grid_spacing_pct": 0.08067942408529889,
                  "entry_grid_spacing_weight": 4.516448597942688,
                  "entry_initial_ema_dist": -0.05196452700493656,
                  "entry_initial_qty_pct": 0.005486548238533407,
                  "entry_trailing_grid_ratio": -0.04408990374471389,
                  "entry_trailing_retracement_pct": 0.0548341884606391,
                  "entry_trailing_threshold_pct": -0.015724474049425563,
                  "filter_relative_volume_clip_pct": 0.5946148538316982,
                  "filter_rolling_window": 691.7746054388455,
                  "n_positions": 1.0,
                  "total_wallet_exposure_limit": 2.5,
                  "unstuck_close_pct": 0.04533687376190422,
                  "unstuck_ema_dist": 0.000955995986162559,
                  "unstuck_loss_allowance_pct": 0.004320203807657463,
                  "unstuck_threshold": 0.48925091407792953},
         "short": {"close_grid_markup_range": 0.02390406223092954,
                   "close_grid_min_markup": 0.014117041494266328,
                   "close_grid_qty_pct": 0.6663964072045632,
                   "close_trailing_grid_ratio": -0.7991103145689374,
                   "close_trailing_qty_pct": 0.24098583046328528,
                   "close_trailing_retracement_pct": 0.0009548358457786739,
                   "close_trailing_threshold_pct": -0.05516252053303462,
                   "ema_span_0": 485.41047589077596,
                   "ema_span_1": 240.41618329658522,
                   "entry_grid_double_down_factor": 0.7147817251940698,
                   "entry_grid_spacing_pct": 0.10049896662796746,
                   "entry_grid_spacing_weight": 2.9823591799137934,
                   "entry_initial_ema_dist": -0.03874431079397913,
                   "entry_initial_qty_pct": 0.04178816892503653,
                   "entry_trailing_grid_ratio": 0.09933590872151576,
                   "entry_trailing_retracement_pct": 0.0022629055720781027,
                   "entry_trailing_threshold_pct": 0.06029092212325909,
                   "filter_relative_volume_clip_pct": 0.7995192614165672,
                   "filter_rolling_window": 1275.1607482269142,
                   "n_positions": 1.0,
                   "total_wallet_exposure_limit": 1.0,
                   "unstuck_close_pct": 0.03711318402736584,
                   "unstuck_ema_dist": -0.030545181641253527,
                   "unstuck_loss_allowance_pct": 0.03822619238880463,
                   "unstuck_threshold": 0.7339127911737823}},
 "live": {"approved_coins": ["FILUSDT"],
          "auto_gs": true,
          "coin_flags": {},
          "execution_delay_seconds": 2,
          "filter_by_min_effective_cost": true,
          "forced_mode_long": "",
          "forced_mode_short": "",
          "ignored_coins": [],
          "leverage": 10,
          "max_n_cancellations_per_batch": 5,
          "max_n_creations_per_batch": 3,
          "minimum_coin_age_days": 30,
          "ohlcv_rolling_window": 60,
          "pnls_max_lookback_days": 30,
          "price_distance_threshold": 0.002,
          "relative_volume_filter_clip_pct": 0.5,
          "time_in_force": "good_till_cancelled",
          "user": "hyperliquid_v7"},
 "optimize": {"bounds": {"long_close_grid_markup_range": [0, 0.06],
                         "long_close_grid_min_markup": [0.001, 0.06],
                         "long_close_grid_qty_pct": [0.05, 1],
                         "long_close_trailing_grid_ratio": [-1, 1],
                         "long_close_trailing_qty_pct": [0.05, 1],
                         "long_close_trailing_retracement_pct": [0, 0.3],
                         "long_close_trailing_threshold_pct": [-0.1, 0.1],
                         "long_ema_span_0": [200, 1440],
                         "long_ema_span_1": [200, 1440],
                         "long_entry_grid_double_down_factor": [0.1, 3],
                         "long_entry_grid_spacing_pct": [0.001, 0.12],
                         "long_entry_grid_spacing_weight": [0, 10],
                         "long_entry_initial_ema_dist": [-0.1, 0.003],
                         "long_entry_initial_qty_pct": [0.005, 0.1],
                         "long_entry_trailing_grid_ratio": [-1, 1],
                         "long_entry_trailing_retracement_pct": [0, 0.1],
                         "long_entry_trailing_threshold_pct": [-0.1, 0.1],
                         "long_filter_relative_volume_clip_pct": [0.0, 1.0],
                         "long_filter_rolling_window": [10.0, 1440.0],
                         "long_n_positions": [1.0, 1.0],
                         "long_total_wallet_exposure_limit": [2.5, 2.5],
                         "long_unstuck_close_pct": [0.001, 0.1],
                         "long_unstuck_ema_dist": [-0.1, 0.01],
                         "long_unstuck_loss_allowance_pct": [0, 0.05],
                         "long_unstuck_threshold": [0.4, 0.95],
                         "short_close_grid_markup_range": [0, 0.03],
                         "short_close_grid_min_markup": [0.001, 0.03],
                         "short_close_grid_qty_pct": [0.05, 1],
                         "short_close_trailing_grid_ratio": [-1, 1],
                         "short_close_trailing_qty_pct": [0.05, 1],
                         "short_close_trailing_retracement_pct": [0, 0.1],
                         "short_close_trailing_threshold_pct": [-0.1, 0.1],
                         "short_ema_span_0": [200, 1440],
                         "short_ema_span_1": [200, 1440],
                         "short_entry_grid_double_down_factor": [0.1, 3],
                         "short_entry_grid_spacing_pct": [0.001, 0.12],
                         "short_entry_grid_spacing_weight": [0, 10],
                         "short_entry_initial_ema_dist": [-0.1, 0.003],
                         "short_entry_initial_qty_pct": [0.005, 0.1],
                         "short_entry_trailing_grid_ratio": [-1, 1],
                         "short_entry_trailing_retracement_pct": [0, 0.1],
                         "short_entry_trailing_threshold_pct": [-0.1, 0.1],
                         "short_filter_relative_volume_clip_pct": [0.0, 1.0],
                         "short_filter_rolling_window": [10.0, 1440.0],
                         "short_n_positions": [1.0, 1.0],
                         "short_total_wallet_exposure_limit": [1.0, 1.0],
                         "short_unstuck_close_pct": [0.001, 0.1],
                         "short_unstuck_ema_dist": [-0.1, 0.01],