{"analysis": {"adg": 0.001278549014445152,
              "drawdown_worst": 0.1772243591202187,
              "equity_balance_diff_max": 0.14675415624422397,
              "equity_balance_diff_mean": 0.0025246278426241356,
              "loss_profit_ratio": 0.29155096065727903,
              "mdg": 0.000628162690215415,
              "n_iters": 9469,
              "sharpe_ratio": 0.17788211069445256,
              "w_0": -0.000628162690215415,
              "w_1": -0.17788211069445256},
 "backtest": {"base_dir": "backtests",
              "end_date": "now",
              "exchange": "binance",
              "start_date": "2021-05-01",
              "starting_balance": 100000,
              "symbols": ["1000FLOKIUSDT"]},
 "bot": {"long": {"close_grid_markup_range": 0.0005183461273736388,
                  "close_grid_min_markup": 0.005845648777706377,
                  "close_grid_qty_pct": 0.14177811984418479,
                  "close_trailing_grid_ratio": -0.06739544954604049,
                  "close_trailing_qty_pct": 0.6621434286596853,
                  "close_trailing_retracement_pct": 0.12058287948693872,
                  "close_trailing_threshold_pct": -0.017227661377770823,
                  "ema_span_0": 1055.4932951861513,
                  "ema_span_1": 952.0071863571314,
                  "entry_grid_double_down_factor": 2.0959515286580572,
                  "entry_grid_spacing_pct": 0.058337137907606675,
                  "entry_grid_spacing_weight": 8.854125436117931,
                  "entry_initial_ema_dist": -0.0118008845642151,
                  "entry_initial_qty_pct": 0.013602711684023515,
                  "entry_trailing_grid_ratio": -0.42178969279948175,
                  "entry_trailing_retracement_pct": 0.07737464520991932,
                  "entry_trailing_threshold_pct": 0.06583555207408635,
                  "filter_relative_volume_clip_pct": 0.6770388656842505,
                  "filter_rolling_window": 712.2518377715307,
                  "n_positions": 1.0,
                  "total_wallet_exposure_limit": 2.5,
                  "unstuck_close_pct": 0.018101124220521604,
                  "unstuck_ema_dist": -0.08098077755645845,
                  "unstuck_loss_allowance_pct": 0.02451188292596305,
                  "unstuck_threshold": 0.508840462959641},
         "short": {"close_grid_markup_range": 0.005394171915700151,
                   "close_grid_min_markup": 0.0033773234034957236,
                   "close_grid_qty_pct": 0.16768061494219583,
                   "close_trailing_grid_ratio": 0.45874574735488427,
                   "close_trailing_qty_pct": 0.5939670380932407,
                   "close_trailing_retracement_pct": 0.06968595541638527,
                   "close_trailing_threshold_pct": -0.018272725331264544,
                   "ema_span_0": 926.0699077054747,
                   "ema_span_1": 934.4931389239263,
                   "entry_grid_double_down_factor": 0.776898832945984,
                   "entry_grid_spacing_pct": 0.105145436764191,
                   "entry_grid_spacing_weight": 4.392553909109505,
                   "entry_initial_ema_dist": -0.011549780973433836,
                   "entry_initial_qty_pct": 0.007276277561515512,
                   "entry_trailing_grid_ratio": -0.9539757992186982,
                   "entry_trailing_retracement_pct": 0.09270656499767212,
                   "entry_trailing_threshold_pct": 0.01510090911559854,
                   "filter_relative_volume_clip_pct": 0.8217979022149438,
                   "filter_rolling_window": 988.8752194450446,
                   "n_positions": 1.0,
                   "total_wallet_exposure_limit": 1.0,
                   "unstuck_close_pct": 0.059547522609306285,
                   "unstuck_ema_dist": -0.08369758298147321,
                   "unstuck_loss_allowance_pct": 0.008195051173655633,
                   "unstuck_threshold": 0.7243059527692616}},
 "live": {"approved_coins": ["1000FLOKIUSDT"],
          "auto_gs": true,
          "coin_flags": {},
          "execution_delay_seconds": 2,
          "filter_by_min_effective_cost": true,
          "forced_mode_long": "",
          "forced_mode_short": "",
          "ignored_coins": [],
          "leverage": 10,
          "max_n_cancellations_per_batch": 5,
          "max_n_creations_per_batch": 3,
          "minimum_coin_age_days": 30,
          "ohlcv_rolling_window": 60,
          "pnls_max_lookback_days": 30,
          "price_distance_threshold": 0.002,
          "relative_volume_filter_clip_pct": 0.5,
          "time_in_force": "good_till_cancelled",
          "user": "hyperliquid_v7"},
 "optimize": {"bounds": {"long_close_grid_markup_range": [0, 0.06],
                         "long_close_grid_min_markup": [0.001, 0.06],
                         "long_close_grid_qty_pct": [0.05, 1],
                         "long_close_trailing_grid_ratio": [-1, 1],
                         "long_close_trailing_qty_pct": [0.05, 1],
                         "long_close_trailing_retracement_pct": [0, 0.3],
                         "long_close_trailing_threshold_pct": [-0.1, 0.1],
                         "long_ema_span_0": [200, 1440],
                         "long_ema_span_1": [200, 1440],
                         "long_entry_grid_double_down_factor": [0.1, 3],
                         "long_entry_grid_spacing_pct": [0.001, 0.12],
                         "long_entry_grid_spacing_weight": [0, 10],
                         "long_entry_initial_ema_dist": [-0.1, 0.003],
                         "long_entry_initial_qty_pct": [0.005, 0.1],
                         "long_entry_trailing_grid_ratio": [-1, 1],
                         "long_entry_trailing_retracement_pct": [0, 0.1],
                         "long_entry_trailing_threshold_pct": [-0.1, 0.1],
                         "long_filter_relative_volume_clip_pct": [0.0, 1.0],
                         "long_filter_rolling_window": [10.0, 1440.0],
                         "long_n_positions": [1.0, 1.0],
                         "long_total_wallet_exposure_limit": [2.5, 2.5],
                         "long_unstuck_close_pct": [0.001, 0.1],
                         "long_unstuck_ema_dist": [-0.1, 0.01],
                         "long_unstuck_loss_allowance_pct": [0, 0.05],
                         "long_unstuck_threshold": [0.4, 0.95],
                         "short_close_grid_markup_range": [0, 0.03],
                         "short_close_grid_min_markup": [0.001, 0.03],
                         "short_close_grid_qty_pct": [0.05, 1],
                         "short_close_trailing_grid_ratio": [-1, 1],
                         "short_close_trailing_qty_pct": [0.05, 1],
                         "short_close_trailing_retracement_pct": [0, 0.1],
                         "short_close_trailing_threshold_pct": [-0.1, 0.1],
                         "short_ema_span_0": [200, 1440],
                         "short_ema_span_1": [200, 1440],
                         "short_entry_grid_double_down_factor": [0.1, 3],
                         "short_entry_grid_spacing_pct": [0.001, 0.12],
                         "short_entry_grid_spacing_weight": [0, 10],
                         "short_entry_initial_ema_dist": [-0.1, 0.003],
                         "short_entry_initial_qty_pct": [0.005, 0.1],
                         "short_entry_trailing_grid_ratio": [-1, 1],
                         "short_entry_trailing_retracement_pct": [0, 0.1],
                         "short_entry_trailing_threshold_pct": [-0.1, 0.1],
                         "short_filter_relative_volume_clip_pct": [0.0, 1.0],
                         "short_filter_rolling_window": [10.0, 1440.0],
                         "short_n_positions": [1.0, 1.0],
                         "short_total_wallet_exposure_limit": [1.0, 1.0],
                         "short_unstuck_close_pct": [0.001, 0.1],
                         "short_unstuck_ema_dist": [-0.1, 0.01],