{"analysis": {"adg": 0.001681610327840664,
              "drawdown_worst": 0.11987566779479127,
              "equity_balance_diff_max": 0.12684342982719052,
              "equity_balance_diff_mean": 0.007256095248412613,
              "loss_profit_ratio": 0.0650184982618085,
              "mdg": 0.0010429991251887079,
              "n_iters": 9499,
              "sharpe_ratio": 0.257889200193908,
              "w_0": -0.0010429991251887079,
              "w_1": -0.257889200193908},
 "backtest": {"base_dir": "backtests",
              "end_date": "now",
              "exchange": "binance",
              "start_date": "2021-05-01",
              "starting_balance": 100000,
              "symbols": ["FXSUSDT"]},
 "bot": {"long": {"close_grid_markup_range": 0.015137276898547615,
                  "close_grid_min_markup": 0.03177683358008055,
                  "close_grid_qty_pct": 0.9332615910098425,
                  "close_trailing_grid_ratio": 0.36409900148112195,
                  "close_trailing_qty_pct": 0.9710707049431093,
                  "close_trailing_retracement_pct": 0.0821773183984222,
                  "close_trailing_threshold_pct": -0.01633111196670147,
                  "ema_span_0": 370.5754801031312,
                  "ema_span_1": 338.89592820360394,
                  "entry_grid_double_down_factor": 0.9637636837216318,
                  "entry_grid_spacing_pct": 0.08285903561172846,
                  "entry_grid_spacing_weight": 4.204183448946592,
                  "entry_initial_ema_dist": -0.001378455966245962,
                  "entry_initial_qty_pct": 0.006260447978494723,
                  "entry_trailing_grid_ratio": -0.3880319360488541,
                  "entry_trailing_retracement_pct": 0.0020002417168416137,
                  "entry_trailing_threshold_pct": -0.0887223196643063,
                  "filter_relative_volume_clip_pct": 0.2778656232479859,
                  "filter_rolling_window": 970.8608598658232,
                  "n_positions": 1.0,
                  "total_wallet_exposure_limit": 2.5,
                  "unstuck_close_pct": 0.04878857381138252,
                  "unstuck_ema_dist": -0.0032218257689501806,
                  "unstuck_loss_allowance_pct": 0.026365446118811486,
                  "unstuck_threshold": 0.5963962008306474},
         "short": {"close_grid_markup_range": 0.012304279138529495,
                   "close_grid_min_markup": 0.0026986106582641096,
                   "close_grid_qty_pct": 0.0821759089779203,
                   "close_trailing_grid_ratio": 0.020652601338272958,
                   "close_trailing_qty_pct": 0.8213707549119641,
                   "close_trailing_retracement_pct": 0.0029174642685834973,
                   "close_trailing_threshold_pct": -0.09331037826777215,
                   "ema_span_0": 340.2008220320866,
                   "ema_span_1": 1080.3188766011929,
                   "entry_grid_double_down_factor": 2.129311465245338,
                   "entry_grid_spacing_pct": 0.03063741581933508,
                   "entry_grid_spacing_weight": 9.152573171757103,
                   "entry_initial_ema_dist": -0.011450538113940529,
                   "entry_initial_qty_pct": 0.07517586361391702,
                   "entry_trailing_grid_ratio": 0.6580013152449635,
                   "entry_trailing_retracement_pct": 0.029129100932896702,
                   "entry_trailing_threshold_pct": 0.049726796841328184,
                   "filter_relative_volume_clip_pct": 0.8120703877805063,
                   "filter_rolling_window": 1057.5139138837858,
                   "n_positions": 1.0,
                   "total_wallet_exposure_limit": 1.0,
                   "unstuck_close_pct": 0.052715884056731915,
                   "unstuck_ema_dist": -0.04890812041994203,
                   "unstuck_loss_allowance_pct": 0.04115929260433548,
                   "unstuck_threshold": 0.4738358951231939}},
 "live": {"approved_coins": ["FXSUSDT"],
          "auto_gs": true,
          "coin_flags": {},
          "execution_delay_seconds": 2,
          "filter_by_min_effective_cost": true,
          "forced_mode_long": "",
          "forced_mode_short": "",
          "ignored_coins": [],
          "leverage": 10,
          "max_n_cancellations_per_batch": 5,
          "max_n_creations_per_batch": 3,
          "minimum_coin_age_days": 30,
          "ohlcv_rolling_window": 60,
          "pnls_max_lookback_days": 30,
          "price_distance_threshold": 0.002,
          "relative_volume_filter_clip_pct": 0.5,
          "time_in_force": "good_till_cancelled",
          "user": "hyperliquid_v7"},
 "optimize": {"bounds": {"long_close_grid_markup_range": [0, 0.06],
                         "long_close_grid_min_markup": [0.001, 0.06],
                         "long_close_grid_qty_pct": [0.05, 1],
                         "long_close_trailing_grid_ratio": [-1, 1],
                         "long_close_trailing_qty_pct": [0.05, 1],
                         "long_close_trailing_retracement_pct": [0, 0.3],
                         "long_close_trailing_threshold_pct": [-0.1, 0.1],
                         "long_ema_span_0": [200, 1440],
                         "long_ema_span_1": [200, 1440],
                         "long_entry_grid_double_down_factor": [0.1, 3],
                         "long_entry_grid_spacing_pct": [0.001, 0.12],
                         "long_entry_grid_spacing_weight": [0, 10],
                         "long_entry_initial_ema_dist": [-0.1, 0.003],
                         "long_entry_initial_qty_pct": [0.005, 0.1],
                         "long_entry_trailing_grid_ratio": [-1, 1],
                         "long_entry_trailing_retracement_pct": [0, 0.1],
                         "long_entry_trailing_threshold_pct": [-0.1, 0.1],
                         "long_filter_relative_volume_clip_pct": [0.0, 1.0],
                         "long_filter_rolling_window": [10.0, 1440.0],
                         "long_n_positions": [1.0, 1.0],
                         "long_total_wallet_exposure_limit": [2.5, 2.5],
                         "long_unstuck_close_pct": [0.001, 0.1],
                         "long_unstuck_ema_dist": [-0.1, 0.01],
                         "long_unstuck_loss_allowance_pct": [0, 0.05],
                         "long_unstuck_threshold": [0.4, 0.95],
                         "short_close_grid_markup_range": [0, 0.03],
                         "short_close_grid_min_markup": [0.001, 0.03],
                         "short_close_grid_qty_pct": [0.05, 1],
                         "short_close_trailing_grid_ratio": [-1, 1],
                         "short_close_trailing_qty_pct": [0.05, 1],
                         "short_close_trailing_retracement_pct": [0, 0.1],
                         "short_close_trailing_threshold_pct": [-0.1, 0.1],
                         "short_ema_span_0": [200, 1440],
                         "short_ema_span_1": [200, 1440],
                         "short_entry_grid_double_down_factor": [0.1, 3],
                         "short_entry_grid_spacing_pct": [0.001, 0.12],
                         "short_entry_grid_spacing_weight": [0, 10],
                         "short_entry_initial_ema_dist": [-0.1, 0.003],
                         "short_entry_initial_qty_pct": [0.005, 0.1],
                         "short_entry_trailing_grid_ratio": [-1, 1],
                         "short_entry_trailing_retracement_pct": [0, 0.1],
                         "short_entry_trailing_threshold_pct": [-0.1, 0.1],
                         "short_filter_relative_volume_clip_pct": [0.0, 1.0],
                         "short_filter_rolling_window": [10.0, 1440.0],
                         "short_n_positions": [1.0, 1.0],
                         "short_total_wallet_exposure_limit": [1.0, 1.0],
                         "short_unstuck_close_pct": [0.001, 0.1],
                         "short_unstuck_ema_dist": [-0.1, 0.01],