{"analysis": {"adg": 0.0006149152887323739,
              "drawdown_worst": 0.19438676200377658,
              "equity_balance_diff_max": 0.2120623592337671,
              "equity_balance_diff_mean": 0.0032241857827180463,
              "loss_profit_ratio": 0.24753609624556375,
              "mdg": 0.0003294228568994056,
              "n_iters": 9525,
              "sharpe_ratio": 0.13200203776123928,
              "w_0": -0.0003294228568994056,
              "w_1": -0.13200203776123928},
 "backtest": {"base_dir": "backtests",
              "end_date": "now",
              "exchange": "binance",
              "start_date": "2021-05-01",
              "starting_balance": 100000,
              "symbols": ["GALAUSDT"]},
 "bot": {"long": {"close_grid_markup_range": 0.03055096301209606,
                  "close_grid_min_markup": 0.04144314890520439,
                  "close_grid_qty_pct": 0.7817944930351641,
                  "close_trailing_grid_ratio": 0.31618628084679645,
                  "close_trailing_qty_pct": 0.07011055908890088,
                  "close_trailing_retracement_pct": 0.06791907637283165,
                  "close_trailing_threshold_pct": 0.009137112771768562,
                  "ema_span_0": 637.4553559248561,
                  "ema_span_1": 1115.3910887265024,
                  "entry_grid_double_down_factor": 1.0391666088564204,
                  "entry_grid_spacing_pct": 0.06567878730450834,
                  "entry_grid_spacing_weight": 5.796495424602336,
                  "entry_initial_ema_dist": -0.01765440361645469,
                  "entry_initial_qty_pct": 0.013411281418868465,
                  "entry_trailing_grid_ratio": -0.7332599030497309,
                  "entry_trailing_retracement_pct": 0.08358823279115647,
                  "entry_trailing_threshold_pct": -0.08203047815106972,
                  "filter_relative_volume_clip_pct": 0.8431188321420993,
                  "filter_rolling_window": 1139.6913177010142,
                  "n_positions": 1,
                  "total_wallet_exposure_limit": 2.5,
                  "unstuck_close_pct": 0.09286913689857756,
                  "unstuck_ema_dist": -0.01054195008415956,
                  "unstuck_loss_allowance_pct": 0.025453364780965153,
                  "unstuck_threshold": 0.5258541919947239},
         "short": {"close_grid_markup_range": 0.018548591530124624,
                   "close_grid_min_markup": 0.015059640842999385,
                   "close_grid_qty_pct": 0.3251819823145696,
                   "close_trailing_grid_ratio": -0.9491804841339391,
                   "close_trailing_qty_pct": 0.6699624925815229,
                   "close_trailing_retracement_pct": 0.013857175699597855,
                   "close_trailing_threshold_pct": -0.03542539231875532,
                   "ema_span_0": 441.2345972093764,
                   "ema_span_1": 1246.4730070717355,
                   "entry_grid_double_down_factor": 0.21917319093901,
                   "entry_grid_spacing_pct": 0.0941278289424932,
                   "entry_grid_spacing_weight": 5.583301390224098,
                   "entry_initial_ema_dist": -0.011293209348619021,
                   "entry_initial_qty_pct": 0.015420478351053334,
                   "entry_trailing_grid_ratio": 0.5341648049839993,
                   "entry_trailing_retracement_pct": 0.06565214743843326,
                   "entry_trailing_threshold_pct": 0.0765127096966966,
                   "filter_relative_volume_clip_pct": 0.11754636808779848,
                   "filter_rolling_window": 748.3316155953117,
                   "n_positions": 1,
                   "total_wallet_exposure_limit": 1,
                   "unstuck_close_pct": 0.0655676561465495,
                   "unstuck_ema_dist": -0.0950157518089157,
                   "unstuck_loss_allowance_pct": 0.0021049987163893474,
                   "unstuck_threshold": 0.5202441729321169}},
 "live": {"approved_coins": ["GALAUSDT"],
          "auto_gs": true,
          "coin_flags": {},
          "execution_delay_seconds": 2,
          "filter_by_min_effective_cost": true,
          "forced_mode_long": "",
          "forced_mode_short": "",
          "ignored_coins": [],
          "leverage": 10,
          "max_n_cancellations_per_batch": 5,
          "max_n_creations_per_batch": 3,
          "minimum_coin_age_days": 30,
          "ohlcv_rolling_window": 60,
          "pnls_max_lookback_days": 30,
          "price_distance_threshold": 0.002,
          "relative_volume_filter_clip_pct": 0.5,
          "time_in_force": "good_till_cancelled",
          "user": "hyperliquid_v7"},
 "optimize": {"bounds": {"long_close_grid_markup_range": [0, 0.06],
                         "long_close_grid_min_markup": [0.001, 0.06],
                         "long_close_grid_qty_pct": [0.05, 1],
                         "long_close_trailing_grid_ratio": [-1, 1],
                         "long_close_trailing_qty_pct": [0.05, 1],
                         "long_close_trailing_retracement_pct": [0, 0.3],
                         "long_close_trailing_threshold_pct": [-0.1, 0.1],
                         "long_ema_span_0": [200, 1440],
                         "long_ema_span_1": [200, 1440],
                         "long_entry_grid_double_down_factor": [0.1, 3],
                         "long_entry_grid_spacing_pct": [0.001, 0.12],
                         "long_entry_grid_spacing_weight": [0, 10],
                         "long_entry_initial_ema_dist": [-0.1, 0.003],
                         "long_entry_initial_qty_pct": [0.005, 0.1],
                         "long_entry_trailing_grid_ratio": [-1, 1],
                         "long_entry_trailing_retracement_pct": [0, 0.1],
                         "long_entry_trailing_threshold_pct": [-0.1, 0.1],
                         "long_filter_relative_volume_clip_pct": [0, 1],
                         "long_filter_rolling_window": [10, 1440],
                         "long_n_positions": [1, 1],
                         "long_total_wallet_exposure_limit": [2.5, 2.5],
                         "long_unstuck_close_pct": [0.001, 0.1],
                         "long_unstuck_ema_dist": [-0.1, 0.01],
                         "long_unstuck_loss_allowance_pct": [0, 0.05],
                         "long_unstuck_threshold": [0.4, 0.95],
                         "short_close_grid_markup_range": [0, 0.03],
                         "short_close_grid_min_markup": [0.001, 0.03],
                         "short_close_grid_qty_pct": [0.05, 1],
                         "short_close_trailing_grid_ratio": [-1, 1],
                         "short_close_trailing_qty_pct": [0.05, 1],
                         "short_close_trailing_retracement_pct": [0, 0.1],
                         "short_close_trailing_threshold_pct": [-0.1, 0.1],
                         "short_ema_span_0": [200, 1440],
                         "short_ema_span_1": [200, 1440],
                         "short_entry_grid_double_down_factor": [0.1, 3],
                         "short_entry_grid_spacing_pct": [0.001, 0.12],
                         "short_entry_grid_spacing_weight": [0, 10],
                         "short_entry_initial_ema_dist": [-0.1, 0.003],
                         "short_entry_initial_qty_pct": [0.005, 0.1],
                         "short_entry_trailing_grid_ratio": [-1, 1],
                         "short_entry_trailing_retracement_pct": [0, 0.1],
                         "short_entry_trailing_threshold_pct": [-0.1, 0.1],
                         "short_filter_relative_volume_clip_pct": [0, 1],
                         "short_filter_rolling_window": [10, 1440],
                         "short_n_positions": [1, 1],
                         "short_total_wallet_exposure_limit": [1, 1],
                         "short_unstuck_close_pct": [0.001, 0.1],
                         "short_unstuck_ema_dist": [-0.1, 0.01],
                         "short_unstuck_loss_allowance_pct": [0, 0.05],