{"analysis": {"adg": 0.00425302311440995,
              "drawdown_worst": 0.222436642217654,
              "equity_balance_diff_max": 0.24286991050225198,
              "equity_balance_diff_mean": 0.00881922881465117,
              "loss_profit_ratio": 0.01810598604724748,
              "mdg": 0.002012820506964278,
              "n_iters": 9454,
              "sharpe_ratio": 0.2922722864199593,
              "w_0": -0.002012820506964278,
              "w_1": -0.2922722864199593},
 "backtest": {"base_dir": "backtests",
              "end_date": "now",
              "exchange": "binance",
              "start_date": "2021-05-01",
              "starting_balance": 100000,
              "symbols": ["GASUSDT"]},
 "bot": {"long": {"close_grid_markup_range": 0.03413293974870492,
                  "close_grid_min_markup": 0.0038869843956100734,
                  "close_grid_qty_pct": 0.7132243655261093,
                  "close_trailing_grid_ratio": -0.16534154746445417,
                  "close_trailing_qty_pct": 0.25301320380504155,
                  "close_trailing_retracement_pct": 0.07725899312601728,
                  "close_trailing_threshold_pct": 0.0460595282644273,
                  "ema_span_0": 701.1060621756418,
                  "ema_span_1": 500.8719134460234,
                  "entry_grid_double_down_factor": 2.376216182370399,
                  "entry_grid_spacing_pct": 0.048523595815534816,
                  "entry_grid_spacing_weight": 8.521416023472868,
                  "entry_initial_ema_dist": -0.011969156048647837,
                  "entry_initial_qty_pct": 0.013155465142415666,
                  "entry_trailing_grid_ratio": -0.26708053834807166,
                  "entry_trailing_retracement_pct": 0.017528787164639313,
                  "entry_trailing_threshold_pct": 0.05726146067525626,
                  "filter_relative_volume_clip_pct": 0.10911294376279762,
                  "filter_rolling_window": 1227.8993512023862,
                  "n_positions": 1,
                  "total_wallet_exposure_limit": 2.5,
                  "unstuck_close_pct": 0.052521561679171276,
                  "unstuck_ema_dist": -0.048508105485205795,
                  "unstuck_loss_allowance_pct": 0.01321487256924044,
                  "unstuck_threshold": 0.6974804257636151},
         "short": {"close_grid_markup_range": 0.0022616872329505704,
                   "close_grid_min_markup": 0.005197629243974887,
                   "close_grid_qty_pct": 0.43865026959820125,
                   "close_trailing_grid_ratio": -0.06888216681432588,
                   "close_trailing_qty_pct": 0.3931056841588814,
                   "close_trailing_retracement_pct": 0.006406976880395189,
                   "close_trailing_threshold_pct": 0.03115316010612331,
                   "ema_span_0": 1371.055772178864,
                   "ema_span_1": 495.13068313916295,
                   "entry_grid_double_down_factor": 2.7714786934606392,
                   "entry_grid_spacing_pct": 0.01413857767113086,
                   "entry_grid_spacing_weight": 9.685528527471014,
                   "entry_initial_ema_dist": -0.03142272158928262,
                   "entry_initial_qty_pct": 0.01646012660463892,
                   "entry_trailing_grid_ratio": -0.07553501584829318,
                   "entry_trailing_retracement_pct": 0.030764512920642702,
                   "entry_trailing_threshold_pct": 0.09724156307262276,
                   "filter_relative_volume_clip_pct": 0.672912189250832,
                   "filter_rolling_window": 1312.5679745271175,
                   "n_positions": 1,
                   "total_wallet_exposure_limit": 1,
                   "unstuck_close_pct": 0.07152509704009874,
                   "unstuck_ema_dist": -0.03813570972588071,
                   "unstuck_loss_allowance_pct": 0.04819190824339043,
                   "unstuck_threshold": 0.42457102030332633}},
 "live": {"approved_coins": ["GASUSDT"],
          "auto_gs": true,
          "coin_flags": {},
          "execution_delay_seconds": 2,
          "filter_by_min_effective_cost": true,
          "forced_mode_long": "",
          "forced_mode_short": "",
          "ignored_coins": [],
          "leverage": 10,
          "max_n_cancellations_per_batch": 5,
          "max_n_creations_per_batch": 3,
          "minimum_coin_age_days": 30,
          "ohlcv_rolling_window": 60,
          "pnls_max_lookback_days": 30,
          "price_distance_threshold": 0.002,
          "relative_volume_filter_clip_pct": 0.5,
          "time_in_force": "good_till_cancelled",
          "user": "hyperliquid_v7"},
 "optimize": {"bounds": {"long_close_grid_markup_range": [0, 0.06],
                         "long_close_grid_min_markup": [0.001, 0.06],
                         "long_close_grid_qty_pct": [0.05, 1],
                         "long_close_trailing_grid_ratio": [-1, 1],
                         "long_close_trailing_qty_pct": [0.05, 1],
                         "long_close_trailing_retracement_pct": [0, 0.3],
                         "long_close_trailing_threshold_pct": [-0.1, 0.1],
                         "long_ema_span_0": [200, 1440],
                         "long_ema_span_1": [200, 1440],
                         "long_entry_grid_double_down_factor": [0.1, 3],
                         "long_entry_grid_spacing_pct": [0.001, 0.12],
                         "long_entry_grid_spacing_weight": [0, 10],
                         "long_entry_initial_ema_dist": [-0.1, 0.003],
                         "long_entry_initial_qty_pct": [0.005, 0.1],
                         "long_entry_trailing_grid_ratio": [-1, 1],
                         "long_entry_trailing_retracement_pct": [0, 0.1],
                         "long_entry_trailing_threshold_pct": [-0.1, 0.1],
                         "long_filter_relative_volume_clip_pct": [0, 1],
                         "long_filter_rolling_window": [10, 1440],
                         "long_n_positions": [1, 1],
                         "long_total_wallet_exposure_limit": [2.5, 2.5],
                         "long_unstuck_close_pct": [0.001, 0.1],
                         "long_unstuck_ema_dist": [-0.1, 0.01],
                         "long_unstuck_loss_allowance_pct": [0, 0.05],
                         "long_unstuck_threshold": [0.4, 0.95],
                         "short_close_grid_markup_range": [0, 0.03],
                         "short_close_grid_min_markup": [0.001, 0.03],
                         "short_close_grid_qty_pct": [0.05, 1],
                         "short_close_trailing_grid_ratio": [-1, 1],
                         "short_close_trailing_qty_pct": [0.05, 1],
                         "short_close_trailing_retracement_pct": [0, 0.1],
                         "short_close_trailing_threshold_pct": [-0.1, 0.1],
                         "short_ema_span_0": [200, 1440],
                         "short_ema_span_1": [200, 1440],
                         "short_entry_grid_double_down_factor": [0.1, 3],
                         "short_entry_grid_spacing_pct": [0.001, 0.12],
                         "short_entry_grid_spacing_weight": [0, 10],
                         "short_entry_initial_ema_dist": [-0.1, 0.003],
                         "short_entry_initial_qty_pct": [0.005, 0.1],
                         "short_entry_trailing_grid_ratio": [-1, 1],
                         "short_entry_trailing_retracement_pct": [0, 0.1],
                         "short_entry_trailing_threshold_pct": [-0.1, 0.1],
                         "short_filter_relative_volume_clip_pct": [0, 1],
                         "short_filter_rolling_window": [10, 1440],
                         "short_n_positions": [1, 1],
                         "short_total_wallet_exposure_limit": [1, 1],
                         "short_unstuck_close_pct": [0.001, 0.1],
                         "short_unstuck_ema_dist": [-0.1, 0.01],
                         "short_unstuck_loss_allowance_pct": [0, 0.05],