{"analysis": {"adg": 0.0007923087838614078,
              "drawdown_worst": 0.16907711474633358,
              "equity_balance_diff_max": 0.1846389665110285,
              "equity_balance_diff_mean": 0.004686071690227292,
              "loss_profit_ratio": 0.23501304563950703,
              "mdg": 0.0005853108451011091,
              "n_iters": 9482,
              "sharpe_ratio": 0.13269191556533505,
              "w_0": -0.0005853108451011091,
              "w_1": -0.13269191556533505},
 "backtest": {"base_dir": "backtests",
              "end_date": "now",
              "exchange": "binance",
              "start_date": "2021-05-01",
              "starting_balance": 100000,
              "symbols": ["GMXUSDT"]},
 "bot": {"long": {"close_grid_markup_range": 0.0029823357667328396,
                  "close_grid_min_markup": 0.03046086627636711,
                  "close_grid_qty_pct": 0.9228458809771645,
                  "close_trailing_grid_ratio": 0.6349726460392061,
                  "close_trailing_qty_pct": 0.4579419151192378,
                  "close_trailing_retracement_pct": 0.11730355307093165,
                  "close_trailing_threshold_pct": -0.019950340517989475,
                  "ema_span_0": 1238.1854567414518,
                  "ema_span_1": 452.0592131086228,
                  "entry_grid_double_down_factor": 0.7860440897728139,
                  "entry_grid_spacing_pct": 0.09757253621622998,
                  "entry_grid_spacing_weight": 4.106795634125188,
                  "entry_initial_ema_dist": -0.06253162870520303,
                  "entry_initial_qty_pct": 0.00833986404650674,
                  "entry_trailing_grid_ratio": -0.8405407274299125,
                  "entry_trailing_retracement_pct": 0.033739164703816826,
                  "entry_trailing_threshold_pct": -0.055122357452962595,
                  "filter_relative_volume_clip_pct": 0.3561894216627277,
                  "filter_rolling_window": 945.2958163314592,
                  "n_positions": 1,
                  "total_wallet_exposure_limit": 2.5,
                  "unstuck_close_pct": 0.03170831090873654,
                  "unstuck_ema_dist": -0.02094185567811,
                  "unstuck_loss_allowance_pct": 0.016290884934549645,
                  "unstuck_threshold": 0.8908255632651341},
         "short": {"close_grid_markup_range": 0.012375254200382612,
                   "close_grid_min_markup": 0.0061660179158323156,
                   "close_grid_qty_pct": 0.7159902820790718,
                   "close_trailing_grid_ratio": -0.16090242004408128,
                   "close_trailing_qty_pct": 0.5855512900337969,
                   "close_trailing_retracement_pct": 0.022707296081253273,
                   "close_trailing_threshold_pct": 0.05390762726081373,
                   "ema_span_0": 1337.7486068072242,
                   "ema_span_1": 1438.3184882587936,
                   "entry_grid_double_down_factor": 0.3988403070312243,
                   "entry_grid_spacing_pct": 0.04430630486003479,
                   "entry_grid_spacing_weight": 2.3981434635919925,
                   "entry_initial_ema_dist": -0.039117559278776304,
                   "entry_initial_qty_pct": 0.07563448799494793,
                   "entry_trailing_grid_ratio": -0.57374971027871,
                   "entry_trailing_retracement_pct": 0.024953735776611762,
                   "entry_trailing_threshold_pct": 0.049447627477287676,
                   "filter_relative_volume_clip_pct": 0.8029363415877676,
                   "filter_rolling_window": 1237.7520262402727,
                   "n_positions": 1,
                   "total_wallet_exposure_limit": 1,
                   "unstuck_close_pct": 0.08046389971349785,
                   "unstuck_ema_dist": -0.059365252386205034,
                   "unstuck_loss_allowance_pct": 0.037615846621320836,
                   "unstuck_threshold": 0.8116206400234547}},
 "live": {"approved_coins": ["GMXUSDT"],
          "auto_gs": true,
          "coin_flags": {},
          "execution_delay_seconds": 2,
          "filter_by_min_effective_cost": true,
          "forced_mode_long": "",
          "forced_mode_short": "",
          "ignored_coins": [],
          "leverage": 10,
          "max_n_cancellations_per_batch": 5,
          "max_n_creations_per_batch": 3,
          "minimum_coin_age_days": 30,
          "ohlcv_rolling_window": 60,
          "pnls_max_lookback_days": 30,
          "price_distance_threshold": 0.002,
          "relative_volume_filter_clip_pct": 0.5,
          "time_in_force": "good_till_cancelled",
          "user": "hyperliquid_v7"},
 "optimize": {"bounds": {"long_close_grid_markup_range": [0, 0.06],
                         "long_close_grid_min_markup": [0.001, 0.06],
                         "long_close_grid_qty_pct": [0.05, 1],
                         "long_close_trailing_grid_ratio": [-1, 1],
                         "long_close_trailing_qty_pct": [0.05, 1],
                         "long_close_trailing_retracement_pct": [0, 0.3],
                         "long_close_trailing_threshold_pct": [-0.1, 0.1],
                         "long_ema_span_0": [200, 1440],
                         "long_ema_span_1": [200, 1440],
                         "long_entry_grid_double_down_factor": [0.1, 3],
                         "long_entry_grid_spacing_pct": [0.001, 0.12],
                         "long_entry_grid_spacing_weight": [0, 10],
                         "long_entry_initial_ema_dist": [-0.1, 0.003],
                         "long_entry_initial_qty_pct": [0.005, 0.1],
                         "long_entry_trailing_grid_ratio": [-1, 1],
                         "long_entry_trailing_retracement_pct": [0, 0.1],
                         "long_entry_trailing_threshold_pct": [-0.1, 0.1],
                         "long_filter_relative_volume_clip_pct": [0, 1],
                         "long_filter_rolling_window": [10, 1440],
                         "long_n_positions": [1, 1],
                         "long_total_wallet_exposure_limit": [2.5, 2.5],
                         "long_unstuck_close_pct": [0.001, 0.1],
                         "long_unstuck_ema_dist": [-0.1, 0.01],
                         "long_unstuck_loss_allowance_pct": [0, 0.05],
                         "long_unstuck_threshold": [0.4, 0.95],
                         "short_close_grid_markup_range": [0, 0.03],
                         "short_close_grid_min_markup": [0.001, 0.03],
                         "short_close_grid_qty_pct": [0.05, 1],
                         "short_close_trailing_grid_ratio": [-1, 1],
                         "short_close_trailing_qty_pct": [0.05, 1],
                         "short_close_trailing_retracement_pct": [0, 0.1],
                         "short_close_trailing_threshold_pct": [-0.1, 0.1],
                         "short_ema_span_0": [200, 1440],
                         "short_ema_span_1": [200, 1440],
                         "short_entry_grid_double_down_factor": [0.1, 3],
                         "short_entry_grid_spacing_pct": [0.001, 0.12],
                         "short_entry_grid_spacing_weight": [0, 10],
                         "short_entry_initial_ema_dist": [-0.1, 0.003],
                         "short_entry_initial_qty_pct": [0.005, 0.1],
                         "short_entry_trailing_grid_ratio": [-1, 1],
                         "short_entry_trailing_retracement_pct": [0, 0.1],
                         "short_entry_trailing_threshold_pct": [-0.1, 0.1],
                         "short_filter_relative_volume_clip_pct": [0, 1],
                         "short_filter_rolling_window": [10, 1440],
                         "short_n_positions": [1, 1],
                         "short_total_wallet_exposure_limit": [1, 1],
                         "short_unstuck_close_pct": [0.001, 0.1],
                         "short_unstuck_ema_dist": [-0.1, 0.01],
                         "short_unstuck_loss_allowance_pct": [0, 0.05],