{"analysis": {"adg": 0.0007905870083968146,
              "drawdown_worst": 0.1902389233761741,
              "equity_balance_diff_max": 0.16204978349697016,
              "equity_balance_diff_mean": 0.0012614503956932424,
              "loss_profit_ratio": 0.5415433624474145,
              "mdg": 0.0003602902987648427,
              "n_iters": 9477,
              "sharpe_ratio": 0.17111382655724294,
              "w_0": -0.0003602902987648427,
              "w_1": -0.17111382655724294},
 "backtest": {"base_dir": "backtests",
              "end_date": "now",
              "exchange": "binance",
              "start_date": "2021-05-01",
              "starting_balance": 100000,
              "symbols": ["HBARUSDT"]},
 "bot": {"long": {"close_grid_markup_range": 0.05799336531654707,
                  "close_grid_min_markup": 0.018187419672437213,
                  "close_grid_qty_pct": 0.6649962512698099,
                  "close_trailing_grid_ratio": -0.9441153297844825,
                  "close_trailing_qty_pct": 0.9980670579195079,
                  "close_trailing_retracement_pct": 0.07253057967814983,
                  "close_trailing_threshold_pct": -0.041765415580045546,
                  "ema_span_0": 419.5569878925953,
                  "ema_span_1": 835.8154888547489,
                  "entry_grid_double_down_factor": 0.9072661361202423,
                  "entry_grid_spacing_pct": 0.07701317896443305,
                  "entry_grid_spacing_weight": 6.488923187165186,
                  "entry_initial_ema_dist": -0.04098741531086661,
                  "entry_initial_qty_pct": 0.027794639278011936,
                  "entry_trailing_grid_ratio": -0.4088873719400733,
                  "entry_trailing_retracement_pct": 0.08453167743044718,
                  "entry_trailing_threshold_pct": -0.08935577534087648,
                  "filter_relative_volume_clip_pct": 0.7469247639441594,
                  "filter_rolling_window": 452.6792744669842,
                  "n_positions": 1.0,
                  "total_wallet_exposure_limit": 2.5,
                  "unstuck_close_pct": 0.039380270774969486,
                  "unstuck_ema_dist": -0.08818588690761037,
                  "unstuck_loss_allowance_pct": 0.040869960743099676,
                  "unstuck_threshold": 0.8135040836563495},
         "short": {"close_grid_markup_range": 0.007947153545774648,
                   "close_grid_min_markup": 0.004594658243721845,
                   "close_grid_qty_pct": 0.9840180847702622,
                   "close_trailing_grid_ratio": -0.2698526791757032,
                   "close_trailing_qty_pct": 0.12759787814747184,
                   "close_trailing_retracement_pct": 0.061987034046331824,
                   "close_trailing_threshold_pct": -0.05828298248429202,
                   "ema_span_0": 967.6733461821775,
                   "ema_span_1": 844.9889666510499,
                   "entry_grid_double_down_factor": 2.215648574034252,
                   "entry_grid_spacing_pct": 0.025065853849434827,
                   "entry_grid_spacing_weight": 6.864156711152827,
                   "entry_initial_ema_dist": -0.020038623037661612,
                   "entry_initial_qty_pct": 0.02762910932253326,
                   "entry_trailing_grid_ratio": 0.40434208051982584,
                   "entry_trailing_retracement_pct": 0.08865854233143022,
                   "entry_trailing_threshold_pct": 0.007989533984943509,
                   "filter_relative_volume_clip_pct": 0.28062309870739804,
                   "filter_rolling_window": 605.9664374220773,
                   "n_positions": 1.0,
                   "total_wallet_exposure_limit": 1.0,
                   "unstuck_close_pct": 0.020397473442582775,
                   "unstuck_ema_dist": -0.052386439704815484,
                   "unstuck_loss_allowance_pct": 0.007114192946270317,
                   "unstuck_threshold": 0.583556196247935}},
 "live": {"approved_coins": ["HBARUSDT"],
          "auto_gs": true,
          "coin_flags": {},
          "execution_delay_seconds": 2,
          "filter_by_min_effective_cost": true,
          "forced_mode_long": "",
          "forced_mode_short": "",
          "ignored_coins": [],
          "leverage": 10,
          "max_n_cancellations_per_batch": 5,
          "max_n_creations_per_batch": 3,
          "minimum_coin_age_days": 30,
          "ohlcv_rolling_window": 60,
          "pnls_max_lookback_days": 30,
          "price_distance_threshold": 0.002,
          "relative_volume_filter_clip_pct": 0.5,
          "time_in_force": "good_till_cancelled",
          "user": "hyperliquid_v7"},
 "optimize": {"bounds": {"long_close_grid_markup_range": [0, 0.06],
                         "long_close_grid_min_markup": [0.001, 0.06],
                         "long_close_grid_qty_pct": [0.05, 1],
                         "long_close_trailing_grid_ratio": [-1, 1],
                         "long_close_trailing_qty_pct": [0.05, 1],
                         "long_close_trailing_retracement_pct": [0, 0.3],
                         "long_close_trailing_threshold_pct": [-0.1, 0.1],
                         "long_ema_span_0": [200, 1440],
                         "long_ema_span_1": [200, 1440],
                         "long_entry_grid_double_down_factor": [0.1, 3],
                         "long_entry_grid_spacing_pct": [0.001, 0.12],
                         "long_entry_grid_spacing_weight": [0, 10],
                         "long_entry_initial_ema_dist": [-0.1, 0.003],
                         "long_entry_initial_qty_pct": [0.005, 0.1],
                         "long_entry_trailing_grid_ratio": [-1, 1],
                         "long_entry_trailing_retracement_pct": [0, 0.1],
                         "long_entry_trailing_threshold_pct": [-0.1, 0.1],
                         "long_filter_relative_volume_clip_pct": [0.0, 1.0],
                         "long_filter_rolling_window": [10.0, 1440.0],
                         "long_n_positions": [1.0, 1.0],
                         "long_total_wallet_exposure_limit": [2.5, 2.5],
                         "long_unstuck_close_pct": [0.001, 0.1],
                         "long_unstuck_ema_dist": [-0.1, 0.01],
                         "long_unstuck_loss_allowance_pct": [0, 0.05],
                         "long_unstuck_threshold": [0.4, 0.95],
                         "short_close_grid_markup_range": [0, 0.03],
                         "short_close_grid_min_markup": [0.001, 0.03],
                         "short_close_grid_qty_pct": [0.05, 1],
                         "short_close_trailing_grid_ratio": [-1, 1],
                         "short_close_trailing_qty_pct": [0.05, 1],
                         "short_close_trailing_retracement_pct": [0, 0.1],
                         "short_close_trailing_threshold_pct": [-0.1, 0.1],
                         "short_ema_span_0": [200, 1440],
                         "short_ema_span_1": [200, 1440],
                         "short_entry_grid_double_down_factor": [0.1, 3],
                         "short_entry_grid_spacing_pct": [0.001, 0.12],
                         "short_entry_grid_spacing_weight": [0, 10],
                         "short_entry_initial_ema_dist": [-0.1, 0.003],
                         "short_entry_initial_qty_pct": [0.005, 0.1],
                         "short_entry_trailing_grid_ratio": [-1, 1],
                         "short_entry_trailing_retracement_pct": [0, 0.1],
                         "short_entry_trailing_threshold_pct": [-0.1, 0.1],
                         "short_filter_relative_volume_clip_pct": [0.0, 1.0],
                         "short_filter_rolling_window": [10.0, 1440.0],
                         "short_n_positions": [1.0, 1.0],
                         "short_total_wallet_exposure_limit": [1.0, 1.0],
                         "short_unstuck_close_pct": [0.001, 0.1],
                         "short_unstuck_ema_dist": [-0.1, 0.01],