{"analysis": {"adg": 0.0009402093316544805,
              "drawdown_worst": 0.20030036712864088,
              "equity_balance_diff_max": 0.18221853293905643,
              "equity_balance_diff_mean": 0.0025635460671655508,
              "loss_profit_ratio": 0.44036989364567286,
              "mdg": 0.0008747750627930759,
              "n_iters": 9469,
              "sharpe_ratio": 0.12292379067883616,
              "w_0": -0.0008747750627930759,
              "w_1": -0.12292379067883616},
 "backtest": {"base_dir": "backtests",
              "end_date": "now",
              "exchange": "binance",
              "start_date": "2021-05-01",
              "starting_balance": 100000,
              "symbols": ["IMXUSDT"]},
 "bot": {"long": {"close_grid_markup_range": 0.028522474806902072,
                  "close_grid_min_markup": 0.0323310077136944,
                  "close_grid_qty_pct": 0.2783884023535096,
                  "close_trailing_grid_ratio": 0.4866767429142274,
                  "close_trailing_qty_pct": 0.16306838367420975,
                  "close_trailing_retracement_pct": 0.006925374397304798,
                  "close_trailing_threshold_pct": 0.00833502071606293,
                  "ema_span_0": 881.9304024092966,
                  "ema_span_1": 400.4231897648994,
                  "entry_grid_double_down_factor": 1.8376710286021825,
                  "entry_grid_spacing_pct": 0.10846917179772914,
                  "entry_grid_spacing_weight": 3.2767006175856386,
                  "entry_initial_ema_dist": -0.006509025083102017,
                  "entry_initial_qty_pct": 0.019495295422228352,
                  "entry_trailing_grid_ratio": -0.09812599953785117,
                  "entry_trailing_retracement_pct": 0.0931316060827844,
                  "entry_trailing_threshold_pct": -0.03256981553113871,
                  "filter_relative_volume_clip_pct": 0.6585549939930363,
                  "filter_rolling_window": 96.70791580665639,
                  "n_positions": 1,
                  "total_wallet_exposure_limit": 2.5,
                  "unstuck_close_pct": 0.05838777105182534,
                  "unstuck_ema_dist": -0.023448564533950663,
                  "unstuck_loss_allowance_pct": 0.01870741867044217,
                  "unstuck_threshold": 0.8404695993021045},
         "short": {"close_grid_markup_range": 0.002279927153601868,
                   "close_grid_min_markup": 0.009365034174994652,
                   "close_grid_qty_pct": 0.254170328723635,
                   "close_trailing_grid_ratio": 0.2718367084866872,
                   "close_trailing_qty_pct": 0.4949037371265887,
                   "close_trailing_retracement_pct": 0.053140270698938556,
                   "close_trailing_threshold_pct": -0.022665392580892892,
                   "ema_span_0": 887.1596243666323,
                   "ema_span_1": 1223.8867098157364,
                   "entry_grid_double_down_factor": 1.0032977837795647,
                   "entry_grid_spacing_pct": 0.044243928512253027,
                   "entry_grid_spacing_weight": 0.5417913802123612,
                   "entry_initial_ema_dist": -0.054172817395313384,
                   "entry_initial_qty_pct": 0.014103551675674265,
                   "entry_trailing_grid_ratio": 0.44121262311770093,
                   "entry_trailing_retracement_pct": 0.006002192431810133,
                   "entry_trailing_threshold_pct": 0.07996065665156477,
                   "filter_relative_volume_clip_pct": 0.8539442966501611,
                   "filter_rolling_window": 400.33599997086446,
                   "n_positions": 1,
                   "total_wallet_exposure_limit": 1,
                   "unstuck_close_pct": 0.04438786457410683,
                   "unstuck_ema_dist": -0.032199344656108145,
                   "unstuck_loss_allowance_pct": 0.01039927163930307,
                   "unstuck_threshold": 0.7080584029399651}},
 "live": {"approved_coins": ["IMXUSDT"],
          "auto_gs": true,
          "coin_flags": {},
          "execution_delay_seconds": 2,
          "filter_by_min_effective_cost": true,
          "forced_mode_long": "",
          "forced_mode_short": "",
          "ignored_coins": [],
          "leverage": 10,
          "max_n_cancellations_per_batch": 5,
          "max_n_creations_per_batch": 3,
          "minimum_coin_age_days": 30,
          "ohlcv_rolling_window": 60,
          "pnls_max_lookback_days": 30,
          "price_distance_threshold": 0.002,
          "relative_volume_filter_clip_pct": 0.5,
          "time_in_force": "good_till_cancelled",
          "user": "hyperliquid_v7"},
 "optimize": {"bounds": {"long_close_grid_markup_range": [0, 0.06],
                         "long_close_grid_min_markup": [0.001, 0.06],
                         "long_close_grid_qty_pct": [0.05, 1],
                         "long_close_trailing_grid_ratio": [-1, 1],
                         "long_close_trailing_qty_pct": [0.05, 1],
                         "long_close_trailing_retracement_pct": [0, 0.3],
                         "long_close_trailing_threshold_pct": [-0.1, 0.1],
                         "long_ema_span_0": [200, 1440],
                         "long_ema_span_1": [200, 1440],
                         "long_entry_grid_double_down_factor": [0.1, 3],
                         "long_entry_grid_spacing_pct": [0.001, 0.12],
                         "long_entry_grid_spacing_weight": [0, 10],
                         "long_entry_initial_ema_dist": [-0.1, 0.003],
                         "long_entry_initial_qty_pct": [0.005, 0.1],
                         "long_entry_trailing_grid_ratio": [-1, 1],
                         "long_entry_trailing_retracement_pct": [0, 0.1],
                         "long_entry_trailing_threshold_pct": [-0.1, 0.1],
                         "long_filter_relative_volume_clip_pct": [0, 1],
                         "long_filter_rolling_window": [10, 1440],
                         "long_n_positions": [1, 1],
                         "long_total_wallet_exposure_limit": [2.5, 2.5],
                         "long_unstuck_close_pct": [0.001, 0.1],
                         "long_unstuck_ema_dist": [-0.1, 0.01],
                         "long_unstuck_loss_allowance_pct": [0, 0.05],
                         "long_unstuck_threshold": [0.4, 0.95],
                         "short_close_grid_markup_range": [0, 0.03],
                         "short_close_grid_min_markup": [0.001, 0.03],
                         "short_close_grid_qty_pct": [0.05, 1],
                         "short_close_trailing_grid_ratio": [-1, 1],
                         "short_close_trailing_qty_pct": [0.05, 1],
                         "short_close_trailing_retracement_pct": [0, 0.1],
                         "short_close_trailing_threshold_pct": [-0.1, 0.1],
                         "short_ema_span_0": [200, 1440],
                         "short_ema_span_1": [200, 1440],
                         "short_entry_grid_double_down_factor": [0.1, 3],
                         "short_entry_grid_spacing_pct": [0.001, 0.12],
                         "short_entry_grid_spacing_weight": [0, 10],
                         "short_entry_initial_ema_dist": [-0.1, 0.003],
                         "short_entry_initial_qty_pct": [0.005, 0.1],
                         "short_entry_trailing_grid_ratio": [-1, 1],
                         "short_entry_trailing_retracement_pct": [0, 0.1],
                         "short_entry_trailing_threshold_pct": [-0.1, 0.1],
                         "short_filter_relative_volume_clip_pct": [0, 1],
                         "short_filter_rolling_window": [10, 1440],
                         "short_n_positions": [1, 1],
                         "short_total_wallet_exposure_limit": [1, 1],
                         "short_unstuck_close_pct": [0.001, 0.1],
                         "short_unstuck_ema_dist": [-0.1, 0.01],
                         "short_unstuck_loss_allowance_pct": [0, 0.05],