{"analysis": {"adg": 0.0012333763950070685,
              "drawdown_worst": 0.16555288675712238,
              "equity_balance_diff_max": 0.1293703147392302,
              "equity_balance_diff_mean": 0.006594909214626268,
              "loss_profit_ratio": 0.23289568446298592,
              "mdg": 0.0009438540111531442,
              "n_iters": 9530,
              "sharpe_ratio": 0.1787666041330596,
              "w_0": -0.0009438540111531442,
              "w_1": -0.1787666041330596},
 "backtest": {"base_dir": "backtests",
              "end_date": "now",
              "exchange": "binance",
              "start_date": "2021-05-01",
              "starting_balance": 100000,
              "symbols": ["INJUSDT"]},
 "bot": {"long": {"close_grid_markup_range": 0.014866605830108886,
                  "close_grid_min_markup": 0.0022274013346983102,
                  "close_grid_qty_pct": 0.9375111239453213,
                  "close_trailing_grid_ratio": -0.005645652299168635,
                  "close_trailing_qty_pct": 0.5206309881720986,
                  "close_trailing_retracement_pct": 0.1884175505017784,
                  "close_trailing_threshold_pct": -0.08709343995286546,
                  "ema_span_0": 1023.7556299738931,
                  "ema_span_1": 1285.2666583297378,
                  "entry_grid_double_down_factor": 0.1282577684861601,
                  "entry_grid_spacing_pct": 0.07438544992085315,
                  "entry_grid_spacing_weight": 4.797207567058603,
                  "entry_initial_ema_dist": -0.013667802382609995,
                  "entry_initial_qty_pct": 0.026568464031462492,
                  "entry_trailing_grid_ratio": -0.49226051299697166,
                  "entry_trailing_retracement_pct": 0.05509910393726392,
                  "entry_trailing_threshold_pct": 0.04269639318303481,
                  "filter_relative_volume_clip_pct": 0.43282939694710587,
                  "filter_rolling_window": 145.17846529323043,
                  "n_positions": 1.0,
                  "total_wallet_exposure_limit": 2.5,
                  "unstuck_close_pct": 0.099688835986287,
                  "unstuck_ema_dist": -0.06657280256882293,
                  "unstuck_loss_allowance_pct": 0.04855248680480974,
                  "unstuck_threshold": 0.853572134687318},
         "short": {"close_grid_markup_range": 0.009381913715912654,
                   "close_grid_min_markup": 0.017679918671316283,
                   "close_grid_qty_pct": 0.7035066847483153,
                   "close_trailing_grid_ratio": 0.0844233968443312,
                   "close_trailing_qty_pct": 0.46346451813106637,
                   "close_trailing_retracement_pct": 0.08899362261281474,
                   "close_trailing_threshold_pct": -0.07021111061483344,
                   "ema_span_0": 1080.9823905199557,
                   "ema_span_1": 1295.0559695325096,
                   "entry_grid_double_down_factor": 1.4572705516394913,
                   "entry_grid_spacing_pct": 0.07855277670558942,
                   "entry_grid_spacing_weight": 9.587745016414454,
                   "entry_initial_ema_dist": -0.07540617789373523,
                   "entry_initial_qty_pct": 0.00768256385501479,
                   "entry_trailing_grid_ratio": -0.6024955119504731,
                   "entry_trailing_retracement_pct": 0.061573226956306404,
                   "entry_trailing_threshold_pct": 0.011167972808643623,
                   "filter_relative_volume_clip_pct": 0.6087707355880742,
                   "filter_rolling_window": 860.2530820452992,
                   "n_positions": 1.0,
                   "total_wallet_exposure_limit": 1.0,
                   "unstuck_close_pct": 0.021751645908003457,
                   "unstuck_ema_dist": -0.03824744645288967,
                   "unstuck_loss_allowance_pct": 0.027304159337319944,
                   "unstuck_threshold": 0.6147855068044316}},
 "live": {"approved_coins": ["INJUSDT"],
          "auto_gs": true,
          "coin_flags": {},
          "execution_delay_seconds": 2,
          "filter_by_min_effective_cost": true,
          "forced_mode_long": "",
          "forced_mode_short": "",
          "ignored_coins": [],
          "leverage": 10,
          "max_n_cancellations_per_batch": 5,
          "max_n_creations_per_batch": 3,
          "minimum_coin_age_days": 30,
          "ohlcv_rolling_window": 60,
          "pnls_max_lookback_days": 30,
          "price_distance_threshold": 0.002,
          "relative_volume_filter_clip_pct": 0.5,
          "time_in_force": "good_till_cancelled",
          "user": "hyperliquid_v7"},
 "optimize": {"bounds": {"long_close_grid_markup_range": [0, 0.06],
                         "long_close_grid_min_markup": [0.001, 0.06],
                         "long_close_grid_qty_pct": [0.05, 1],
                         "long_close_trailing_grid_ratio": [-1, 1],
                         "long_close_trailing_qty_pct": [0.05, 1],
                         "long_close_trailing_retracement_pct": [0, 0.3],
                         "long_close_trailing_threshold_pct": [-0.1, 0.1],
                         "long_ema_span_0": [200, 1440],
                         "long_ema_span_1": [200, 1440],
                         "long_entry_grid_double_down_factor": [0.1, 3],
                         "long_entry_grid_spacing_pct": [0.001, 0.12],
                         "long_entry_grid_spacing_weight": [0, 10],
                         "long_entry_initial_ema_dist": [-0.1, 0.003],
                         "long_entry_initial_qty_pct": [0.005, 0.1],
                         "long_entry_trailing_grid_ratio": [-1, 1],
                         "long_entry_trailing_retracement_pct": [0, 0.1],
                         "long_entry_trailing_threshold_pct": [-0.1, 0.1],
                         "long_filter_relative_volume_clip_pct": [0.0, 1.0],
                         "long_filter_rolling_window": [10.0, 1440.0],
                         "long_n_positions": [1.0, 1.0],
                         "long_total_wallet_exposure_limit": [2.5, 2.5],
                         "long_unstuck_close_pct": [0.001, 0.1],
                         "long_unstuck_ema_dist": [-0.1, 0.01],
                         "long_unstuck_loss_allowance_pct": [0, 0.05],
                         "long_unstuck_threshold": [0.4, 0.95],
                         "short_close_grid_markup_range": [0, 0.03],
                         "short_close_grid_min_markup": [0.001, 0.03],
                         "short_close_grid_qty_pct": [0.05, 1],
                         "short_close_trailing_grid_ratio": [-1, 1],
                         "short_close_trailing_qty_pct": [0.05, 1],
                         "short_close_trailing_retracement_pct": [0, 0.1],
                         "short_close_trailing_threshold_pct": [-0.1, 0.1],
                         "short_ema_span_0": [200, 1440],
                         "short_ema_span_1": [200, 1440],
                         "short_entry_grid_double_down_factor": [0.1, 3],
                         "short_entry_grid_spacing_pct": [0.001, 0.12],
                         "short_entry_grid_spacing_weight": [0, 10],
                         "short_entry_initial_ema_dist": [-0.1, 0.003],
                         "short_entry_initial_qty_pct": [0.005, 0.1],
                         "short_entry_trailing_grid_ratio": [-1, 1],
                         "short_entry_trailing_retracement_pct": [0, 0.1],
                         "short_entry_trailing_threshold_pct": [-0.1, 0.1],
                         "short_filter_relative_volume_clip_pct": [0.0, 1.0],
                         "short_filter_rolling_window": [10.0, 1440.0],
                         "short_n_positions": [1.0, 1.0],
                         "short_total_wallet_exposure_limit": [1.0, 1.0],
                         "short_unstuck_close_pct": [0.001, 0.1],
                         "short_unstuck_ema_dist": [-0.1, 0.01],