{"analysis": {"adg": 0.006729514947657916,
              "drawdown_worst": 0.23689590465136345,
              "equity_balance_diff_max": 0.2704278224916529,
              "equity_balance_diff_mean": 0.008284277031523544,
              "loss_profit_ratio": 0.028708818776464026,
              "mdg": 0.005627227467504837,
              "n_iters": 9519,
              "sharpe_ratio": 0.3899583040129781,
              "w_0": -0.005627227467504837,
              "w_1": -0.3899583040129781},
 "backtest": {"base_dir": "backtests",
              "end_date": "now",
              "exchange": "binance",
              "start_date": "2021-05-01",
              "starting_balance": 100000,
              "symbols": ["IOUSDT"]},
 "bot": {"long": {"close_grid_markup_range": 0.009182507786401645,
                  "close_grid_min_markup": 0.0570690184968812,
                  "close_grid_qty_pct": 0.40030321133026003,
                  "close_trailing_grid_ratio": 0.9180235315107684,
                  "close_trailing_qty_pct": 0.7114385271249943,
                  "close_trailing_retracement_pct": 0.08006742177483982,
                  "close_trailing_threshold_pct": -0.03400501154603598,
                  "ema_span_0": 417.20680812179,
                  "ema_span_1": 877.2893907511709,
                  "entry_grid_double_down_factor": 0.3278939409209327,
                  "entry_grid_spacing_pct": 0.10257050102719764,
                  "entry_grid_spacing_weight": 7.217320937700111,
                  "entry_initial_ema_dist": -0.03744021935296667,
                  "entry_initial_qty_pct": 0.005167762958005992,
                  "entry_trailing_grid_ratio": -0.6098056691882835,
                  "entry_trailing_retracement_pct": 0.07365324671376801,
                  "entry_trailing_threshold_pct": 0.06936331769345824,
                  "filter_relative_volume_clip_pct": 0.31111967863503315,
                  "filter_rolling_window": 701.3401497527641,
                  "n_positions": 1,
                  "total_wallet_exposure_limit": 2.5,
                  "unstuck_close_pct": 0.08535466422255053,
                  "unstuck_ema_dist": -0.03512955031804005,
                  "unstuck_loss_allowance_pct": 0.02682585084620495,
                  "unstuck_threshold": 0.6498989461872996},
         "short": {"close_grid_markup_range": 0.02438246274178913,
                   "close_grid_min_markup": 0.004588214421109346,
                   "close_grid_qty_pct": 0.740374333053217,
                   "close_trailing_grid_ratio": 0.0491898039796671,
                   "close_trailing_qty_pct": 0.2103080312797122,
                   "close_trailing_retracement_pct": 0.06431588538106611,
                   "close_trailing_threshold_pct": -0.07827430076667632,
                   "ema_span_0": 1385.6266873650445,
                   "ema_span_1": 358.7817582122511,
                   "entry_grid_double_down_factor": 2.422387337896364,
                   "entry_grid_spacing_pct": 0.057032941982851915,
                   "entry_grid_spacing_weight": 2.670915415820393,
                   "entry_initial_ema_dist": -0.006535026367302379,
                   "entry_initial_qty_pct": 0.0906162482428838,
                   "entry_trailing_grid_ratio": -0.014069338102135953,
                   "entry_trailing_retracement_pct": 0.03825743113487169,
                   "entry_trailing_threshold_pct": 0.07360508804467028,
                   "filter_relative_volume_clip_pct": 0.8834764479664765,
                   "filter_rolling_window": 1242.9621716074262,
                   "n_positions": 1,
                   "total_wallet_exposure_limit": 1,
                   "unstuck_close_pct": 0.026285617223104882,
                   "unstuck_ema_dist": 0.003153384330421824,
                   "unstuck_loss_allowance_pct": 0.03322839811917278,
                   "unstuck_threshold": 0.4270115417073823}},
 "live": {"approved_coins": ["IOUSDT"],
          "auto_gs": true,
          "coin_flags": {},
          "execution_delay_seconds": 2,
          "filter_by_min_effective_cost": true,
          "forced_mode_long": "",
          "forced_mode_short": "",
          "ignored_coins": [],
          "leverage": 10,
          "max_n_cancellations_per_batch": 5,
          "max_n_creations_per_batch": 3,
          "minimum_coin_age_days": 30,
          "ohlcv_rolling_window": 60,
          "pnls_max_lookback_days": 30,
          "price_distance_threshold": 0.002,
          "relative_volume_filter_clip_pct": 0.5,
          "time_in_force": "good_till_cancelled",
          "user": "hyperliquid_v7"},
 "optimize": {"bounds": {"long_close_grid_markup_range": [0, 0.06],
                         "long_close_grid_min_markup": [0.001, 0.06],
                         "long_close_grid_qty_pct": [0.05, 1],
                         "long_close_trailing_grid_ratio": [-1, 1],
                         "long_close_trailing_qty_pct": [0.05, 1],
                         "long_close_trailing_retracement_pct": [0, 0.3],
                         "long_close_trailing_threshold_pct": [-0.1, 0.1],
                         "long_ema_span_0": [200, 1440],
                         "long_ema_span_1": [200, 1440],
                         "long_entry_grid_double_down_factor": [0.1, 3],
                         "long_entry_grid_spacing_pct": [0.001, 0.12],
                         "long_entry_grid_spacing_weight": [0, 10],
                         "long_entry_initial_ema_dist": [-0.1, 0.003],
                         "long_entry_initial_qty_pct": [0.005, 0.1],
                         "long_entry_trailing_grid_ratio": [-1, 1],
                         "long_entry_trailing_retracement_pct": [0, 0.1],
                         "long_entry_trailing_threshold_pct": [-0.1, 0.1],
                         "long_filter_relative_volume_clip_pct": [0, 1],
                         "long_filter_rolling_window": [10, 1440],
                         "long_n_positions": [1, 1],
                         "long_total_wallet_exposure_limit": [2.5, 2.5],
                         "long_unstuck_close_pct": [0.001, 0.1],
                         "long_unstuck_ema_dist": [-0.1, 0.01],
                         "long_unstuck_loss_allowance_pct": [0, 0.05],
                         "long_unstuck_threshold": [0.4, 0.95],
                         "short_close_grid_markup_range": [0, 0.03],
                         "short_close_grid_min_markup": [0.001, 0.03],
                         "short_close_grid_qty_pct": [0.05, 1],
                         "short_close_trailing_grid_ratio": [-1, 1],
                         "short_close_trailing_qty_pct": [0.05, 1],
                         "short_close_trailing_retracement_pct": [0, 0.1],
                         "short_close_trailing_threshold_pct": [-0.1, 0.1],
                         "short_ema_span_0": [200, 1440],
                         "short_ema_span_1": [200, 1440],
                         "short_entry_grid_double_down_factor": [0.1, 3],
                         "short_entry_grid_spacing_pct": [0.001, 0.12],
                         "short_entry_grid_spacing_weight": [0, 10],
                         "short_entry_initial_ema_dist": [-0.1, 0.003],
                         "short_entry_initial_qty_pct": [0.005, 0.1],
                         "short_entry_trailing_grid_ratio": [-1, 1],
                         "short_entry_trailing_retracement_pct": [0, 0.1],
                         "short_entry_trailing_threshold_pct": [-0.1, 0.1],
                         "short_filter_relative_volume_clip_pct": [0, 1],
                         "short_filter_rolling_window": [10, 1440],
                         "short_n_positions": [1, 1],
                         "short_total_wallet_exposure_limit": [1, 1],
                         "short_unstuck_close_pct": [0.001, 0.1],
                         "short_unstuck_ema_dist": [-0.1, 0.01],
                         "short_unstuck_loss_allowance_pct": [0, 0.05],