{"analysis": {"adg": 0.0030674972799247234,
              "drawdown_worst": 0.17370325875265444,
              "equity_balance_diff_max": 0.1899464660949631,
              "equity_balance_diff_mean": 0.008920035260000007,
              "loss_profit_ratio": 0.1524000296764013,
              "mdg": 0.0028683762335989845,
              "n_iters": 9492,
              "sharpe_ratio": 0.2705375847043394,
              "w_0": -0.0028683762335989845,
              "w_1": -0.2705375847043394},
 "backtest": {"base_dir": "backtests",
              "end_date": "now",
              "exchange": "binance",
              "start_date": "2021-05-01",
              "starting_balance": 100000,
              "symbols": ["JTOUSDT"]},
 "bot": {"long": {"close_grid_markup_range": 0.02601067900759642,
                  "close_grid_min_markup": 0.023272550480837588,
                  "close_grid_qty_pct": 0.3417449063751066,
                  "close_trailing_grid_ratio": -0.9439554520788905,
                  "close_trailing_qty_pct": 0.3272287360480774,
                  "close_trailing_retracement_pct": 0.029626046629696742,
                  "close_trailing_threshold_pct": -0.03758811141793825,
                  "ema_span_0": 697.302678186383,
                  "ema_span_1": 512.0726318628723,
                  "entry_grid_double_down_factor": 2.8439056618929084,
                  "entry_grid_spacing_pct": 0.026593523517538735,
                  "entry_grid_spacing_weight": 8.005787931651899,
                  "entry_initial_ema_dist": -0.003620204099883305,
                  "entry_initial_qty_pct": 0.02862888181218768,
                  "entry_trailing_grid_ratio": -0.32141785853783156,
                  "entry_trailing_retracement_pct": 0.08168904802483741,
                  "entry_trailing_threshold_pct": -0.005788535924486605,
                  "filter_relative_volume_clip_pct": 0.9762964792520212,
                  "filter_rolling_window": 140.83440081747614,
                  "n_positions": 1,
                  "total_wallet_exposure_limit": 2.5,
                  "unstuck_close_pct": 0.047715965221408294,
                  "unstuck_ema_dist": -0.051371394644067675,
                  "unstuck_loss_allowance_pct": 0.033016315981789085,
                  "unstuck_threshold": 0.6978421566983056},
         "short": {"close_grid_markup_range": 0.023787616010943192,
                   "close_grid_min_markup": 0.0231706865588575,
                   "close_grid_qty_pct": 0.20604213707504107,
                   "close_trailing_grid_ratio": -0.40444749518651085,
                   "close_trailing_qty_pct": 0.057390834854852635,
                   "close_trailing_retracement_pct": 0.015506763716229796,
                   "close_trailing_threshold_pct": 0.052089849640985786,
                   "ema_span_0": 1225.4552077070418,
                   "ema_span_1": 1340.1412605935775,
                   "entry_grid_double_down_factor": 1.6583106631625066,
                   "entry_grid_spacing_pct": 0.058812533808390216,
                   "entry_grid_spacing_weight": 7.983068782808082,
                   "entry_initial_ema_dist": -0.012320226020396667,
                   "entry_initial_qty_pct": 0.009960312677202722,
                   "entry_trailing_grid_ratio": 0.5408399763445472,
                   "entry_trailing_retracement_pct": 0.03240688560438075,
                   "entry_trailing_threshold_pct": 0.08611967759987219,
                   "filter_relative_volume_clip_pct": 0.9963369851527533,
                   "filter_rolling_window": 1084.389229740592,
                   "n_positions": 1,
                   "total_wallet_exposure_limit": 1,
                   "unstuck_close_pct": 0.07578119733872993,
                   "unstuck_ema_dist": -0.09002113072657623,
                   "unstuck_loss_allowance_pct": 0.003073990193188767,
                   "unstuck_threshold": 0.8441285163518979}},
 "live": {"approved_coins": ["JTOUSDT"],
          "auto_gs": true,
          "coin_flags": {},
          "execution_delay_seconds": 2,
          "filter_by_min_effective_cost": true,
          "forced_mode_long": "",
          "forced_mode_short": "",
          "ignored_coins": [],
          "leverage": 10,
          "max_n_cancellations_per_batch": 5,
          "max_n_creations_per_batch": 3,
          "minimum_coin_age_days": 30,
          "ohlcv_rolling_window": 60,
          "pnls_max_lookback_days": 30,
          "price_distance_threshold": 0.002,
          "relative_volume_filter_clip_pct": 0.5,
          "time_in_force": "good_till_cancelled",
          "user": "hyperliquid_v7"},
 "optimize": {"bounds": {"long_close_grid_markup_range": [0, 0.06],
                         "long_close_grid_min_markup": [0.001, 0.06],
                         "long_close_grid_qty_pct": [0.05, 1],
                         "long_close_trailing_grid_ratio": [-1, 1],
                         "long_close_trailing_qty_pct": [0.05, 1],
                         "long_close_trailing_retracement_pct": [0, 0.3],
                         "long_close_trailing_threshold_pct": [-0.1, 0.1],
                         "long_ema_span_0": [200, 1440],
                         "long_ema_span_1": [200, 1440],
                         "long_entry_grid_double_down_factor": [0.1, 3],
                         "long_entry_grid_spacing_pct": [0.001, 0.12],
                         "long_entry_grid_spacing_weight": [0, 10],
                         "long_entry_initial_ema_dist": [-0.1, 0.003],
                         "long_entry_initial_qty_pct": [0.005, 0.1],
                         "long_entry_trailing_grid_ratio": [-1, 1],
                         "long_entry_trailing_retracement_pct": [0, 0.1],
                         "long_entry_trailing_threshold_pct": [-0.1, 0.1],
                         "long_filter_relative_volume_clip_pct": [0, 1],
                         "long_filter_rolling_window": [10, 1440],
                         "long_n_positions": [1, 1],
                         "long_total_wallet_exposure_limit": [2.5, 2.5],
                         "long_unstuck_close_pct": [0.001, 0.1],
                         "long_unstuck_ema_dist": [-0.1, 0.01],
                         "long_unstuck_loss_allowance_pct": [0, 0.05],
                         "long_unstuck_threshold": [0.4, 0.95],
                         "short_close_grid_markup_range": [0, 0.03],
                         "short_close_grid_min_markup": [0.001, 0.03],
                         "short_close_grid_qty_pct": [0.05, 1],
                         "short_close_trailing_grid_ratio": [-1, 1],
                         "short_close_trailing_qty_pct": [0.05, 1],
                         "short_close_trailing_retracement_pct": [0, 0.1],
                         "short_close_trailing_threshold_pct": [-0.1, 0.1],
                         "short_ema_span_0": [200, 1440],
                         "short_ema_span_1": [200, 1440],
                         "short_entry_grid_double_down_factor": [0.1, 3],
                         "short_entry_grid_spacing_pct": [0.001, 0.12],
                         "short_entry_grid_spacing_weight": [0, 10],
                         "short_entry_initial_ema_dist": [-0.1, 0.003],
                         "short_entry_initial_qty_pct": [0.005, 0.1],
                         "short_entry_trailing_grid_ratio": [-1, 1],
                         "short_entry_trailing_retracement_pct": [0, 0.1],
                         "short_entry_trailing_threshold_pct": [-0.1, 0.1],
                         "short_filter_relative_volume_clip_pct": [0, 1],
                         "short_filter_rolling_window": [10, 1440],
                         "short_n_positions": [1, 1],
                         "short_total_wallet_exposure_limit": [1, 1],
                         "short_unstuck_close_pct": [0.001, 0.1],
                         "short_unstuck_ema_dist": [-0.1, 0.01],
                         "short_unstuck_loss_allowance_pct": [0, 0.05],