{"analysis": {"adg": 0.0022115391880650572,
              "drawdown_worst": 0.14992454774396424,
              "equity_balance_diff_max": 0.13458673992513315,
              "equity_balance_diff_mean": 0.007883178883402299,
              "loss_profit_ratio": 0.4660152951374168,
              "mdg": 0.001345748299929423,
              "n_iters": 9514,
              "sharpe_ratio": 0.24778480952971352,
              "w_0": -0.001345748299929423,
              "w_1": -0.24778480952971352},
 "backtest": {"base_dir": "backtests",
              "end_date": "now",
              "exchange": "binance",
              "start_date": "2021-05-01",
              "starting_balance": 100000,
              "symbols": ["JUPUSDT"]},
 "bot": {"long": {"close_grid_markup_range": 0.007834603279825126,
                  "close_grid_min_markup": 0.0038986758823842064,
                  "close_grid_qty_pct": 0.4627649044783273,
                  "close_trailing_grid_ratio": -0.8336203831683093,
                  "close_trailing_qty_pct": 0.6452971873702793,
                  "close_trailing_retracement_pct": 0.009941419597434076,
                  "close_trailing_threshold_pct": -0.057858518194410284,
                  "ema_span_0": 1098.5714808122102,
                  "ema_span_1": 538.3587593765467,
                  "entry_grid_double_down_factor": 1.6742416252799415,
                  "entry_grid_spacing_pct": 0.08454306720049438,
                  "entry_grid_spacing_weight": 1.8090472345617914,
                  "entry_initial_ema_dist": -0.022901566459970685,
                  "entry_initial_qty_pct": 0.06482802983852157,
                  "entry_trailing_grid_ratio": -0.6557136341607734,
                  "entry_trailing_retracement_pct": 0.012058841789565967,
                  "entry_trailing_threshold_pct": 0.06667964933589368,
                  "filter_relative_volume_clip_pct": 0.1329672792962161,
                  "filter_rolling_window": 1229.1185494096758,
                  "n_positions": 1.0,
                  "total_wallet_exposure_limit": 2.5,
                  "unstuck_close_pct": 0.05574708978775103,
                  "unstuck_ema_dist": -0.06557459585138048,
                  "unstuck_loss_allowance_pct": 0.005014118651044411,
                  "unstuck_threshold": 0.5866745655318761},
         "short": {"close_grid_markup_range": 0.016648985053376926,
                   "close_grid_min_markup": 0.005441570204808603,
                   "close_grid_qty_pct": 0.7762417937321998,
                   "close_trailing_grid_ratio": 0.8424901141245371,
                   "close_trailing_qty_pct": 0.34754823221074516,
                   "close_trailing_retracement_pct": 0.01922551602012398,
                   "close_trailing_threshold_pct": -0.06727318410600953,
                   "ema_span_0": 222.13868217868054,
                   "ema_span_1": 1091.7987076525365,
                   "entry_grid_double_down_factor": 0.32230264427680844,
                   "entry_grid_spacing_pct": 0.03394988834049839,
                   "entry_grid_spacing_weight": 7.073573290285906,
                   "entry_initial_ema_dist": -0.011400337813176481,
                   "entry_initial_qty_pct": 0.00798155832697198,
                   "entry_trailing_grid_ratio": -0.20680411458945414,
                   "entry_trailing_retracement_pct": 0.02163148444575932,
                   "entry_trailing_threshold_pct": -0.010436138575648374,
                   "filter_relative_volume_clip_pct": 0.6595709013295235,
                   "filter_rolling_window": 1127.2732887538818,
                   "n_positions": 1.0,
                   "total_wallet_exposure_limit": 1.0,
                   "unstuck_close_pct": 0.05392081737855009,
                   "unstuck_ema_dist": -0.014384329173560514,
                   "unstuck_loss_allowance_pct": 0.04123204933763321,
                   "unstuck_threshold": 0.587417040160107}},
 "live": {"approved_coins": ["JUPUSDT"],
          "auto_gs": true,
          "coin_flags": {},
          "execution_delay_seconds": 2,
          "filter_by_min_effective_cost": true,
          "forced_mode_long": "",
          "forced_mode_short": "",
          "ignored_coins": [],
          "leverage": 10,
          "max_n_cancellations_per_batch": 5,
          "max_n_creations_per_batch": 3,
          "minimum_coin_age_days": 30,
          "ohlcv_rolling_window": 60,
          "pnls_max_lookback_days": 30,
          "price_distance_threshold": 0.002,
          "relative_volume_filter_clip_pct": 0.5,
          "time_in_force": "good_till_cancelled",
          "user": "hyperliquid_v7"},
 "optimize": {"bounds": {"long_close_grid_markup_range": [0, 0.06],
                         "long_close_grid_min_markup": [0.001, 0.06],
                         "long_close_grid_qty_pct": [0.05, 1],
                         "long_close_trailing_grid_ratio": [-1, 1],
                         "long_close_trailing_qty_pct": [0.05, 1],
                         "long_close_trailing_retracement_pct": [0, 0.3],
                         "long_close_trailing_threshold_pct": [-0.1, 0.1],
                         "long_ema_span_0": [200, 1440],
                         "long_ema_span_1": [200, 1440],
                         "long_entry_grid_double_down_factor": [0.1, 3],
                         "long_entry_grid_spacing_pct": [0.001, 0.12],
                         "long_entry_grid_spacing_weight": [0, 10],
                         "long_entry_initial_ema_dist": [-0.1, 0.003],
                         "long_entry_initial_qty_pct": [0.005, 0.1],
                         "long_entry_trailing_grid_ratio": [-1, 1],
                         "long_entry_trailing_retracement_pct": [0, 0.1],
                         "long_entry_trailing_threshold_pct": [-0.1, 0.1],
                         "long_filter_relative_volume_clip_pct": [0.0, 1.0],
                         "long_filter_rolling_window": [10.0, 1440.0],
                         "long_n_positions": [1.0, 1.0],
                         "long_total_wallet_exposure_limit": [2.5, 2.5],
                         "long_unstuck_close_pct": [0.001, 0.1],
                         "long_unstuck_ema_dist": [-0.1, 0.01],
                         "long_unstuck_loss_allowance_pct": [0, 0.05],
                         "long_unstuck_threshold": [0.4, 0.95],
                         "short_close_grid_markup_range": [0, 0.03],
                         "short_close_grid_min_markup": [0.001, 0.03],
                         "short_close_grid_qty_pct": [0.05, 1],
                         "short_close_trailing_grid_ratio": [-1, 1],
                         "short_close_trailing_qty_pct": [0.05, 1],
                         "short_close_trailing_retracement_pct": [0, 0.1],
                         "short_close_trailing_threshold_pct": [-0.1, 0.1],
                         "short_ema_span_0": [200, 1440],
                         "short_ema_span_1": [200, 1440],
                         "short_entry_grid_double_down_factor": [0.1, 3],
                         "short_entry_grid_spacing_pct": [0.001, 0.12],
                         "short_entry_grid_spacing_weight": [0, 10],
                         "short_entry_initial_ema_dist": [-0.1, 0.003],
                         "short_entry_initial_qty_pct": [0.005, 0.1],
                         "short_entry_trailing_grid_ratio": [-1, 1],
                         "short_entry_trailing_retracement_pct": [0, 0.1],
                         "short_entry_trailing_threshold_pct": [-0.1, 0.1],
                         "short_filter_relative_volume_clip_pct": [0.0, 1.0],
                         "short_filter_rolling_window": [10.0, 1440.0],
                         "short_n_positions": [1.0, 1.0],
                         "short_total_wallet_exposure_limit": [1.0, 1.0],
                         "short_unstuck_close_pct": [0.001, 0.1],
                         "short_unstuck_ema_dist": [-0.1, 0.01],