{"analysis": {"adg": 0.0022115391880650572,
              "drawdown_worst": 0.14992454774396424,
              "equity_balance_diff_max": 0.13458673992513315,
              "equity_balance_diff_mean": 0.007883178883402299,
              "loss_profit_ratio": 0.4660152951374168,
              "mdg": 0.001345748299929423,
              "n_iters": 9514,
              "sharpe_ratio": 0.24778480952971352,
              "w_0": -0.001345748299929423,
              "w_1": -0.24778480952971352},
 "backtest": {"base_dir": "backtests",
              "end_date": "now",
              "exchange": "binance",
              "start_date": "2021-05-01",
              "starting_balance": 100000,
              "symbols": ["JUPUSDT"]},
 "bot": {"long": {"close_grid_markup_range": 0.018086306770682882,
                  "close_grid_min_markup": 0.0023249993365990584,
                  "close_grid_qty_pct": 0.27308655832310924,
                  "close_trailing_grid_ratio": -0.8853978241476754,
                  "close_trailing_qty_pct": 0.1858071988334434,
                  "close_trailing_retracement_pct": 0.004961320335582137,
                  "close_trailing_threshold_pct": -0.09254779422820801,
                  "ema_span_0": 754.5493782253695,
                  "ema_span_1": 315.13758393331165,
                  "entry_grid_double_down_factor": 1.357181413042991,
                  "entry_grid_spacing_pct": 0.06263935438038686,
                  "entry_grid_spacing_weight": 4.742074153804467,
                  "entry_initial_ema_dist": -0.0649698974900259,
                  "entry_initial_qty_pct": 0.029772889169200303,
                  "entry_trailing_grid_ratio": 0.06206936395426038,
                  "entry_trailing_retracement_pct": 0.042784000474487965,
                  "entry_trailing_threshold_pct": -0.07456068978679813,
                  "filter_relative_volume_clip_pct": 0.8059594405183709,
                  "filter_rolling_window": 85.5609830260201,
                  "n_positions": 1,
                  "total_wallet_exposure_limit": 2.5,
                  "unstuck_close_pct": 0.007095405912076072,
                  "unstuck_ema_dist": -0.07947027596834122,
                  "unstuck_loss_allowance_pct": 0.004445773664377194,
                  "unstuck_threshold": 0.9309994619785171},
         "short": {"close_grid_markup_range": 0.006159909774915985,
                   "close_grid_min_markup": 0.023683845956838687,
                   "close_grid_qty_pct": 0.9847508380270968,
                   "close_trailing_grid_ratio": 0.6304147734716941,
                   "close_trailing_qty_pct": 0.5470472480494967,
                   "close_trailing_retracement_pct": 0.0753543259384947,
                   "close_trailing_threshold_pct": -0.037109460928653006,
                   "ema_span_0": 1411.6854549303737,
                   "ema_span_1": 887.0413947280338,
                   "entry_grid_double_down_factor": 0.7149672907525338,
                   "entry_grid_spacing_pct": 0.05467630645192062,
                   "entry_grid_spacing_weight": 9.603497087745414,
                   "entry_initial_ema_dist": -0.03134808802290266,
                   "entry_initial_qty_pct": 0.006647227050403455,
                   "entry_trailing_grid_ratio": 0.536132412086652,
                   "entry_trailing_retracement_pct": 0.06392005650863838,
                   "entry_trailing_threshold_pct": 0.06696961614858532,
                   "filter_relative_volume_clip_pct": 0.28051890920468325,
                   "filter_rolling_window": 1075.1462076136359,
                   "n_positions": 1,
                   "total_wallet_exposure_limit": 1,
                   "unstuck_close_pct": 0.0965159180002128,
                   "unstuck_ema_dist": -0.04011744159455999,
                   "unstuck_loss_allowance_pct": 0.016246239056510355,
                   "unstuck_threshold": 0.4581319449107004}},
 "live": {"approved_coins": ["JUPUSDT"],
          "auto_gs": true,
          "coin_flags": {},
          "execution_delay_seconds": 2,
          "filter_by_min_effective_cost": true,
          "forced_mode_long": "",
          "forced_mode_short": "",
          "ignored_coins": [],
          "leverage": 10,
          "max_n_cancellations_per_batch": 5,
          "max_n_creations_per_batch": 3,
          "minimum_coin_age_days": 30,
          "ohlcv_rolling_window": 60,
          "pnls_max_lookback_days": 30,
          "price_distance_threshold": 0.002,
          "relative_volume_filter_clip_pct": 0.5,
          "time_in_force": "good_till_cancelled",
          "user": "hyperliquid_v7"},
 "optimize": {"bounds": {"long_close_grid_markup_range": [0, 0.06],
                         "long_close_grid_min_markup": [0.001, 0.06],
                         "long_close_grid_qty_pct": [0.05, 1],
                         "long_close_trailing_grid_ratio": [-1, 1],
                         "long_close_trailing_qty_pct": [0.05, 1],
                         "long_close_trailing_retracement_pct": [0, 0.3],
                         "long_close_trailing_threshold_pct": [-0.1, 0.1],
                         "long_ema_span_0": [200, 1440],
                         "long_ema_span_1": [200, 1440],
                         "long_entry_grid_double_down_factor": [0.1, 3],
                         "long_entry_grid_spacing_pct": [0.001, 0.12],
                         "long_entry_grid_spacing_weight": [0, 10],
                         "long_entry_initial_ema_dist": [-0.1, 0.003],
                         "long_entry_initial_qty_pct": [0.005, 0.1],
                         "long_entry_trailing_grid_ratio": [-1, 1],
                         "long_entry_trailing_retracement_pct": [0, 0.1],
                         "long_entry_trailing_threshold_pct": [-0.1, 0.1],
                         "long_filter_relative_volume_clip_pct": [0, 1],
                         "long_filter_rolling_window": [10, 1440],
                         "long_n_positions": [1, 1],
                         "long_total_wallet_exposure_limit": [2.5, 2.5],
                         "long_unstuck_close_pct": [0.001, 0.1],
                         "long_unstuck_ema_dist": [-0.1, 0.01],
                         "long_unstuck_loss_allowance_pct": [0, 0.05],
                         "long_unstuck_threshold": [0.4, 0.95],
                         "short_close_grid_markup_range": [0, 0.03],
                         "short_close_grid_min_markup": [0.001, 0.03],
                         "short_close_grid_qty_pct": [0.05, 1],
                         "short_close_trailing_grid_ratio": [-1, 1],
                         "short_close_trailing_qty_pct": [0.05, 1],
                         "short_close_trailing_retracement_pct": [0, 0.1],
                         "short_close_trailing_threshold_pct": [-0.1, 0.1],
                         "short_ema_span_0": [200, 1440],
                         "short_ema_span_1": [200, 1440],
                         "short_entry_grid_double_down_factor": [0.1, 3],
                         "short_entry_grid_spacing_pct": [0.001, 0.12],
                         "short_entry_grid_spacing_weight": [0, 10],
                         "short_entry_initial_ema_dist": [-0.1, 0.003],
                         "short_entry_initial_qty_pct": [0.005, 0.1],
                         "short_entry_trailing_grid_ratio": [-1, 1],
                         "short_entry_trailing_retracement_pct": [0, 0.1],
                         "short_entry_trailing_threshold_pct": [-0.1, 0.1],
                         "short_filter_relative_volume_clip_pct": [0, 1],
                         "short_filter_rolling_window": [10, 1440],
                         "short_n_positions": [1, 1],
                         "short_total_wallet_exposure_limit": [1, 1],
                         "short_unstuck_close_pct": [0.001, 0.1],
                         "short_unstuck_ema_dist": [-0.1, 0.01],
                         "short_unstuck_loss_allowance_pct": [0, 0.05],