{"analysis": {"adg": 0.0031821803450214348,
              "drawdown_worst": 0.232784150154839,
              "equity_balance_diff_max": 0.2641459085738179,
              "equity_balance_diff_mean": 0.002599078189370825,
              "loss_profit_ratio": 0.19471003759300284,
              "mdg": 0.002768638299520323,
              "n_iters": 9564,
              "sharpe_ratio": 0.6870720214317015,
              "w_0": -0.002768638299520323,
              "w_1": -0.6870720214317015},
 "backtest": {"base_dir": "backtests",
              "end_date": "now",
              "exchange": "binance",
              "start_date": "2021-05-01",
              "starting_balance": 100000,
              "symbols": ["KASUSDT"]},
 "bot": {"long": {"close_grid_markup_range": 0.006354036217608919,
                  "close_grid_min_markup": 0.02077990893937898,
                  "close_grid_qty_pct": 0.670605842016122,
                  "close_trailing_grid_ratio": -0.26029958339905035,
                  "close_trailing_qty_pct": 0.3276276780033909,
                  "close_trailing_retracement_pct": 0.06528200227049455,
                  "close_trailing_threshold_pct": 0.03440339692628894,
                  "ema_span_0": 344.4746065861473,
                  "ema_span_1": 1021.1101662723398,
                  "entry_grid_double_down_factor": 0.8803430635684011,
                  "entry_grid_spacing_pct": 0.04819645543757798,
                  "entry_grid_spacing_weight": 9.84725135161399,
                  "entry_initial_ema_dist": -0.07911095233053561,
                  "entry_initial_qty_pct": 0.0363000791060819,
                  "entry_trailing_grid_ratio": -0.01348824741353957,
                  "entry_trailing_retracement_pct": 0.013848014408317604,
                  "entry_trailing_threshold_pct": 0.009927329238734944,
                  "filter_relative_volume_clip_pct": 0.17506741058932124,
                  "filter_rolling_window": 868.0857831017164,
                  "n_positions": 1.0,
                  "total_wallet_exposure_limit": 2.5,
                  "unstuck_close_pct": 0.010845597735349363,
                  "unstuck_ema_dist": -0.08418025814717697,
                  "unstuck_loss_allowance_pct": 0.014494434517125405,
                  "unstuck_threshold": 0.6466906566837983},
         "short": {"close_grid_markup_range": 0.02142737681599404,
                   "close_grid_min_markup": 0.01909065909237531,
                   "close_grid_qty_pct": 0.20243581430120186,
                   "close_trailing_grid_ratio": 0.6944018989143347,
                   "close_trailing_qty_pct": 0.2142361831694976,
                   "close_trailing_retracement_pct": 0.08965908324302099,
                   "close_trailing_threshold_pct": -0.08016723268989606,
                   "ema_span_0": 613.5816606491775,
                   "ema_span_1": 217.81627798756517,
                   "entry_grid_double_down_factor": 1.4372107872780475,
                   "entry_grid_spacing_pct": 0.11486469083600767,
                   "entry_grid_spacing_weight": 2.7126291415144945,
                   "entry_initial_ema_dist": -0.08659661913803048,
                   "entry_initial_qty_pct": 0.02220710692231535,
                   "entry_trailing_grid_ratio": -0.6965480822136826,
                   "entry_trailing_retracement_pct": 0.08365092212939926,
                   "entry_trailing_threshold_pct": 0.03319974186930605,
                   "filter_relative_volume_clip_pct": 0.12835265528298448,
                   "filter_rolling_window": 1068.9064962188697,
                   "n_positions": 1.0,
                   "total_wallet_exposure_limit": 1.0,
                   "unstuck_close_pct": 0.012169688534589074,
                   "unstuck_ema_dist": -0.033620316364663075,
                   "unstuck_loss_allowance_pct": 0.006025435915200959,
                   "unstuck_threshold": 0.8620915286392353}},
 "live": {"approved_coins": ["KASUSDT"],
          "auto_gs": true,
          "coin_flags": {},
          "execution_delay_seconds": 2,
          "filter_by_min_effective_cost": true,
          "forced_mode_long": "",
          "forced_mode_short": "",
          "ignored_coins": [],
          "leverage": 10,
          "max_n_cancellations_per_batch": 5,
          "max_n_creations_per_batch": 3,
          "minimum_coin_age_days": 30,
          "ohlcv_rolling_window": 60,
          "pnls_max_lookback_days": 30,
          "price_distance_threshold": 0.002,
          "relative_volume_filter_clip_pct": 0.5,
          "time_in_force": "good_till_cancelled",
          "user": "hyperliquid_v7"},
 "optimize": {"bounds": {"long_close_grid_markup_range": [0, 0.06],
                         "long_close_grid_min_markup": [0.001, 0.06],
                         "long_close_grid_qty_pct": [0.05, 1],
                         "long_close_trailing_grid_ratio": [-1, 1],
                         "long_close_trailing_qty_pct": [0.05, 1],
                         "long_close_trailing_retracement_pct": [0, 0.3],
                         "long_close_trailing_threshold_pct": [-0.1, 0.1],
                         "long_ema_span_0": [200, 1440],
                         "long_ema_span_1": [200, 1440],
                         "long_entry_grid_double_down_factor": [0.1, 3],
                         "long_entry_grid_spacing_pct": [0.001, 0.12],
                         "long_entry_grid_spacing_weight": [0, 10],
                         "long_entry_initial_ema_dist": [-0.1, 0.003],
                         "long_entry_initial_qty_pct": [0.005, 0.1],
                         "long_entry_trailing_grid_ratio": [-1, 1],
                         "long_entry_trailing_retracement_pct": [0, 0.1],
                         "long_entry_trailing_threshold_pct": [-0.1, 0.1],
                         "long_filter_relative_volume_clip_pct": [0.0, 1.0],
                         "long_filter_rolling_window": [10.0, 1440.0],
                         "long_n_positions": [1.0, 1.0],
                         "long_total_wallet_exposure_limit": [2.5, 2.5],
                         "long_unstuck_close_pct": [0.001, 0.1],
                         "long_unstuck_ema_dist": [-0.1, 0.01],
                         "long_unstuck_loss_allowance_pct": [0, 0.05],
                         "long_unstuck_threshold": [0.4, 0.95],
                         "short_close_grid_markup_range": [0, 0.03],
                         "short_close_grid_min_markup": [0.001, 0.03],
                         "short_close_grid_qty_pct": [0.05, 1],
                         "short_close_trailing_grid_ratio": [-1, 1],
                         "short_close_trailing_qty_pct": [0.05, 1],
                         "short_close_trailing_retracement_pct": [0, 0.1],
                         "short_close_trailing_threshold_pct": [-0.1, 0.1],
                         "short_ema_span_0": [200, 1440],
                         "short_ema_span_1": [200, 1440],
                         "short_entry_grid_double_down_factor": [0.1, 3],
                         "short_entry_grid_spacing_pct": [0.001, 0.12],
                         "short_entry_grid_spacing_weight": [0, 10],
                         "short_entry_initial_ema_dist": [-0.1, 0.003],
                         "short_entry_initial_qty_pct": [0.005, 0.1],
                         "short_entry_trailing_grid_ratio": [-1, 1],
                         "short_entry_trailing_retracement_pct": [0, 0.1],
                         "short_entry_trailing_threshold_pct": [-0.1, 0.1],
                         "short_filter_relative_volume_clip_pct": [0.0, 1.0],
                         "short_filter_rolling_window": [10.0, 1440.0],
                         "short_n_positions": [1.0, 1.0],
                         "short_total_wallet_exposure_limit": [1.0, 1.0],
                         "short_unstuck_close_pct": [0.001, 0.1],
                         "short_unstuck_ema_dist": [-0.1, 0.01],