{"analysis": {"adg": 0.000967491754424673,
              "drawdown_worst": 0.16647413583239215,
              "equity_balance_diff_max": 0.1834741194550577,
              "equity_balance_diff_mean": 0.00765041647824095,
              "loss_profit_ratio": 0.014155230079202847,
              "mdg": 0.00042361578998939163,
              "n_iters": 9516,
              "sharpe_ratio": 0.20294356459088084,
              "w_0": -0.00042361578998939163,
              "w_1": -0.20294356459088084},
 "backtest": {"base_dir": "backtests",
              "end_date": "now",
              "exchange": "binance",
              "start_date": "2021-05-01",
              "starting_balance": 100000,
              "symbols": ["LDOUSDT"]},
 "bot": {"long": {"close_grid_markup_range": 0.013712104460060371,
                  "close_grid_min_markup": 0.00875213330981211,
                  "close_grid_qty_pct": 0.3593400982147858,
                  "close_trailing_grid_ratio": -0.3854136746212302,
                  "close_trailing_qty_pct": 0.7485018383928,
                  "close_trailing_retracement_pct": 0.10728221302406062,
                  "close_trailing_threshold_pct": -0.09362015609843864,
                  "ema_span_0": 1361.1683661510144,
                  "ema_span_1": 502.67006952682834,
                  "entry_grid_double_down_factor": 2.0852724244154244,
                  "entry_grid_spacing_pct": 0.11731431108192078,
                  "entry_grid_spacing_weight": 7.957775212932444,
                  "entry_initial_ema_dist": -0.005851112976290826,
                  "entry_initial_qty_pct": 0.009173869007798603,
                  "entry_trailing_grid_ratio": -0.3192043698445838,
                  "entry_trailing_retracement_pct": 0.09538148826385551,
                  "entry_trailing_threshold_pct": 0.05037236357818319,
                  "filter_relative_volume_clip_pct": 0.2674008700585059,
                  "filter_rolling_window": 1364.658930924185,
                  "n_positions": 1,
                  "total_wallet_exposure_limit": 2.5,
                  "unstuck_close_pct": 0.07150114849835029,
                  "unstuck_ema_dist": -0.028433962410533167,
                  "unstuck_loss_allowance_pct": 0.0023106222326928147,
                  "unstuck_threshold": 0.45163975791679245},
         "short": {"close_grid_markup_range": 0.02978660044747612,
                   "close_grid_min_markup": 0.025017437499218646,
                   "close_grid_qty_pct": 0.44344275036325537,
                   "close_trailing_grid_ratio": -0.06230869067483982,
                   "close_trailing_qty_pct": 0.9314188417947167,
                   "close_trailing_retracement_pct": 0.021617190006301877,
                   "close_trailing_threshold_pct": -0.06018594672820294,
                   "ema_span_0": 891.2791310406309,
                   "ema_span_1": 1397.5351734115332,
                   "entry_grid_double_down_factor": 1.2169446692304864,
                   "entry_grid_spacing_pct": 0.10103267519678158,
                   "entry_grid_spacing_weight": 6.073669185335376,
                   "entry_initial_ema_dist": -0.019912551191224412,
                   "entry_initial_qty_pct": 0.057022354433386976,
                   "entry_trailing_grid_ratio": -0.6137825603839774,
                   "entry_trailing_retracement_pct": 0.008029741006691259,
                   "entry_trailing_threshold_pct": -0.05170597908192891,
                   "filter_relative_volume_clip_pct": 0.24026641654239828,
                   "filter_rolling_window": 808.5599232261077,
                   "n_positions": 1,
                   "total_wallet_exposure_limit": 1,
                   "unstuck_close_pct": 0.08918510202305585,
                   "unstuck_ema_dist": 0.0052063233371204345,
                   "unstuck_loss_allowance_pct": 0.023426277642553034,
                   "unstuck_threshold": 0.8479657207027365}},
 "live": {"approved_coins": ["LDOUSDT"],
          "auto_gs": true,
          "coin_flags": {},
          "execution_delay_seconds": 2,
          "filter_by_min_effective_cost": true,
          "forced_mode_long": "",
          "forced_mode_short": "",
          "ignored_coins": [],
          "leverage": 10,
          "max_n_cancellations_per_batch": 5,
          "max_n_creations_per_batch": 3,
          "minimum_coin_age_days": 30,
          "ohlcv_rolling_window": 60,
          "pnls_max_lookback_days": 30,
          "price_distance_threshold": 0.002,
          "relative_volume_filter_clip_pct": 0.5,
          "time_in_force": "good_till_cancelled",
          "user": "hyperliquid_v7"},
 "optimize": {"bounds": {"long_close_grid_markup_range": [0, 0.06],
                         "long_close_grid_min_markup": [0.001, 0.06],
                         "long_close_grid_qty_pct": [0.05, 1],
                         "long_close_trailing_grid_ratio": [-1, 1],
                         "long_close_trailing_qty_pct": [0.05, 1],
                         "long_close_trailing_retracement_pct": [0, 0.3],
                         "long_close_trailing_threshold_pct": [-0.1, 0.1],
                         "long_ema_span_0": [200, 1440],
                         "long_ema_span_1": [200, 1440],
                         "long_entry_grid_double_down_factor": [0.1, 3],
                         "long_entry_grid_spacing_pct": [0.001, 0.12],
                         "long_entry_grid_spacing_weight": [0, 10],
                         "long_entry_initial_ema_dist": [-0.1, 0.003],
                         "long_entry_initial_qty_pct": [0.005, 0.1],
                         "long_entry_trailing_grid_ratio": [-1, 1],
                         "long_entry_trailing_retracement_pct": [0, 0.1],
                         "long_entry_trailing_threshold_pct": [-0.1, 0.1],
                         "long_filter_relative_volume_clip_pct": [0, 1],
                         "long_filter_rolling_window": [10, 1440],
                         "long_n_positions": [1, 1],
                         "long_total_wallet_exposure_limit": [2.5, 2.5],
                         "long_unstuck_close_pct": [0.001, 0.1],
                         "long_unstuck_ema_dist": [-0.1, 0.01],
                         "long_unstuck_loss_allowance_pct": [0, 0.05],
                         "long_unstuck_threshold": [0.4, 0.95],
                         "short_close_grid_markup_range": [0, 0.03],
                         "short_close_grid_min_markup": [0.001, 0.03],
                         "short_close_grid_qty_pct": [0.05, 1],
                         "short_close_trailing_grid_ratio": [-1, 1],
                         "short_close_trailing_qty_pct": [0.05, 1],
                         "short_close_trailing_retracement_pct": [0, 0.1],
                         "short_close_trailing_threshold_pct": [-0.1, 0.1],
                         "short_ema_span_0": [200, 1440],
                         "short_ema_span_1": [200, 1440],
                         "short_entry_grid_double_down_factor": [0.1, 3],
                         "short_entry_grid_spacing_pct": [0.001, 0.12],
                         "short_entry_grid_spacing_weight": [0, 10],
                         "short_entry_initial_ema_dist": [-0.1, 0.003],
                         "short_entry_initial_qty_pct": [0.005, 0.1],
                         "short_entry_trailing_grid_ratio": [-1, 1],
                         "short_entry_trailing_retracement_pct": [0, 0.1],
                         "short_entry_trailing_threshold_pct": [-0.1, 0.1],
                         "short_filter_relative_volume_clip_pct": [0, 1],
                         "short_filter_rolling_window": [10, 1440],
                         "short_n_positions": [1, 1],
                         "short_total_wallet_exposure_limit": [1, 1],
                         "short_unstuck_close_pct": [0.001, 0.1],
                         "short_unstuck_ema_dist": [-0.1, 0.01],
                         "short_unstuck_loss_allowance_pct": [0, 0.05],