{"analysis": {"adg": 0.004655010097344841,
              "drawdown_worst": 0.18619637765425354,
              "equity_balance_diff_max": 0.17991362968275293,
              "equity_balance_diff_mean": 0.008414375792437081,
              "loss_profit_ratio": 0.09108366978981172,
              "mdg": 0.004338081615081337,
              "n_iters": 9575,
              "sharpe_ratio": 0.3863883758376255,
              "w_0": -0.004338081615081337,
              "w_1": -0.3863883758376255},
 "backtest": {"base_dir": "backtests",
              "end_date": "now",
              "exchange": "binance",
              "start_date": "2021-05-01",
              "starting_balance": 100000,
              "symbols": ["LISTAUSDT"]},
 "bot": {"long": {"close_grid_markup_range": 0.021354281769690377,
                  "close_grid_min_markup": 0.01908279533594485,
                  "close_grid_qty_pct": 0.8611582280155934,
                  "close_trailing_grid_ratio": -0.13015365629379044,
                  "close_trailing_qty_pct": 0.7107666159322469,
                  "close_trailing_retracement_pct": 0.11957054935811615,
                  "close_trailing_threshold_pct": -0.07662612215247241,
                  "ema_span_0": 776.0754240560232,
                  "ema_span_1": 486.24851192713254,
                  "entry_grid_double_down_factor": 0.10363984465687448,
                  "entry_grid_spacing_pct": 0.056539836175770006,
                  "entry_grid_spacing_weight": 8.662265372657242,
                  "entry_initial_ema_dist": -0.07104644106208569,
                  "entry_initial_qty_pct": 0.00995209778566523,
                  "entry_trailing_grid_ratio": 0.2539313722694383,
                  "entry_trailing_retracement_pct": 0.04738829435330835,
                  "entry_trailing_threshold_pct": 0.08714953363686911,
                  "filter_relative_volume_clip_pct": 0.4536422659702378,
                  "filter_rolling_window": 248.84204122921,
                  "n_positions": 1,
                  "total_wallet_exposure_limit": 2.5,
                  "unstuck_close_pct": 0.011459269337705141,
                  "unstuck_ema_dist": -0.07348357749479233,
                  "unstuck_loss_allowance_pct": 0.029271066267277154,
                  "unstuck_threshold": 0.40831354416719756},
         "short": {"close_grid_markup_range": 0.0067184637414653085,
                   "close_grid_min_markup": 0.01212453414482381,
                   "close_grid_qty_pct": 0.367431593637156,
                   "close_trailing_grid_ratio": 0.19507652778235118,
                   "close_trailing_qty_pct": 0.12775941162032367,
                   "close_trailing_retracement_pct": 0.0340178838989345,
                   "close_trailing_threshold_pct": 0.07820377683979902,
                   "ema_span_0": 892.4067535718501,
                   "ema_span_1": 1419.9476561000863,
                   "entry_grid_double_down_factor": 2.2224614660491078,
                   "entry_grid_spacing_pct": 0.05983476883266378,
                   "entry_grid_spacing_weight": 1.2674525633462517,
                   "entry_initial_ema_dist": -0.04795433160699604,
                   "entry_initial_qty_pct": 0.07421317982153976,
                   "entry_trailing_grid_ratio": 0.6507870397076688,
                   "entry_trailing_retracement_pct": 0.022945249662382528,
                   "entry_trailing_threshold_pct": 0.07372845772774622,
                   "filter_relative_volume_clip_pct": 0.19053317151832233,
                   "filter_rolling_window": 487.96597148101625,
                   "n_positions": 1,
                   "total_wallet_exposure_limit": 1,
                   "unstuck_close_pct": 0.07241994169781733,
                   "unstuck_ema_dist": -0.06505584110561817,
                   "unstuck_loss_allowance_pct": 0.044363269246426966,
                   "unstuck_threshold": 0.9424283186225495}},
 "live": {"approved_coins": ["LISTAUSDT"],
          "auto_gs": true,
          "coin_flags": {},
          "execution_delay_seconds": 2,
          "filter_by_min_effective_cost": true,
          "forced_mode_long": "",
          "forced_mode_short": "",
          "ignored_coins": [],
          "leverage": 10,
          "max_n_cancellations_per_batch": 5,
          "max_n_creations_per_batch": 3,
          "minimum_coin_age_days": 30,
          "ohlcv_rolling_window": 60,
          "pnls_max_lookback_days": 30,
          "price_distance_threshold": 0.002,
          "relative_volume_filter_clip_pct": 0.5,
          "time_in_force": "good_till_cancelled",
          "user": "hyperliquid_v7"},
 "optimize": {"bounds": {"long_close_grid_markup_range": [0, 0.06],
                         "long_close_grid_min_markup": [0.001, 0.06],
                         "long_close_grid_qty_pct": [0.05, 1],
                         "long_close_trailing_grid_ratio": [-1, 1],
                         "long_close_trailing_qty_pct": [0.05, 1],
                         "long_close_trailing_retracement_pct": [0, 0.3],
                         "long_close_trailing_threshold_pct": [-0.1, 0.1],
                         "long_ema_span_0": [200, 1440],
                         "long_ema_span_1": [200, 1440],
                         "long_entry_grid_double_down_factor": [0.1, 3],
                         "long_entry_grid_spacing_pct": [0.001, 0.12],
                         "long_entry_grid_spacing_weight": [0, 10],
                         "long_entry_initial_ema_dist": [-0.1, 0.003],
                         "long_entry_initial_qty_pct": [0.005, 0.1],
                         "long_entry_trailing_grid_ratio": [-1, 1],
                         "long_entry_trailing_retracement_pct": [0, 0.1],
                         "long_entry_trailing_threshold_pct": [-0.1, 0.1],
                         "long_filter_relative_volume_clip_pct": [0, 1],
                         "long_filter_rolling_window": [10, 1440],
                         "long_n_positions": [1, 1],
                         "long_total_wallet_exposure_limit": [2.5, 2.5],
                         "long_unstuck_close_pct": [0.001, 0.1],
                         "long_unstuck_ema_dist": [-0.1, 0.01],
                         "long_unstuck_loss_allowance_pct": [0, 0.05],
                         "long_unstuck_threshold": [0.4, 0.95],
                         "short_close_grid_markup_range": [0, 0.03],
                         "short_close_grid_min_markup": [0.001, 0.03],
                         "short_close_grid_qty_pct": [0.05, 1],
                         "short_close_trailing_grid_ratio": [-1, 1],
                         "short_close_trailing_qty_pct": [0.05, 1],
                         "short_close_trailing_retracement_pct": [0, 0.1],
                         "short_close_trailing_threshold_pct": [-0.1, 0.1],
                         "short_ema_span_0": [200, 1440],
                         "short_ema_span_1": [200, 1440],
                         "short_entry_grid_double_down_factor": [0.1, 3],
                         "short_entry_grid_spacing_pct": [0.001, 0.12],
                         "short_entry_grid_spacing_weight": [0, 10],
                         "short_entry_initial_ema_dist": [-0.1, 0.003],
                         "short_entry_initial_qty_pct": [0.005, 0.1],
                         "short_entry_trailing_grid_ratio": [-1, 1],
                         "short_entry_trailing_retracement_pct": [0, 0.1],
                         "short_entry_trailing_threshold_pct": [-0.1, 0.1],
                         "short_filter_relative_volume_clip_pct": [0, 1],
                         "short_filter_rolling_window": [10, 1440],
                         "short_n_positions": [1, 1],
                         "short_total_wallet_exposure_limit": [1, 1],
                         "short_unstuck_close_pct": [0.001, 0.1],
                         "short_unstuck_ema_dist": [-0.1, 0.01],
                         "short_unstuck_loss_allowance_pct": [0, 0.05],