{
    "analysis": {
        "adg": 0.0003324431876752604,
        "drawdown_worst": 0.14394395918095582,
        "equity_balance_diff_max": 0.15264920143974267,
        "equity_balance_diff_mean": 0.004160973627972548,
        "loss_profit_ratio": 0.5526389266487457,
        "mdg": 0.0001645017802369459,
        "n_iters": 9452,
        "sharpe_ratio": 0.11623332833437022,
        "w_0": -0.0001645017802369459,
        "w_1": -0.11623332833437022
    },
    "backtest": {
        "base_dir": "backtests",
        "end_date": "now",
        "exchange": "binance",
        "start_date": "2021-05-01",
        "starting_balance": 100000,
        "symbols": [
            "LTCUSDT"
        ]
    },
    "bot": {
        "long": {
            "close_grid_markup_range": 0.003326026163587743,
            "close_grid_min_markup": 0.010166972224345434,
            "close_grid_qty_pct": 0.1595743136536253,
            "close_trailing_grid_ratio": 0.034193907821656315,
            "close_trailing_qty_pct": 0.8058612218802113,
            "close_trailing_retracement_pct": 0.16810426342976048,
            "close_trailing_threshold_pct": 0.0554210609840329,
            "ema_span_0": 1398.366292682752,
            "ema_span_1": 1034.188170426549,
            "entry_grid_double_down_factor": 1.2300723087793706,
            "entry_grid_spacing_pct": 0.016923780157193282,
            "entry_grid_spacing_weight": 9.337108479036687,
            "entry_initial_ema_dist": -0.04530976994915647,
            "entry_initial_qty_pct": 0.06944336949747641,
            "entry_trailing_grid_ratio": -0.9200219840075021,
            "entry_trailing_retracement_pct": 0.0962209430342896,
            "entry_trailing_threshold_pct": 0.07860478037901525,
            "n_positions": 2.614791476541031,
            "total_wallet_exposure_limit": 2.571134209071891,
            "unstuck_close_pct": 0.04359652299290032,
            "unstuck_ema_dist": -0.030256606932460507,
            "unstuck_loss_allowance_pct": 0.0403352469655492,
            "unstuck_threshold": 0.8572511578056539
        },
        "short": {
            "close_grid_markup_range": 0.019476356672636953,
            "close_grid_min_markup": 0.008402028401511911,
            "close_grid_qty_pct": 0.8678372636989597,
            "close_trailing_grid_ratio": -0.14200487931271166,
            "close_trailing_qty_pct": 0.9293344771739493,
            "close_trailing_retracement_pct": 0.09674683008634342,
            "close_trailing_threshold_pct": -0.07093432910756527,
            "ema_span_0": 488.3118717296882,
            "ema_span_1": 517.0346697276453,
            "entry_grid_double_down_factor": 2.67967500914746,
            "entry_grid_spacing_pct": 0.039468223192506174,
            "entry_grid_spacing_weight": 1.5011679544803824,
            "entry_initial_ema_dist": -0.07754631315845957,
            "entry_initial_qty_pct": 0.03774061660186574,
            "entry_trailing_grid_ratio": -0.03128905717800512,
            "entry_trailing_retracement_pct": 0.014536847162861653,
            "entry_trailing_threshold_pct": -0.03336955624909119,
            "n_positions": 0,
            "total_wallet_exposure_limit": 1.7725607849975835,
            "unstuck_close_pct": 0.030424709312144523,
            "unstuck_ema_dist": -0.03930965717660333,
            "unstuck_loss_allowance_pct": 0.026865475103525036,
            "unstuck_threshold": 0.6905722216752638
        }
    },
    "live": {
        "approved_coins": [
            "LTCUSDT"
        ],
        "auto_gs": true,
        "coin_flags": {},
        "execution_delay_seconds": 2,
        "filter_by_min_effective_cost": true,
        "forced_mode_long": "",
        "forced_mode_short": "",
        "ignored_coins": [
            "COIN1",
            "COIN2"
        ],
        "leverage": 10,
        "max_n_cancellations_per_batch": 5,
        "max_n_creations_per_batch": 3,
        "minimum_coin_age_days": 30,
        "ohlcv_rolling_window": 60,
        "pnls_max_lookback_days": 30,
        "price_distance_threshold": 0.002,
        "relative_volume_filter_clip_pct": 0.5,
        "time_in_force": "good_till_cancelled",
        "user": "hyperliquid_v7"
    },
    "optimize": {
        "bounds": {
            "long_close_grid_markup_range": [
                0,
                0.06
            ],
            "long_close_grid_min_markup": [
                0.001,
                0.06
            ],
            "long_close_grid_qty_pct": [
                0.05,
                1
            ],
            "long_close_trailing_grid_ratio": [
                -1,
                1
            ],
            "long_close_trailing_qty_pct": [
                0.05,
                1
            ],
            "long_close_trailing_retracement_pct": [
                0,
                0.3
            ],
            "long_close_trailing_threshold_pct": [
                -0.1,
                0.1
            ],
            "long_ema_span_0": [
                200,
                1440
            ],
            "long_ema_span_1": [
                200,
                1440
            ],
            "long_entry_grid_double_down_factor": [
                0.1,
                3
            ],
            "long_entry_grid_spacing_pct": [
                0.001,
                0.12
            ],
            "long_entry_grid_spacing_weight": [
                0,
                10
            ],
            "long_entry_initial_ema_dist": [
                -0.1,
                0.003
            ],
            "long_entry_initial_qty_pct": [
                0.005,
                0.1
            ],
            "long_entry_trailing_grid_ratio": [
                -1,
                1
            ],
            "long_entry_trailing_retracement_pct": [
                0,
                0.1
            ],
            "long_entry_trailing_threshold_pct": [
                -0.1,
                0.1
            ],
            "long_n_positions": [
                1,
                20
            ],
            "long_total_wallet_exposure_limit": [
                2,
                4
            ],
            "long_unstuck_close_pct": [
                0.001,
                0.1
            ],
            "long_unstuck_ema_dist": [
                -0.1,
                0.01
            ],
            "long_unstuck_loss_allowance_pct": [
                0,
                0.05
            ],
            "long_unstuck_threshold": [
                0.4,
                0.95
            ],
            "short_close_grid_markup_range": [
                0,
                0.03
            ],
            "short_close_grid_min_markup": [
                0.001,
                0.03
            ],
            "short_close_grid_qty_pct": [
                0.05,
                1
            ],
            "short_close_trailing_grid_ratio": [
                -1,
                1
            ],
            "short_close_trailing_qty_pct": [
                0.05,
                1
            ],
            "short_close_trailing_retracement_pct": [
                0,
                0.1
            ],
            "short_close_trailing_threshold_pct": [
                -0.1,
                0.1
            ],
            "short_ema_span_0": [
                200,
                1440
            ],
            "short_ema_span_1": [
                200,
                1440
            ],
            "short_entry_grid_double_down_factor": [
                0.1,
                3
            ],
            "short_entry_grid_spacing_pct": [
                0.001,
                0.12
            ],
            "short_entry_grid_spacing_weight": [
                0,
                10
            ],
            "short_entry_initial_ema_dist": [
                -0.1,
                0.003
            ],
            "short_entry_initial_qty_pct": [
                0.005,
                0.1
            ],