{"analysis": {"adg": 0.0003324431876752604,
              "drawdown_worst": 0.14394395918095582,
              "equity_balance_diff_max": 0.15264920143974267,
              "equity_balance_diff_mean": 0.004160973627972548,
              "loss_profit_ratio": 0.5526389266487457,
              "mdg": 0.0001645017802369459,
              "n_iters": 9452,
              "sharpe_ratio": 0.11623332833437022,
              "w_0": -0.0001645017802369459,
              "w_1": -0.11623332833437022},
 "backtest": {"base_dir": "backtests",
              "end_date": "now",
              "exchange": "binance",
              "start_date": "2021-05-01",
              "starting_balance": 100000,
              "symbols": ["LTCUSDT"]},
 "bot": {"long": {"close_grid_markup_range": 0.01944567366422824,
                  "close_grid_min_markup": 0.008929978792547266,
                  "close_grid_qty_pct": 0.5558889490795422,
                  "close_trailing_grid_ratio": 0.5350879503183609,
                  "close_trailing_qty_pct": 0.44081723488592367,
                  "close_trailing_retracement_pct": 0.15231244361188473,
                  "close_trailing_threshold_pct": -0.0667986878825334,
                  "ema_span_0": 623.1018586565868,
                  "ema_span_1": 1306.9224261228344,
                  "entry_grid_double_down_factor": 0.46638490645809416,
                  "entry_grid_spacing_pct": 0.08725135500248832,
                  "entry_grid_spacing_weight": 9.462497535698251,
                  "entry_initial_ema_dist": -0.04673268834060722,
                  "entry_initial_qty_pct": 0.027448016826994572,
                  "entry_trailing_grid_ratio": -0.08541489975412202,
                  "entry_trailing_retracement_pct": 0.07178841263330953,
                  "entry_trailing_threshold_pct": 0.07423572184226113,
                  "filter_relative_volume_clip_pct": 0.7635057842701899,
                  "filter_rolling_window": 118.96483363848887,
                  "n_positions": 1.0,
                  "total_wallet_exposure_limit": 2.5,
                  "unstuck_close_pct": 0.03317460423790634,
                  "unstuck_ema_dist": -0.01029637601585244,
                  "unstuck_loss_allowance_pct": 0.01757432497534523,
                  "unstuck_threshold": 0.7789620052539195},
         "short": {"close_grid_markup_range": 0.01417622878746291,
                   "close_grid_min_markup": 0.01251811430999826,
                   "close_grid_qty_pct": 0.6564709388828122,
                   "close_trailing_grid_ratio": 0.6746272827433242,
                   "close_trailing_qty_pct": 0.5152418973834331,
                   "close_trailing_retracement_pct": 0.026500024394724608,
                   "close_trailing_threshold_pct": 0.03635711337994593,
                   "ema_span_0": 819.8646730863854,
                   "ema_span_1": 1001.2676731465561,
                   "entry_grid_double_down_factor": 0.3660847920933858,
                   "entry_grid_spacing_pct": 0.07572699530680616,
                   "entry_grid_spacing_weight": 9.796271746753453,
                   "entry_initial_ema_dist": -0.044931770130060555,
                   "entry_initial_qty_pct": 0.01823475249987826,
                   "entry_trailing_grid_ratio": 0.12623186840305456,
                   "entry_trailing_retracement_pct": 0.01190920928160782,
                   "entry_trailing_threshold_pct": 0.07688851179069257,
                   "filter_relative_volume_clip_pct": 0.38878811918663403,
                   "filter_rolling_window": 298.89925603228653,
                   "n_positions": 1.0,
                   "total_wallet_exposure_limit": 1.0,
                   "unstuck_close_pct": 0.08237535022840758,
                   "unstuck_ema_dist": -0.028045518512108413,
                   "unstuck_loss_allowance_pct": 0.019622072498102952,
                   "unstuck_threshold": 0.8856012410587275}},
 "live": {"approved_coins": ["LTCUSDT"],
          "auto_gs": true,
          "coin_flags": {},
          "execution_delay_seconds": 2,
          "filter_by_min_effective_cost": true,
          "forced_mode_long": "",
          "forced_mode_short": "",
          "ignored_coins": [],
          "leverage": 10,
          "max_n_cancellations_per_batch": 5,
          "max_n_creations_per_batch": 3,
          "minimum_coin_age_days": 30,
          "ohlcv_rolling_window": 60,
          "pnls_max_lookback_days": 30,
          "price_distance_threshold": 0.002,
          "relative_volume_filter_clip_pct": 0.5,
          "time_in_force": "good_till_cancelled",
          "user": "hyperliquid_v7"},
 "optimize": {"bounds": {"long_close_grid_markup_range": [0, 0.06],
                         "long_close_grid_min_markup": [0.001, 0.06],
                         "long_close_grid_qty_pct": [0.05, 1],
                         "long_close_trailing_grid_ratio": [-1, 1],
                         "long_close_trailing_qty_pct": [0.05, 1],
                         "long_close_trailing_retracement_pct": [0, 0.3],
                         "long_close_trailing_threshold_pct": [-0.1, 0.1],
                         "long_ema_span_0": [200, 1440],
                         "long_ema_span_1": [200, 1440],
                         "long_entry_grid_double_down_factor": [0.1, 3],
                         "long_entry_grid_spacing_pct": [0.001, 0.12],
                         "long_entry_grid_spacing_weight": [0, 10],
                         "long_entry_initial_ema_dist": [-0.1, 0.003],
                         "long_entry_initial_qty_pct": [0.005, 0.1],
                         "long_entry_trailing_grid_ratio": [-1, 1],
                         "long_entry_trailing_retracement_pct": [0, 0.1],
                         "long_entry_trailing_threshold_pct": [-0.1, 0.1],
                         "long_filter_relative_volume_clip_pct": [0.0, 1.0],
                         "long_filter_rolling_window": [10.0, 1440.0],
                         "long_n_positions": [1.0, 1.0],
                         "long_total_wallet_exposure_limit": [2.5, 2.5],
                         "long_unstuck_close_pct": [0.001, 0.1],
                         "long_unstuck_ema_dist": [-0.1, 0.01],
                         "long_unstuck_loss_allowance_pct": [0, 0.05],
                         "long_unstuck_threshold": [0.4, 0.95],
                         "short_close_grid_markup_range": [0, 0.03],
                         "short_close_grid_min_markup": [0.001, 0.03],
                         "short_close_grid_qty_pct": [0.05, 1],
                         "short_close_trailing_grid_ratio": [-1, 1],
                         "short_close_trailing_qty_pct": [0.05, 1],
                         "short_close_trailing_retracement_pct": [0, 0.1],
                         "short_close_trailing_threshold_pct": [-0.1, 0.1],
                         "short_ema_span_0": [200, 1440],
                         "short_ema_span_1": [200, 1440],
                         "short_entry_grid_double_down_factor": [0.1, 3],
                         "short_entry_grid_spacing_pct": [0.001, 0.12],
                         "short_entry_grid_spacing_weight": [0, 10],
                         "short_entry_initial_ema_dist": [-0.1, 0.003],
                         "short_entry_initial_qty_pct": [0.005, 0.1],
                         "short_entry_trailing_grid_ratio": [-1, 1],
                         "short_entry_trailing_retracement_pct": [0, 0.1],
                         "short_entry_trailing_threshold_pct": [-0.1, 0.1],
                         "short_filter_relative_volume_clip_pct": [0.0, 1.0],
                         "short_filter_rolling_window": [10.0, 1440.0],
                         "short_n_positions": [1.0, 1.0],
                         "short_total_wallet_exposure_limit": [1.0, 1.0],
                         "short_unstuck_close_pct": [0.001, 0.1],
                         "short_unstuck_ema_dist": [-0.1, 0.01],