{
    "analysis": {
        "adg": 0.0014093708908097652,
        "drawdown_worst": 0.23504490983348592,
        "equity_balance_diff_max": 0.23579063466360736,
        "equity_balance_diff_mean": 0.005359980377305146,
        "loss_profit_ratio": 0.4844089594520789,
        "mdg": 0.0008796147666258719,
        "n_iters": 9563,
        "sharpe_ratio": 0.16398402843901602,
        "w_0": -0.0008796147666258719,
        "w_1": -0.16398402843901602
    },
    "backtest": {
        "base_dir": "backtests",
        "end_date": "now",
        "exchange": "binance",
        "start_date": "2021-05-01",
        "starting_balance": 100000,
        "symbols": [
            "1000LUNCUSDT"
        ]
    },
    "bot": {
        "long": {
            "close_grid_markup_range": 0.006511253624902279,
            "close_grid_min_markup": 0.016442698644012918,
            "close_grid_qty_pct": 0.9345892067583748,
            "close_trailing_grid_ratio": 0.2289065378010582,
            "close_trailing_qty_pct": 0.4887849542921324,
            "close_trailing_retracement_pct": 0.040428407828545405,
            "close_trailing_threshold_pct": -0.09907603937210774,
            "ema_span_0": 367.96629630164153,
            "ema_span_1": 700.5775091691957,
            "entry_grid_double_down_factor": 1.67997066906494,
            "entry_grid_spacing_pct": 0.007996568070127039,
            "entry_grid_spacing_weight": 5.580961399593696,
            "entry_initial_ema_dist": -0.0031826599404993702,
            "entry_initial_qty_pct": 0.009655795741172892,
            "entry_trailing_grid_ratio": -0.2405956379143502,
            "entry_trailing_retracement_pct": 0.05111638746352324,
            "entry_trailing_threshold_pct": 0.059135653451551376,
            "n_positions": 4.800232421383155,
            "total_wallet_exposure_limit": 2.5577053323773002,
            "unstuck_close_pct": 0.010759746311329178,
            "unstuck_ema_dist": -0.023597497020898677,
            "unstuck_loss_allowance_pct": 0.029114777488967698,
            "unstuck_threshold": 0.4128090303508779
        },
        "short": {
            "close_grid_markup_range": 0.006394857091650131,
            "close_grid_min_markup": 0.021706951901519778,
            "close_grid_qty_pct": 0.5546942382646932,
            "close_trailing_grid_ratio": 0.5357819802828487,
            "close_trailing_qty_pct": 0.8717387992433636,
            "close_trailing_retracement_pct": 0.024427668819656856,
            "close_trailing_threshold_pct": 0.033362740891416866,
            "ema_span_0": 204.3544548940953,
            "ema_span_1": 396.27856040521397,
            "entry_grid_double_down_factor": 0.7363711596524587,
            "entry_grid_spacing_pct": 0.018733016735072144,
            "entry_grid_spacing_weight": 2.36555268138523,
            "entry_initial_ema_dist": -0.07468555894487372,
            "entry_initial_qty_pct": 0.033478426455277835,
            "entry_trailing_grid_ratio": 0.6569475768658387,
            "entry_trailing_retracement_pct": 0.07772345066315936,
            "entry_trailing_threshold_pct": 0.03917259352979812,
            "n_positions": 0,
            "total_wallet_exposure_limit": 1.8873697601839532,
            "unstuck_close_pct": 0.06600521179125275,
            "unstuck_ema_dist": -0.07533480330341791,
            "unstuck_loss_allowance_pct": 0.015045765398593525,
            "unstuck_threshold": 0.5093558346739081
        }
    },
    "live": {
        "approved_coins": [
            "1000LUNCUSDT"
        ],
        "auto_gs": true,
        "coin_flags": {},
        "execution_delay_seconds": 2,
        "filter_by_min_effective_cost": true,
        "forced_mode_long": "",
        "forced_mode_short": "",
        "ignored_coins": [
            "COIN1",
            "COIN2"
        ],
        "leverage": 10,
        "max_n_cancellations_per_batch": 5,
        "max_n_creations_per_batch": 3,
        "minimum_coin_age_days": 30,
        "ohlcv_rolling_window": 60,
        "pnls_max_lookback_days": 30,
        "price_distance_threshold": 0.002,
        "relative_volume_filter_clip_pct": 0.5,
        "time_in_force": "good_till_cancelled",
        "user": "hyperliquid_v7"
    },
    "optimize": {
        "bounds": {
            "long_close_grid_markup_range": [
                0,
                0.06
            ],
            "long_close_grid_min_markup": [
                0.001,
                0.06
            ],
            "long_close_grid_qty_pct": [
                0.05,
                1
            ],
            "long_close_trailing_grid_ratio": [
                -1,
                1
            ],
            "long_close_trailing_qty_pct": [
                0.05,
                1
            ],
            "long_close_trailing_retracement_pct": [
                0,
                0.3
            ],
            "long_close_trailing_threshold_pct": [
                -0.1,
                0.1
            ],
            "long_ema_span_0": [
                200,
                1440
            ],
            "long_ema_span_1": [
                200,
                1440
            ],
            "long_entry_grid_double_down_factor": [
                0.1,
                3
            ],
            "long_entry_grid_spacing_pct": [
                0.001,
                0.12
            ],
            "long_entry_grid_spacing_weight": [
                0,
                10
            ],
            "long_entry_initial_ema_dist": [
                -0.1,
                0.003
            ],
            "long_entry_initial_qty_pct": [
                0.005,
                0.1
            ],
            "long_entry_trailing_grid_ratio": [
                -1,
                1
            ],
            "long_entry_trailing_retracement_pct": [
                0,
                0.1
            ],
            "long_entry_trailing_threshold_pct": [
                -0.1,
                0.1
            ],
            "long_n_positions": [
                1,
                20
            ],
            "long_total_wallet_exposure_limit": [
                2,
                4
            ],
            "long_unstuck_close_pct": [
                0.001,
                0.1
            ],
            "long_unstuck_ema_dist": [
                -0.1,
                0.01
            ],
            "long_unstuck_loss_allowance_pct": [
                0,
                0.05
            ],
            "long_unstuck_threshold": [
                0.4,
                0.95
            ],
            "short_close_grid_markup_range": [
                0,
                0.03
            ],
            "short_close_grid_min_markup": [
                0.001,
                0.03
            ],
            "short_close_grid_qty_pct": [
                0.05,
                1
            ],
            "short_close_trailing_grid_ratio": [
                -1,
                1
            ],
            "short_close_trailing_qty_pct": [
                0.05,
                1
            ],
            "short_close_trailing_retracement_pct": [
                0,
                0.1
            ],
            "short_close_trailing_threshold_pct": [
                -0.1,
                0.1
            ],
            "short_ema_span_0": [
                200,
                1440
            ],
            "short_ema_span_1": [
                200,
                1440
            ],
            "short_entry_grid_double_down_factor": [
                0.1,
                3
            ],
            "short_entry_grid_spacing_pct": [
                0.001,
                0.12
            ],
            "short_entry_grid_spacing_weight": [
                0,
                10
            ],
            "short_entry_initial_ema_dist": [
                -0.1,
                0.003
            ],
            "short_entry_initial_qty_pct": [
                0.005,
                0.1
            ],