{"analysis": {"adg": 0.005855345271922015,
              "drawdown_worst": 0.2056016715990757,
              "equity_balance_diff_max": 0.19437357999923288,
              "equity_balance_diff_mean": 0.008356071982096506,
              "loss_profit_ratio": 0.13536229986541284,
              "mdg": 0.004937703481755899,
              "n_iters": 9523,
              "sharpe_ratio": 0.4152258287720379,
              "w_0": -0.004937703481755899,
              "w_1": -0.4152258287720379},
 "backtest": {"base_dir": "backtests",
              "end_date": "now",
              "exchange": "binance",
              "start_date": "2021-05-01",
              "starting_balance": 100000,
              "symbols": ["MANTAUSDT"]},
 "bot": {"long": {"close_grid_markup_range": 0.03584004653133953,
                  "close_grid_min_markup": 0.023810150210786515,
                  "close_grid_qty_pct": 0.06504632358450019,
                  "close_trailing_grid_ratio": 0.8418725381952307,
                  "close_trailing_qty_pct": 0.08003511072560582,
                  "close_trailing_retracement_pct": 0.13318739441789446,
                  "close_trailing_threshold_pct": -0.005741360549981686,
                  "ema_span_0": 1111.6936082710672,
                  "ema_span_1": 1423.2228287912737,
                  "entry_grid_double_down_factor": 0.12267631580942982,
                  "entry_grid_spacing_pct": 0.11649633582024764,
                  "entry_grid_spacing_weight": 1.495883511806954,
                  "entry_initial_ema_dist": -0.05520816511463458,
                  "entry_initial_qty_pct": 0.012860838573498111,
                  "entry_trailing_grid_ratio": -0.7457388988669164,
                  "entry_trailing_retracement_pct": 0.07783426861716547,
                  "entry_trailing_threshold_pct": -0.06768747717860103,
                  "filter_relative_volume_clip_pct": 0.0308597736676077,
                  "filter_rolling_window": 49.70230750695987,
                  "n_positions": 1,
                  "total_wallet_exposure_limit": 2.5,
                  "unstuck_close_pct": 0.09786117204102723,
                  "unstuck_ema_dist": -0.04389809340415816,
                  "unstuck_loss_allowance_pct": 0.030338734570208647,
                  "unstuck_threshold": 0.6062731930109428},
         "short": {"close_grid_markup_range": 0.014285989045658002,
                   "close_grid_min_markup": 0.010204138600070425,
                   "close_grid_qty_pct": 0.3961674141599689,
                   "close_trailing_grid_ratio": -0.2980196704462443,
                   "close_trailing_qty_pct": 0.1890205126240789,
                   "close_trailing_retracement_pct": 0.026106527204268277,
                   "close_trailing_threshold_pct": 0.04574374295570862,
                   "ema_span_0": 291.54556769076646,
                   "ema_span_1": 1240.8388531224741,
                   "entry_grid_double_down_factor": 1.200151863844171,
                   "entry_grid_spacing_pct": 0.03963578206112056,
                   "entry_grid_spacing_weight": 2.7276173294107506,
                   "entry_initial_ema_dist": -0.0415897476128211,
                   "entry_initial_qty_pct": 0.06512983000862832,
                   "entry_trailing_grid_ratio": -0.10833904804630701,
                   "entry_trailing_retracement_pct": 0.05578060307403325,
                   "entry_trailing_threshold_pct": 0.03669362707596069,
                   "filter_relative_volume_clip_pct": 0.08825606937659303,
                   "filter_rolling_window": 108.44257405669765,
                   "n_positions": 1,
                   "total_wallet_exposure_limit": 1,
                   "unstuck_close_pct": 0.03816509124522459,
                   "unstuck_ema_dist": -0.029121407581207966,
                   "unstuck_loss_allowance_pct": 0.04848708769516607,
                   "unstuck_threshold": 0.6437796694762834}},
 "live": {"approved_coins": ["MANTAUSDT"],
          "auto_gs": true,
          "coin_flags": {},
          "execution_delay_seconds": 2,
          "filter_by_min_effective_cost": true,
          "forced_mode_long": "",
          "forced_mode_short": "",
          "ignored_coins": [],
          "leverage": 10,
          "max_n_cancellations_per_batch": 5,
          "max_n_creations_per_batch": 3,
          "minimum_coin_age_days": 30,
          "ohlcv_rolling_window": 60,
          "pnls_max_lookback_days": 30,
          "price_distance_threshold": 0.002,
          "relative_volume_filter_clip_pct": 0.5,
          "time_in_force": "good_till_cancelled",
          "user": "hyperliquid_v7"},
 "optimize": {"bounds": {"long_close_grid_markup_range": [0, 0.06],
                         "long_close_grid_min_markup": [0.001, 0.06],
                         "long_close_grid_qty_pct": [0.05, 1],
                         "long_close_trailing_grid_ratio": [-1, 1],
                         "long_close_trailing_qty_pct": [0.05, 1],
                         "long_close_trailing_retracement_pct": [0, 0.3],
                         "long_close_trailing_threshold_pct": [-0.1, 0.1],
                         "long_ema_span_0": [200, 1440],
                         "long_ema_span_1": [200, 1440],
                         "long_entry_grid_double_down_factor": [0.1, 3],
                         "long_entry_grid_spacing_pct": [0.001, 0.12],
                         "long_entry_grid_spacing_weight": [0, 10],
                         "long_entry_initial_ema_dist": [-0.1, 0.003],
                         "long_entry_initial_qty_pct": [0.005, 0.1],
                         "long_entry_trailing_grid_ratio": [-1, 1],
                         "long_entry_trailing_retracement_pct": [0, 0.1],
                         "long_entry_trailing_threshold_pct": [-0.1, 0.1],
                         "long_filter_relative_volume_clip_pct": [0, 1],
                         "long_filter_rolling_window": [10, 1440],
                         "long_n_positions": [1, 1],
                         "long_total_wallet_exposure_limit": [2.5, 2.5],
                         "long_unstuck_close_pct": [0.001, 0.1],
                         "long_unstuck_ema_dist": [-0.1, 0.01],
                         "long_unstuck_loss_allowance_pct": [0, 0.05],
                         "long_unstuck_threshold": [0.4, 0.95],
                         "short_close_grid_markup_range": [0, 0.03],
                         "short_close_grid_min_markup": [0.001, 0.03],
                         "short_close_grid_qty_pct": [0.05, 1],
                         "short_close_trailing_grid_ratio": [-1, 1],
                         "short_close_trailing_qty_pct": [0.05, 1],
                         "short_close_trailing_retracement_pct": [0, 0.1],
                         "short_close_trailing_threshold_pct": [-0.1, 0.1],
                         "short_ema_span_0": [200, 1440],
                         "short_ema_span_1": [200, 1440],
                         "short_entry_grid_double_down_factor": [0.1, 3],
                         "short_entry_grid_spacing_pct": [0.001, 0.12],
                         "short_entry_grid_spacing_weight": [0, 10],
                         "short_entry_initial_ema_dist": [-0.1, 0.003],
                         "short_entry_initial_qty_pct": [0.005, 0.1],
                         "short_entry_trailing_grid_ratio": [-1, 1],
                         "short_entry_trailing_retracement_pct": [0, 0.1],
                         "short_entry_trailing_threshold_pct": [-0.1, 0.1],
                         "short_filter_relative_volume_clip_pct": [0, 1],
                         "short_filter_rolling_window": [10, 1440],
                         "short_n_positions": [1, 1],
                         "short_total_wallet_exposure_limit": [1, 1],
                         "short_unstuck_close_pct": [0.001, 0.1],
                         "short_unstuck_ema_dist": [-0.1, 0.01],
                         "short_unstuck_loss_allowance_pct": [0, 0.05],