{
    "analysis": {
        "adg": 0.0015404039047226881,
        "drawdown_worst": 0.12195637910491786,
        "equity_balance_diff_max": 0.1342957932563424,
        "equity_balance_diff_mean": 0.007341062840129616,
        "loss_profit_ratio": 0.2026235843067289,
        "mdg": 0.0008706070215285,
        "n_iters": 9518,
        "sharpe_ratio": 0.1736415748472415,
        "w_0": -0.0008706070215285,
        "w_1": -0.1736415748472415
    },
    "backtest": {
        "base_dir": "backtests",
        "end_date": "now",
        "exchange": "binance",
        "start_date": "2021-05-01",
        "starting_balance": 100000,
        "symbols": [
            "MAVIAUSDT"
        ]
    },
    "bot": {
        "long": {
            "close_grid_markup_range": 0.022134383823016336,
            "close_grid_min_markup": 0.0391979498988455,
            "close_grid_qty_pct": 0.18711017225802695,
            "close_trailing_grid_ratio": -0.8829218859835604,
            "close_trailing_qty_pct": 0.9496077565741091,
            "close_trailing_retracement_pct": 0.21300939214111775,
            "close_trailing_threshold_pct": -0.09662169186272433,
            "ema_span_0": 215.11281165061092,
            "ema_span_1": 1036.4668089228317,
            "entry_grid_double_down_factor": 0.41186459646665885,
            "entry_grid_spacing_pct": 0.10114352308853292,
            "entry_grid_spacing_weight": 8.600704795563168,
            "entry_initial_ema_dist": -0.0864051753075004,
            "entry_initial_qty_pct": 0.014159944135403094,
            "entry_trailing_grid_ratio": -0.09187259555322091,
            "entry_trailing_retracement_pct": 0.042349964040242674,
            "entry_trailing_threshold_pct": 0.032887051168931036,
            "n_positions": 15.897139162881066,
            "total_wallet_exposure_limit": 2.9656332334427873,
            "unstuck_close_pct": 0.04052819650605283,
            "unstuck_ema_dist": 0.004753664588624244,
            "unstuck_loss_allowance_pct": 0.009620674718615068,
            "unstuck_threshold": 0.8131300687629504
        },
        "short": {
            "close_grid_markup_range": 0.01742690403661204,
            "close_grid_min_markup": 0.022668530061552623,
            "close_grid_qty_pct": 0.13611869613050884,
            "close_trailing_grid_ratio": 0.09373607811017082,
            "close_trailing_qty_pct": 0.23228036708354874,
            "close_trailing_retracement_pct": 0.06362953631680726,
            "close_trailing_threshold_pct": 0.08251980868147311,
            "ema_span_0": 739.3720388559937,
            "ema_span_1": 408.569375712126,
            "entry_grid_double_down_factor": 2.1156472985562274,
            "entry_grid_spacing_pct": 0.06201587964429382,
            "entry_grid_spacing_weight": 4.643288721945689,
            "entry_initial_ema_dist": -0.0009592725086498555,
            "entry_initial_qty_pct": 0.059105919596269395,
            "entry_trailing_grid_ratio": 0.2143454158530713,
            "entry_trailing_retracement_pct": 0.07373203427129751,
            "entry_trailing_threshold_pct": 0.03408594976268106,
            "n_positions": 0,
            "total_wallet_exposure_limit": 3.4615885792223073,
            "unstuck_close_pct": 0.026799226554638428,
            "unstuck_ema_dist": -0.020576496171668512,
            "unstuck_loss_allowance_pct": 0.04795909505231273,
            "unstuck_threshold": 0.7190941951457372
        }
    },
    "live": {
        "approved_coins": [
            "MAVIAUSDT"
        ],
        "auto_gs": true,
        "coin_flags": {},
        "execution_delay_seconds": 2,
        "filter_by_min_effective_cost": true,
        "forced_mode_long": "",
        "forced_mode_short": "",
        "ignored_coins": [
            "COIN1",
            "COIN2"
        ],
        "leverage": 10,
        "max_n_cancellations_per_batch": 5,
        "max_n_creations_per_batch": 3,
        "minimum_coin_age_days": 30,
        "ohlcv_rolling_window": 60,
        "pnls_max_lookback_days": 30,
        "price_distance_threshold": 0.002,
        "relative_volume_filter_clip_pct": 0.5,
        "time_in_force": "good_till_cancelled",
        "user": "hyperliquid_v7"
    },
    "optimize": {
        "bounds": {
            "long_close_grid_markup_range": [
                0,
                0.06
            ],
            "long_close_grid_min_markup": [
                0.001,
                0.06
            ],
            "long_close_grid_qty_pct": [
                0.05,
                1
            ],
            "long_close_trailing_grid_ratio": [
                -1,
                1
            ],
            "long_close_trailing_qty_pct": [
                0.05,
                1
            ],
            "long_close_trailing_retracement_pct": [
                0,
                0.3
            ],
            "long_close_trailing_threshold_pct": [
                -0.1,
                0.1
            ],
            "long_ema_span_0": [
                200,
                1440
            ],
            "long_ema_span_1": [
                200,
                1440
            ],
            "long_entry_grid_double_down_factor": [
                0.1,
                3
            ],
            "long_entry_grid_spacing_pct": [
                0.001,
                0.12
            ],
            "long_entry_grid_spacing_weight": [
                0,
                10
            ],
            "long_entry_initial_ema_dist": [
                -0.1,
                0.003
            ],
            "long_entry_initial_qty_pct": [
                0.005,
                0.1
            ],
            "long_entry_trailing_grid_ratio": [
                -1,
                1
            ],
            "long_entry_trailing_retracement_pct": [
                0,
                0.1
            ],
            "long_entry_trailing_threshold_pct": [
                -0.1,
                0.1
            ],
            "long_n_positions": [
                1,
                20
            ],
            "long_total_wallet_exposure_limit": [
                2,
                4
            ],
            "long_unstuck_close_pct": [
                0.001,
                0.1
            ],
            "long_unstuck_ema_dist": [
                -0.1,
                0.01
            ],
            "long_unstuck_loss_allowance_pct": [
                0,
                0.05
            ],
            "long_unstuck_threshold": [
                0.4,
                0.95
            ],
            "short_close_grid_markup_range": [
                0,
                0.03
            ],
            "short_close_grid_min_markup": [
                0.001,
                0.03
            ],
            "short_close_grid_qty_pct": [
                0.05,
                1
            ],
            "short_close_trailing_grid_ratio": [
                -1,
                1
            ],
            "short_close_trailing_qty_pct": [
                0.05,
                1
            ],
            "short_close_trailing_retracement_pct": [
                0,
                0.1
            ],
            "short_close_trailing_threshold_pct": [
                -0.1,
                0.1
            ],
            "short_ema_span_0": [
                200,
                1440
            ],
            "short_ema_span_1": [
                200,
                1440
            ],
            "short_entry_grid_double_down_factor": [
                0.1,
                3
            ],
            "short_entry_grid_spacing_pct": [
                0.001,
                0.12
            ],
            "short_entry_grid_spacing_weight": [
                0,
                10
            ],
            "short_entry_initial_ema_dist": [
                -0.1,
                0.003
            ],
            "short_entry_initial_qty_pct": [
                0.005,
                0.1
            ],