{"analysis": {"adg": 0.0025002580041742113,
              "drawdown_worst": 0.19421066681804833,
              "equity_balance_diff_max": 0.17145553786732495,
              "equity_balance_diff_mean": 0.009759211684401331,
              "loss_profit_ratio": 0.2907792860861776,
              "mdg": 0.0018848277929566014,
              "n_iters": 9472,
              "sharpe_ratio": 0.18541555745510627,
              "w_0": -0.0018848277929566014,
              "w_1": -0.18541555745510627},
 "backtest": {"base_dir": "backtests",
              "end_date": "now",
              "exchange": "binance",
              "start_date": "2021-05-01",
              "starting_balance": 100000,
              "symbols": ["MAVUSDT"]},
 "bot": {"long": {"close_grid_markup_range": 0.010508777984711032,
                  "close_grid_min_markup": 0.03031797255031109,
                  "close_grid_qty_pct": 0.2674291060967996,
                  "close_trailing_grid_ratio": 0.8067363990017671,
                  "close_trailing_qty_pct": 0.6361796575559613,
                  "close_trailing_retracement_pct": 0.10934956150622709,
                  "close_trailing_threshold_pct": -0.026663581375353098,
                  "ema_span_0": 355.17361896452576,
                  "ema_span_1": 776.9510396633174,
                  "entry_grid_double_down_factor": 1.2548670103480564,
                  "entry_grid_spacing_pct": 0.09701478811213404,
                  "entry_grid_spacing_weight": 4.902912077232331,
                  "entry_initial_ema_dist": -0.07632418874629235,
                  "entry_initial_qty_pct": 0.04112138040616585,
                  "entry_trailing_grid_ratio": -0.7981879116019497,
                  "entry_trailing_retracement_pct": 0.09458724049755862,
                  "entry_trailing_threshold_pct": -0.03377423202572914,
                  "filter_relative_volume_clip_pct": 0.5243441890392182,
                  "filter_rolling_window": 222.33361406717862,
                  "n_positions": 1.0,
                  "total_wallet_exposure_limit": 2.5,
                  "unstuck_close_pct": 0.02484301280389297,
                  "unstuck_ema_dist": -0.08760118133307135,
                  "unstuck_loss_allowance_pct": 0.02709009662928544,
                  "unstuck_threshold": 0.829245183552858},
         "short": {"close_grid_markup_range": 0.004861315560017777,
                   "close_grid_min_markup": 0.018709967356611085,
                   "close_grid_qty_pct": 0.11187531472867307,
                   "close_trailing_grid_ratio": -0.08534491403083887,
                   "close_trailing_qty_pct": 0.08902874666416129,
                   "close_trailing_retracement_pct": 0.060389089013312525,
                   "close_trailing_threshold_pct": -0.08213544507399913,
                   "ema_span_0": 1188.3404884406682,
                   "ema_span_1": 693.8466952308632,
                   "entry_grid_double_down_factor": 0.7196034488594641,
                   "entry_grid_spacing_pct": 0.050289820655583004,
                   "entry_grid_spacing_weight": 1.2827342122037262,
                   "entry_initial_ema_dist": -0.07482110843425305,
                   "entry_initial_qty_pct": 0.016147161937552862,
                   "entry_trailing_grid_ratio": -0.701578715118766,
                   "entry_trailing_retracement_pct": 0.06844704617806255,
                   "entry_trailing_threshold_pct": 0.09199347748523062,
                   "filter_relative_volume_clip_pct": 0.4043339620291465,
                   "filter_rolling_window": 921.2302630587945,
                   "n_positions": 1.0,
                   "total_wallet_exposure_limit": 1.0,
                   "unstuck_close_pct": 0.03600232437031148,
                   "unstuck_ema_dist": -0.08115084848683823,
                   "unstuck_loss_allowance_pct": 0.043380844465580805,
                   "unstuck_threshold": 0.8316641734793504}},
 "live": {"approved_coins": ["MAVUSDT"],
          "auto_gs": true,
          "coin_flags": {},
          "execution_delay_seconds": 2,
          "filter_by_min_effective_cost": true,
          "forced_mode_long": "",
          "forced_mode_short": "",
          "ignored_coins": [],
          "leverage": 10,
          "max_n_cancellations_per_batch": 5,
          "max_n_creations_per_batch": 3,
          "minimum_coin_age_days": 30,
          "ohlcv_rolling_window": 60,
          "pnls_max_lookback_days": 30,
          "price_distance_threshold": 0.002,
          "relative_volume_filter_clip_pct": 0.5,
          "time_in_force": "good_till_cancelled",
          "user": "hyperliquid_v7"},
 "optimize": {"bounds": {"long_close_grid_markup_range": [0, 0.06],
                         "long_close_grid_min_markup": [0.001, 0.06],
                         "long_close_grid_qty_pct": [0.05, 1],
                         "long_close_trailing_grid_ratio": [-1, 1],
                         "long_close_trailing_qty_pct": [0.05, 1],
                         "long_close_trailing_retracement_pct": [0, 0.3],
                         "long_close_trailing_threshold_pct": [-0.1, 0.1],
                         "long_ema_span_0": [200, 1440],
                         "long_ema_span_1": [200, 1440],
                         "long_entry_grid_double_down_factor": [0.1, 3],
                         "long_entry_grid_spacing_pct": [0.001, 0.12],
                         "long_entry_grid_spacing_weight": [0, 10],
                         "long_entry_initial_ema_dist": [-0.1, 0.003],
                         "long_entry_initial_qty_pct": [0.005, 0.1],
                         "long_entry_trailing_grid_ratio": [-1, 1],
                         "long_entry_trailing_retracement_pct": [0, 0.1],
                         "long_entry_trailing_threshold_pct": [-0.1, 0.1],
                         "long_filter_relative_volume_clip_pct": [0.0, 1.0],
                         "long_filter_rolling_window": [10.0, 1440.0],
                         "long_n_positions": [1.0, 1.0],
                         "long_total_wallet_exposure_limit": [2.5, 2.5],
                         "long_unstuck_close_pct": [0.001, 0.1],
                         "long_unstuck_ema_dist": [-0.1, 0.01],
                         "long_unstuck_loss_allowance_pct": [0, 0.05],
                         "long_unstuck_threshold": [0.4, 0.95],
                         "short_close_grid_markup_range": [0, 0.03],
                         "short_close_grid_min_markup": [0.001, 0.03],
                         "short_close_grid_qty_pct": [0.05, 1],
                         "short_close_trailing_grid_ratio": [-1, 1],
                         "short_close_trailing_qty_pct": [0.05, 1],
                         "short_close_trailing_retracement_pct": [0, 0.1],
                         "short_close_trailing_threshold_pct": [-0.1, 0.1],
                         "short_ema_span_0": [200, 1440],
                         "short_ema_span_1": [200, 1440],
                         "short_entry_grid_double_down_factor": [0.1, 3],
                         "short_entry_grid_spacing_pct": [0.001, 0.12],
                         "short_entry_grid_spacing_weight": [0, 10],
                         "short_entry_initial_ema_dist": [-0.1, 0.003],
                         "short_entry_initial_qty_pct": [0.005, 0.1],
                         "short_entry_trailing_grid_ratio": [-1, 1],
                         "short_entry_trailing_retracement_pct": [0, 0.1],
                         "short_entry_trailing_threshold_pct": [-0.1, 0.1],
                         "short_filter_relative_volume_clip_pct": [0.0, 1.0],
                         "short_filter_rolling_window": [10.0, 1440.0],
                         "short_n_positions": [1.0, 1.0],
                         "short_total_wallet_exposure_limit": [1.0, 1.0],
                         "short_unstuck_close_pct": [0.001, 0.1],
                         "short_unstuck_ema_dist": [-0.1, 0.01],