{
    "analysis": {
        "adg": 0.0024966085288460615,
        "drawdown_worst": 0.22393901899871302,
        "equity_balance_diff_max": 0.25213846270464907,
        "equity_balance_diff_mean": 0.00948002071270235,
        "loss_profit_ratio": 0.21238334005092782,
        "mdg": 0.0017175126487636505,
        "n_iters": 9486,
        "sharpe_ratio": 0.18818679068045183,
        "w_0": -0.0017175126487636505,
        "w_1": -0.18818679068045183
    },
    "backtest": {
        "base_dir": "backtests",
        "end_date": "now",
        "exchange": "binance",
        "start_date": "2021-05-01",
        "starting_balance": 100000,
        "symbols": [
            "MEMEUSDT"
        ]
    },
    "bot": {
        "long": {
            "close_grid_markup_range": 0.016232160496013528,
            "close_grid_min_markup": 0.036824450666246115,
            "close_grid_qty_pct": 0.8086370112047271,
            "close_trailing_grid_ratio": 0.10088478149243399,
            "close_trailing_qty_pct": 0.784800833413147,
            "close_trailing_retracement_pct": 0.11885420512847801,
            "close_trailing_threshold_pct": -0.07627985706670451,
            "ema_span_0": 856.4921906755019,
            "ema_span_1": 527.4382173705774,
            "entry_grid_double_down_factor": 0.43785661398588804,
            "entry_grid_spacing_pct": 0.08315797584343076,
            "entry_grid_spacing_weight": 0.8014011051794349,
            "entry_initial_ema_dist": -0.012447949515056823,
            "entry_initial_qty_pct": 0.021062818605889506,
            "entry_trailing_grid_ratio": -0.9003521466669457,
            "entry_trailing_retracement_pct": 0.07147694561700443,
            "entry_trailing_threshold_pct": 0.029003248323348798,
            "n_positions": 16.45104016451269,
            "total_wallet_exposure_limit": 3.932809943743411,
            "unstuck_close_pct": 0.005709059185132752,
            "unstuck_ema_dist": -0.0827844843885197,
            "unstuck_loss_allowance_pct": 0.02365246384437237,
            "unstuck_threshold": 0.8760672067612192
        },
        "short": {
            "close_grid_markup_range": 0.0017578618850014921,
            "close_grid_min_markup": 0.01185009149432939,
            "close_grid_qty_pct": 0.4629250665339558,
            "close_trailing_grid_ratio": -0.3403636922921679,
            "close_trailing_qty_pct": 0.9163677778482863,
            "close_trailing_retracement_pct": 0.05754412785215067,
            "close_trailing_threshold_pct": 0.014425572995528754,
            "ema_span_0": 611.8588440215151,
            "ema_span_1": 285.8273526944631,
            "entry_grid_double_down_factor": 1.6950715543260388,
            "entry_grid_spacing_pct": 0.09799833771073439,
            "entry_grid_spacing_weight": 4.12473568511937,
            "entry_initial_ema_dist": -0.04313194374191542,
            "entry_initial_qty_pct": 0.0847620128776894,
            "entry_trailing_grid_ratio": -0.25928686653114097,
            "entry_trailing_retracement_pct": 0.03530678472025382,
            "entry_trailing_threshold_pct": 0.09356208747865406,
            "n_positions": 0,
            "total_wallet_exposure_limit": 4.037995057054939,
            "unstuck_close_pct": 0.05096545202496241,
            "unstuck_ema_dist": -0.020814955028721757,
            "unstuck_loss_allowance_pct": 0.041787900889950255,
            "unstuck_threshold": 0.5756324451653232
        }
    },
    "live": {
        "approved_coins": [
            "MEMEUSDT"
        ],
        "auto_gs": true,
        "coin_flags": {},
        "execution_delay_seconds": 2,
        "filter_by_min_effective_cost": true,
        "forced_mode_long": "",
        "forced_mode_short": "",
        "ignored_coins": [
            "COIN1",
            "COIN2"
        ],
        "leverage": 10,
        "max_n_cancellations_per_batch": 5,
        "max_n_creations_per_batch": 3,
        "minimum_coin_age_days": 30,
        "ohlcv_rolling_window": 60,
        "pnls_max_lookback_days": 30,
        "price_distance_threshold": 0.002,
        "relative_volume_filter_clip_pct": 0.5,
        "time_in_force": "good_till_cancelled",
        "user": "hyperliquid_v7"
    },
    "optimize": {
        "bounds": {
            "long_close_grid_markup_range": [
                0,
                0.06
            ],
            "long_close_grid_min_markup": [
                0.001,
                0.06
            ],
            "long_close_grid_qty_pct": [
                0.05,
                1
            ],
            "long_close_trailing_grid_ratio": [
                -1,
                1
            ],
            "long_close_trailing_qty_pct": [
                0.05,
                1
            ],
            "long_close_trailing_retracement_pct": [
                0,
                0.3
            ],
            "long_close_trailing_threshold_pct": [
                -0.1,
                0.1
            ],
            "long_ema_span_0": [
                200,
                1440
            ],
            "long_ema_span_1": [
                200,
                1440
            ],
            "long_entry_grid_double_down_factor": [
                0.1,
                3
            ],
            "long_entry_grid_spacing_pct": [
                0.001,
                0.12
            ],
            "long_entry_grid_spacing_weight": [
                0,
                10
            ],
            "long_entry_initial_ema_dist": [
                -0.1,
                0.003
            ],
            "long_entry_initial_qty_pct": [
                0.005,
                0.1
            ],
            "long_entry_trailing_grid_ratio": [
                -1,
                1
            ],
            "long_entry_trailing_retracement_pct": [
                0,
                0.1
            ],
            "long_entry_trailing_threshold_pct": [
                -0.1,
                0.1
            ],
            "long_n_positions": [
                1,
                20
            ],
            "long_total_wallet_exposure_limit": [
                2,
                4
            ],
            "long_unstuck_close_pct": [
                0.001,
                0.1
            ],
            "long_unstuck_ema_dist": [
                -0.1,
                0.01
            ],
            "long_unstuck_loss_allowance_pct": [
                0,
                0.05
            ],
            "long_unstuck_threshold": [
                0.4,
                0.95
            ],
            "short_close_grid_markup_range": [
                0,
                0.03
            ],
            "short_close_grid_min_markup": [
                0.001,
                0.03
            ],
            "short_close_grid_qty_pct": [
                0.05,
                1
            ],
            "short_close_trailing_grid_ratio": [
                -1,
                1
            ],
            "short_close_trailing_qty_pct": [
                0.05,
                1
            ],
            "short_close_trailing_retracement_pct": [
                0,
                0.1
            ],
            "short_close_trailing_threshold_pct": [
                -0.1,
                0.1
            ],
            "short_ema_span_0": [
                200,
                1440
            ],
            "short_ema_span_1": [
                200,
                1440
            ],
            "short_entry_grid_double_down_factor": [
                0.1,
                3
            ],
            "short_entry_grid_spacing_pct": [
                0.001,
                0.12
            ],
            "short_entry_grid_spacing_weight": [
                0,
                10
            ],
            "short_entry_initial_ema_dist": [
                -0.1,
                0.003
            ],
            "short_entry_initial_qty_pct": [
                0.005,
                0.1
            ],