{"analysis": {"adg": 0.0024966085288460615,
              "drawdown_worst": 0.22393901899871302,
              "equity_balance_diff_max": 0.25213846270464907,
              "equity_balance_diff_mean": 0.00948002071270235,
              "loss_profit_ratio": 0.21238334005092782,
              "mdg": 0.0017175126487636505,
              "n_iters": 9486,
              "sharpe_ratio": 0.18818679068045183,
              "w_0": -0.0017175126487636505,
              "w_1": -0.18818679068045183},
 "backtest": {"base_dir": "backtests",
              "end_date": "now",
              "exchange": "binance",
              "start_date": "2021-05-01",
              "starting_balance": 100000,
              "symbols": ["MEMEUSDT"]},
 "bot": {"long": {"close_grid_markup_range": 0.01132183873779766,
                  "close_grid_min_markup": 0.05535225795110163,
                  "close_grid_qty_pct": 0.8584266976527682,
                  "close_trailing_grid_ratio": 0.39666275360144265,
                  "close_trailing_qty_pct": 0.6642518385549087,
                  "close_trailing_retracement_pct": 0.05349125809320158,
                  "close_trailing_threshold_pct": -0.09626542195978918,
                  "ema_span_0": 240.7920840808461,
                  "ema_span_1": 450.7833380650534,
                  "entry_grid_double_down_factor": 1.2298615874257492,
                  "entry_grid_spacing_pct": 0.08829289911483802,
                  "entry_grid_spacing_weight": 1.2539051217362496,
                  "entry_initial_ema_dist": -0.08649660870966477,
                  "entry_initial_qty_pct": 0.008702608317967698,
                  "entry_trailing_grid_ratio": -0.33026369127776734,
                  "entry_trailing_retracement_pct": 0.08176694946363783,
                  "entry_trailing_threshold_pct": 0.057931098786432024,
                  "filter_relative_volume_clip_pct": 0.17492360616277897,
                  "filter_rolling_window": 120.40151938798736,
                  "n_positions": 1.0,
                  "total_wallet_exposure_limit": 2.5,
                  "unstuck_close_pct": 0.08498919752502841,
                  "unstuck_ema_dist": -0.037178738215137154,
                  "unstuck_loss_allowance_pct": 0.033684782759478234,
                  "unstuck_threshold": 0.8704507290429673},
         "short": {"close_grid_markup_range": 0.008939229258385471,
                   "close_grid_min_markup": 0.01464600846420401,
                   "close_grid_qty_pct": 0.4978630588824016,
                   "close_trailing_grid_ratio": -0.10209410702594335,
                   "close_trailing_qty_pct": 0.1966017612176326,
                   "close_trailing_retracement_pct": 0.045979122290315866,
                   "close_trailing_threshold_pct": -0.05022233136831642,
                   "ema_span_0": 802.4161698619855,
                   "ema_span_1": 1167.2730983611657,
                   "entry_grid_double_down_factor": 2.7085041371063054,
                   "entry_grid_spacing_pct": 0.04014454992938711,
                   "entry_grid_spacing_weight": 6.171707412099501,
                   "entry_initial_ema_dist": -0.04201842645318478,
                   "entry_initial_qty_pct": 0.03876923804647145,
                   "entry_trailing_grid_ratio": 0.8528072849141046,
                   "entry_trailing_retracement_pct": 0.055628079269700294,
                   "entry_trailing_threshold_pct": 0.02754212455954889,
                   "filter_relative_volume_clip_pct": 0.5290430513564117,
                   "filter_rolling_window": 236.5307629166719,
                   "n_positions": 1.0,
                   "total_wallet_exposure_limit": 1.0,
                   "unstuck_close_pct": 0.08349437325227838,
                   "unstuck_ema_dist": -0.09483599209933147,
                   "unstuck_loss_allowance_pct": 0.009350800821817214,
                   "unstuck_threshold": 0.7476999881080295}},
 "live": {"approved_coins": ["MEMEUSDT"],
          "auto_gs": true,
          "coin_flags": {},
          "execution_delay_seconds": 2,
          "filter_by_min_effective_cost": true,
          "forced_mode_long": "",
          "forced_mode_short": "",
          "ignored_coins": [],
          "leverage": 10,
          "max_n_cancellations_per_batch": 5,
          "max_n_creations_per_batch": 3,
          "minimum_coin_age_days": 30,
          "ohlcv_rolling_window": 60,
          "pnls_max_lookback_days": 30,
          "price_distance_threshold": 0.002,
          "relative_volume_filter_clip_pct": 0.5,
          "time_in_force": "good_till_cancelled",
          "user": "hyperliquid_v7"},
 "optimize": {"bounds": {"long_close_grid_markup_range": [0, 0.06],
                         "long_close_grid_min_markup": [0.001, 0.06],
                         "long_close_grid_qty_pct": [0.05, 1],
                         "long_close_trailing_grid_ratio": [-1, 1],
                         "long_close_trailing_qty_pct": [0.05, 1],
                         "long_close_trailing_retracement_pct": [0, 0.3],
                         "long_close_trailing_threshold_pct": [-0.1, 0.1],
                         "long_ema_span_0": [200, 1440],
                         "long_ema_span_1": [200, 1440],
                         "long_entry_grid_double_down_factor": [0.1, 3],
                         "long_entry_grid_spacing_pct": [0.001, 0.12],
                         "long_entry_grid_spacing_weight": [0, 10],
                         "long_entry_initial_ema_dist": [-0.1, 0.003],
                         "long_entry_initial_qty_pct": [0.005, 0.1],
                         "long_entry_trailing_grid_ratio": [-1, 1],
                         "long_entry_trailing_retracement_pct": [0, 0.1],
                         "long_entry_trailing_threshold_pct": [-0.1, 0.1],
                         "long_filter_relative_volume_clip_pct": [0.0, 1.0],
                         "long_filter_rolling_window": [10.0, 1440.0],
                         "long_n_positions": [1.0, 1.0],
                         "long_total_wallet_exposure_limit": [2.5, 2.5],
                         "long_unstuck_close_pct": [0.001, 0.1],
                         "long_unstuck_ema_dist": [-0.1, 0.01],
                         "long_unstuck_loss_allowance_pct": [0, 0.05],
                         "long_unstuck_threshold": [0.4, 0.95],
                         "short_close_grid_markup_range": [0, 0.03],
                         "short_close_grid_min_markup": [0.001, 0.03],
                         "short_close_grid_qty_pct": [0.05, 1],
                         "short_close_trailing_grid_ratio": [-1, 1],
                         "short_close_trailing_qty_pct": [0.05, 1],
                         "short_close_trailing_retracement_pct": [0, 0.1],
                         "short_close_trailing_threshold_pct": [-0.1, 0.1],
                         "short_ema_span_0": [200, 1440],
                         "short_ema_span_1": [200, 1440],
                         "short_entry_grid_double_down_factor": [0.1, 3],
                         "short_entry_grid_spacing_pct": [0.001, 0.12],
                         "short_entry_grid_spacing_weight": [0, 10],
                         "short_entry_initial_ema_dist": [-0.1, 0.003],
                         "short_entry_initial_qty_pct": [0.005, 0.1],
                         "short_entry_trailing_grid_ratio": [-1, 1],
                         "short_entry_trailing_retracement_pct": [0, 0.1],
                         "short_entry_trailing_threshold_pct": [-0.1, 0.1],
                         "short_filter_relative_volume_clip_pct": [0.0, 1.0],
                         "short_filter_rolling_window": [10.0, 1440.0],
                         "short_n_positions": [1.0, 1.0],
                         "short_total_wallet_exposure_limit": [1.0, 1.0],
                         "short_unstuck_close_pct": [0.001, 0.1],
                         "short_unstuck_ema_dist": [-0.1, 0.01],