{"analysis": {"adg": 0.0024966085288460615,
              "drawdown_worst": 0.22393901899871302,
              "equity_balance_diff_max": 0.25213846270464907,
              "equity_balance_diff_mean": 0.00948002071270235,
              "loss_profit_ratio": 0.21238334005092782,
              "mdg": 0.0017175126487636505,
              "n_iters": 9486,
              "sharpe_ratio": 0.18818679068045183,
              "w_0": -0.0017175126487636505,
              "w_1": -0.18818679068045183},
 "backtest": {"base_dir": "backtests",
              "end_date": "now",
              "exchange": "binance",
              "start_date": "2021-05-01",
              "starting_balance": 100000,
              "symbols": ["MEMEUSDT"]},
 "bot": {"long": {"close_grid_markup_range": 0.05033348478985311,
                  "close_grid_min_markup": 0.004183705744612836,
                  "close_grid_qty_pct": 0.09881770357305637,
                  "close_trailing_grid_ratio": -0.9156381940602552,
                  "close_trailing_qty_pct": 0.7149051138223835,
                  "close_trailing_retracement_pct": 0.02854182051524254,
                  "close_trailing_threshold_pct": -0.061610552748157806,
                  "ema_span_0": 1276.784827822652,
                  "ema_span_1": 671.2440848379796,
                  "entry_grid_double_down_factor": 0.9100953556020609,
                  "entry_grid_spacing_pct": 0.05352273127958011,
                  "entry_grid_spacing_weight": 6.587723260673717,
                  "entry_initial_ema_dist": -0.04960889940990021,
                  "entry_initial_qty_pct": 0.00884293906268166,
                  "entry_trailing_grid_ratio": -0.11569376713803015,
                  "entry_trailing_retracement_pct": 0.09655950252121503,
                  "entry_trailing_threshold_pct": -0.01463370765680647,
                  "filter_relative_volume_clip_pct": 0.8670259131115088,
                  "filter_rolling_window": 649.326450313464,
                  "n_positions": 1,
                  "total_wallet_exposure_limit": 2.5,
                  "unstuck_close_pct": 0.019566661164656364,
                  "unstuck_ema_dist": -0.009926384967118475,
                  "unstuck_loss_allowance_pct": 0.0005010614894979809,
                  "unstuck_threshold": 0.4436300826105084},
         "short": {"close_grid_markup_range": 0.0012799259925344933,
                   "close_grid_min_markup": 0.003503350399872091,
                   "close_grid_qty_pct": 0.7675035955461949,
                   "close_trailing_grid_ratio": -0.11711443835167784,
                   "close_trailing_qty_pct": 0.7775528184542225,
                   "close_trailing_retracement_pct": 0.035003672138386524,
                   "close_trailing_threshold_pct": -0.09533852678265294,
                   "ema_span_0": 1374.4918097940729,
                   "ema_span_1": 669.1442806795436,
                   "entry_grid_double_down_factor": 2.7074842409335496,
                   "entry_grid_spacing_pct": 0.03341947377564222,
                   "entry_grid_spacing_weight": 6.930961168083902,
                   "entry_initial_ema_dist": -0.01882049969564774,
                   "entry_initial_qty_pct": 0.03550216333388767,
                   "entry_trailing_grid_ratio": 0.020906206298616725,
                   "entry_trailing_retracement_pct": 0.08898828635213651,
                   "entry_trailing_threshold_pct": 0.09578123093223838,
                   "filter_relative_volume_clip_pct": 0.05765831438105362,
                   "filter_rolling_window": 1200.5274081991724,
                   "n_positions": 1,
                   "total_wallet_exposure_limit": 1,
                   "unstuck_close_pct": 0.027457120419571376,
                   "unstuck_ema_dist": -0.08712903889272297,
                   "unstuck_loss_allowance_pct": 0.001171586571305559,
                   "unstuck_threshold": 0.6281795534528116}},
 "live": {"approved_coins": ["MEMEUSDT"],
          "auto_gs": true,
          "coin_flags": {},
          "execution_delay_seconds": 2,
          "filter_by_min_effective_cost": true,
          "forced_mode_long": "",
          "forced_mode_short": "",
          "ignored_coins": [],
          "leverage": 10,
          "max_n_cancellations_per_batch": 5,
          "max_n_creations_per_batch": 3,
          "minimum_coin_age_days": 30,
          "ohlcv_rolling_window": 60,
          "pnls_max_lookback_days": 30,
          "price_distance_threshold": 0.002,
          "relative_volume_filter_clip_pct": 0.5,
          "time_in_force": "good_till_cancelled",
          "user": "hyperliquid_v7"},
 "optimize": {"bounds": {"long_close_grid_markup_range": [0, 0.06],
                         "long_close_grid_min_markup": [0.001, 0.06],
                         "long_close_grid_qty_pct": [0.05, 1],
                         "long_close_trailing_grid_ratio": [-1, 1],
                         "long_close_trailing_qty_pct": [0.05, 1],
                         "long_close_trailing_retracement_pct": [0, 0.3],
                         "long_close_trailing_threshold_pct": [-0.1, 0.1],
                         "long_ema_span_0": [200, 1440],
                         "long_ema_span_1": [200, 1440],
                         "long_entry_grid_double_down_factor": [0.1, 3],
                         "long_entry_grid_spacing_pct": [0.001, 0.12],
                         "long_entry_grid_spacing_weight": [0, 10],
                         "long_entry_initial_ema_dist": [-0.1, 0.003],
                         "long_entry_initial_qty_pct": [0.005, 0.1],
                         "long_entry_trailing_grid_ratio": [-1, 1],
                         "long_entry_trailing_retracement_pct": [0, 0.1],
                         "long_entry_trailing_threshold_pct": [-0.1, 0.1],
                         "long_filter_relative_volume_clip_pct": [0, 1],
                         "long_filter_rolling_window": [10, 1440],
                         "long_n_positions": [1, 1],
                         "long_total_wallet_exposure_limit": [2.5, 2.5],
                         "long_unstuck_close_pct": [0.001, 0.1],
                         "long_unstuck_ema_dist": [-0.1, 0.01],
                         "long_unstuck_loss_allowance_pct": [0, 0.05],
                         "long_unstuck_threshold": [0.4, 0.95],
                         "short_close_grid_markup_range": [0, 0.03],
                         "short_close_grid_min_markup": [0.001, 0.03],
                         "short_close_grid_qty_pct": [0.05, 1],
                         "short_close_trailing_grid_ratio": [-1, 1],
                         "short_close_trailing_qty_pct": [0.05, 1],
                         "short_close_trailing_retracement_pct": [0, 0.1],
                         "short_close_trailing_threshold_pct": [-0.1, 0.1],
                         "short_ema_span_0": [200, 1440],
                         "short_ema_span_1": [200, 1440],
                         "short_entry_grid_double_down_factor": [0.1, 3],
                         "short_entry_grid_spacing_pct": [0.001, 0.12],
                         "short_entry_grid_spacing_weight": [0, 10],
                         "short_entry_initial_ema_dist": [-0.1, 0.003],
                         "short_entry_initial_qty_pct": [0.005, 0.1],
                         "short_entry_trailing_grid_ratio": [-1, 1],
                         "short_entry_trailing_retracement_pct": [0, 0.1],
                         "short_entry_trailing_threshold_pct": [-0.1, 0.1],
                         "short_filter_relative_volume_clip_pct": [0, 1],
                         "short_filter_rolling_window": [10, 1440],
                         "short_n_positions": [1, 1],
                         "short_total_wallet_exposure_limit": [1, 1],
                         "short_unstuck_close_pct": [0.001, 0.1],
                         "short_unstuck_ema_dist": [-0.1, 0.01],
                         "short_unstuck_loss_allowance_pct": [0, 0.05],