{"analysis": {"adg": 0.001284638005128515,
              "drawdown_worst": 0.15264535964230053,
              "equity_balance_diff_max": 0.20639386728842338,
              "equity_balance_diff_mean": 0.0043519561052148895,
              "loss_profit_ratio": 0.0326314190501834,
              "mdg": 0.0003534850020490011,
              "n_iters": 9451,
              "sharpe_ratio": 0.16022176323418,
              "w_0": -0.0003534850020490011,
              "w_1": -0.16022176323418},
 "backtest": {"base_dir": "backtests",
              "end_date": "now",
              "exchange": "binance",
              "start_date": "2021-05-01",
              "starting_balance": 100000,
              "symbols": ["MINAUSDT"]},
 "bot": {"long": {"close_grid_markup_range": 0.009225734483801162,
                  "close_grid_min_markup": 0.027437890393494903,
                  "close_grid_qty_pct": 0.9590421792694332,
                  "close_trailing_grid_ratio": 0.4352811605462985,
                  "close_trailing_qty_pct": 0.3990396966425652,
                  "close_trailing_retracement_pct": 0.014966233440692325,
                  "close_trailing_threshold_pct": 0.014047071006701647,
                  "ema_span_0": 463.7866791514348,
                  "ema_span_1": 1249.6196348260075,
                  "entry_grid_double_down_factor": 0.41426509122200106,
                  "entry_grid_spacing_pct": 0.03652520878182117,
                  "entry_grid_spacing_weight": 2.3788698855587427,
                  "entry_initial_ema_dist": -0.04301157787534129,
                  "entry_initial_qty_pct": 0.008634524991031508,
                  "entry_trailing_grid_ratio": -0.33906287116680733,
                  "entry_trailing_retracement_pct": 0.015325985537110787,
                  "entry_trailing_threshold_pct": 0.07932347189372296,
                  "filter_relative_volume_clip_pct": 0.8490733578806072,
                  "filter_rolling_window": 547.4749889793252,
                  "n_positions": 1,
                  "total_wallet_exposure_limit": 2.5,
                  "unstuck_close_pct": 0.05369664053591387,
                  "unstuck_ema_dist": -0.024675610296878064,
                  "unstuck_loss_allowance_pct": 0.0038320168742594536,
                  "unstuck_threshold": 0.7826105819645938},
         "short": {"close_grid_markup_range": 0.02204003219031351,
                   "close_grid_min_markup": 0.006839816096515759,
                   "close_grid_qty_pct": 0.23228365784036614,
                   "close_trailing_grid_ratio": -0.41547696934465,
                   "close_trailing_qty_pct": 0.2538254251611508,
                   "close_trailing_retracement_pct": 0.09541847205575066,
                   "close_trailing_threshold_pct": -0.03242876547834844,
                   "ema_span_0": 471.90368790403244,
                   "ema_span_1": 910.1888355464563,
                   "entry_grid_double_down_factor": 1.4746484767253134,
                   "entry_grid_spacing_pct": 0.06581777822864437,
                   "entry_grid_spacing_weight": 7.959155594065725,
                   "entry_initial_ema_dist": -0.05701690643110319,
                   "entry_initial_qty_pct": 0.01265274149985888,
                   "entry_trailing_grid_ratio": 0.46425088861104596,
                   "entry_trailing_retracement_pct": 0.09656931097540226,
                   "entry_trailing_threshold_pct": -0.01719491022631848,
                   "filter_relative_volume_clip_pct": 0.5355967040441685,
                   "filter_rolling_window": 1045.8689795841526,
                   "n_positions": 1,
                   "total_wallet_exposure_limit": 1,
                   "unstuck_close_pct": 0.03228416813519622,
                   "unstuck_ema_dist": -0.006814079261224816,
                   "unstuck_loss_allowance_pct": 0.0443660444899374,
                   "unstuck_threshold": 0.5382418241475476}},
 "live": {"approved_coins": ["MINAUSDT"],
          "auto_gs": true,
          "coin_flags": {},
          "execution_delay_seconds": 2,
          "filter_by_min_effective_cost": true,
          "forced_mode_long": "",
          "forced_mode_short": "",
          "ignored_coins": [],
          "leverage": 10,
          "max_n_cancellations_per_batch": 5,
          "max_n_creations_per_batch": 3,
          "minimum_coin_age_days": 30,
          "ohlcv_rolling_window": 60,
          "pnls_max_lookback_days": 30,
          "price_distance_threshold": 0.002,
          "relative_volume_filter_clip_pct": 0.5,
          "time_in_force": "good_till_cancelled",
          "user": "hyperliquid_v7"},
 "optimize": {"bounds": {"long_close_grid_markup_range": [0, 0.06],
                         "long_close_grid_min_markup": [0.001, 0.06],
                         "long_close_grid_qty_pct": [0.05, 1],
                         "long_close_trailing_grid_ratio": [-1, 1],
                         "long_close_trailing_qty_pct": [0.05, 1],
                         "long_close_trailing_retracement_pct": [0, 0.3],
                         "long_close_trailing_threshold_pct": [-0.1, 0.1],
                         "long_ema_span_0": [200, 1440],
                         "long_ema_span_1": [200, 1440],
                         "long_entry_grid_double_down_factor": [0.1, 3],
                         "long_entry_grid_spacing_pct": [0.001, 0.12],
                         "long_entry_grid_spacing_weight": [0, 10],
                         "long_entry_initial_ema_dist": [-0.1, 0.003],
                         "long_entry_initial_qty_pct": [0.005, 0.1],
                         "long_entry_trailing_grid_ratio": [-1, 1],
                         "long_entry_trailing_retracement_pct": [0, 0.1],
                         "long_entry_trailing_threshold_pct": [-0.1, 0.1],
                         "long_filter_relative_volume_clip_pct": [0, 1],
                         "long_filter_rolling_window": [10, 1440],
                         "long_n_positions": [1, 1],
                         "long_total_wallet_exposure_limit": [2.5, 2.5],
                         "long_unstuck_close_pct": [0.001, 0.1],
                         "long_unstuck_ema_dist": [-0.1, 0.01],
                         "long_unstuck_loss_allowance_pct": [0, 0.05],
                         "long_unstuck_threshold": [0.4, 0.95],
                         "short_close_grid_markup_range": [0, 0.03],
                         "short_close_grid_min_markup": [0.001, 0.03],
                         "short_close_grid_qty_pct": [0.05, 1],
                         "short_close_trailing_grid_ratio": [-1, 1],
                         "short_close_trailing_qty_pct": [0.05, 1],
                         "short_close_trailing_retracement_pct": [0, 0.1],
                         "short_close_trailing_threshold_pct": [-0.1, 0.1],
                         "short_ema_span_0": [200, 1440],
                         "short_ema_span_1": [200, 1440],
                         "short_entry_grid_double_down_factor": [0.1, 3],
                         "short_entry_grid_spacing_pct": [0.001, 0.12],
                         "short_entry_grid_spacing_weight": [0, 10],
                         "short_entry_initial_ema_dist": [-0.1, 0.003],
                         "short_entry_initial_qty_pct": [0.005, 0.1],
                         "short_entry_trailing_grid_ratio": [-1, 1],
                         "short_entry_trailing_retracement_pct": [0, 0.1],
                         "short_entry_trailing_threshold_pct": [-0.1, 0.1],
                         "short_filter_relative_volume_clip_pct": [0, 1],
                         "short_filter_rolling_window": [10, 1440],
                         "short_n_positions": [1, 1],
                         "short_total_wallet_exposure_limit": [1, 1],
                         "short_unstuck_close_pct": [0.001, 0.1],
                         "short_unstuck_ema_dist": [-0.1, 0.01],
                         "short_unstuck_loss_allowance_pct": [0, 0.05],