{
    "analysis": {
        "adg": 0.001284638005128515,
        "drawdown_worst": 0.15264535964230053,
        "equity_balance_diff_max": 0.20639386728842338,
        "equity_balance_diff_mean": 0.0043519561052148895,
        "loss_profit_ratio": 0.0326314190501834,
        "mdg": 0.0003534850020490011,
        "n_iters": 9451,
        "sharpe_ratio": 0.16022176323418,
        "w_0": -0.0003534850020490011,
        "w_1": -0.16022176323418
    },
    "backtest": {
        "base_dir": "backtests",
        "end_date": "now",
        "exchange": "binance",
        "start_date": "2021-05-01",
        "starting_balance": 100000,
        "symbols": [
            "MINAUSDT"
        ]
    },
    "bot": {
        "long": {
            "close_grid_markup_range": 0.01160323988521312,
            "close_grid_min_markup": 0.0067830108313950595,
            "close_grid_qty_pct": 0.4148154814215444,
            "close_trailing_grid_ratio": -0.23944559827177847,
            "close_trailing_qty_pct": 0.541438610337597,
            "close_trailing_retracement_pct": 0.1841419675362105,
            "close_trailing_threshold_pct": 0.05857732453081907,
            "ema_span_0": 1304.6207351575583,
            "ema_span_1": 650.8043591712803,
            "entry_grid_double_down_factor": 2.477845193086051,
            "entry_grid_spacing_pct": 0.04170674493269307,
            "entry_grid_spacing_weight": 2.6022932876900624,
            "entry_initial_ema_dist": -0.07173195534873798,
            "entry_initial_qty_pct": 0.007108126610274416,
            "entry_trailing_grid_ratio": -0.40939491211057616,
            "entry_trailing_retracement_pct": 0.06323229809885453,
            "entry_trailing_threshold_pct": -0.08914979846911186,
            "n_positions": 4.877818136030123,
            "total_wallet_exposure_limit": 3.8029295223918584,
            "unstuck_close_pct": 0.0152203338968371,
            "unstuck_ema_dist": 0.006200044883317983,
            "unstuck_loss_allowance_pct": 0.008910259680371674,
            "unstuck_threshold": 0.4345056889966576
        },
        "short": {
            "close_grid_markup_range": 0.013761142519212625,
            "close_grid_min_markup": 0.0012242354818504761,
            "close_grid_qty_pct": 0.18954658466639002,
            "close_trailing_grid_ratio": -0.26863572621510867,
            "close_trailing_qty_pct": 0.06886858555875018,
            "close_trailing_retracement_pct": 0.016139001788114848,
            "close_trailing_threshold_pct": 0.03582736243967838,
            "ema_span_0": 920.678896731476,
            "ema_span_1": 1288.8653053352514,
            "entry_grid_double_down_factor": 0.9534007828482057,
            "entry_grid_spacing_pct": 0.10329996262937419,
            "entry_grid_spacing_weight": 7.338647210620104,
            "entry_initial_ema_dist": -0.06297435150250928,
            "entry_initial_qty_pct": 0.06689415145665406,
            "entry_trailing_grid_ratio": -0.5190654849467209,
            "entry_trailing_retracement_pct": 0.05409291077039481,
            "entry_trailing_threshold_pct": -0.02444968557745928,
            "n_positions": 0,
            "total_wallet_exposure_limit": 0.003139167292509404,
            "unstuck_close_pct": 0.01844097030336169,
            "unstuck_ema_dist": 0.002629054559398286,
            "unstuck_loss_allowance_pct": 0.00626663413494266,
            "unstuck_threshold": 0.6080093405940792
        }
    },
    "live": {
        "approved_coins": [
            "MINAUSDT"
        ],
        "auto_gs": true,
        "coin_flags": {},
        "execution_delay_seconds": 2,
        "filter_by_min_effective_cost": true,
        "forced_mode_long": "",
        "forced_mode_short": "",
        "ignored_coins": [
            "COIN1",
            "COIN2"
        ],
        "leverage": 10,
        "max_n_cancellations_per_batch": 5,
        "max_n_creations_per_batch": 3,
        "minimum_coin_age_days": 30,
        "ohlcv_rolling_window": 60,
        "pnls_max_lookback_days": 30,
        "price_distance_threshold": 0.002,
        "relative_volume_filter_clip_pct": 0.5,
        "time_in_force": "good_till_cancelled",
        "user": "hyperliquid_v7"
    },
    "optimize": {
        "bounds": {
            "long_close_grid_markup_range": [
                0,
                0.06
            ],
            "long_close_grid_min_markup": [
                0.001,
                0.06
            ],
            "long_close_grid_qty_pct": [
                0.05,
                1
            ],
            "long_close_trailing_grid_ratio": [
                -1,
                1
            ],
            "long_close_trailing_qty_pct": [
                0.05,
                1
            ],
            "long_close_trailing_retracement_pct": [
                0,
                0.3
            ],
            "long_close_trailing_threshold_pct": [
                -0.1,
                0.1
            ],
            "long_ema_span_0": [
                200,
                1440
            ],
            "long_ema_span_1": [
                200,
                1440
            ],
            "long_entry_grid_double_down_factor": [
                0.1,
                3
            ],
            "long_entry_grid_spacing_pct": [
                0.001,
                0.12
            ],
            "long_entry_grid_spacing_weight": [
                0,
                10
            ],
            "long_entry_initial_ema_dist": [
                -0.1,
                0.003
            ],
            "long_entry_initial_qty_pct": [
                0.005,
                0.1
            ],
            "long_entry_trailing_grid_ratio": [
                -1,
                1
            ],
            "long_entry_trailing_retracement_pct": [
                0,
                0.1
            ],
            "long_entry_trailing_threshold_pct": [
                -0.1,
                0.1
            ],
            "long_n_positions": [
                1,
                20
            ],
            "long_total_wallet_exposure_limit": [
                2,
                4
            ],
            "long_unstuck_close_pct": [
                0.001,
                0.1
            ],
            "long_unstuck_ema_dist": [
                -0.1,
                0.01
            ],
            "long_unstuck_loss_allowance_pct": [
                0,
                0.05
            ],
            "long_unstuck_threshold": [
                0.4,
                0.95
            ],
            "short_close_grid_markup_range": [
                0,
                0.03
            ],
            "short_close_grid_min_markup": [
                0.001,
                0.03
            ],
            "short_close_grid_qty_pct": [
                0.05,
                1
            ],
            "short_close_trailing_grid_ratio": [
                -1,
                1
            ],
            "short_close_trailing_qty_pct": [
                0.05,
                1
            ],
            "short_close_trailing_retracement_pct": [
                0,
                0.1
            ],
            "short_close_trailing_threshold_pct": [
                -0.1,
                0.1
            ],
            "short_ema_span_0": [
                200,
                1440
            ],
            "short_ema_span_1": [
                200,
                1440
            ],
            "short_entry_grid_double_down_factor": [
                0.1,
                3
            ],
            "short_entry_grid_spacing_pct": [
                0.001,
                0.12
            ],
            "short_entry_grid_spacing_weight": [
                0,
                10
            ],
            "short_entry_initial_ema_dist": [
                -0.1,
                0.003
            ],
            "short_entry_initial_qty_pct": [
                0.005,
                0.1
            ],