{"analysis": {"adg": 0.0006496007411218833,
              "drawdown_worst": 0.15894752162241677,
              "equity_balance_diff_max": 0.1703885839488825,
              "equity_balance_diff_mean": 0.0034961653554784937,
              "loss_profit_ratio": 0.36547683036715894,
              "mdg": 0.0002555557615080752,
              "n_iters": 9481,
              "sharpe_ratio": 0.1541068532886055,
              "w_0": -0.0002555557615080752,
              "w_1": -0.1541068532886055},
 "backtest": {"base_dir": "backtests",
              "end_date": "now",
              "exchange": "binance",
              "start_date": "2021-05-01",
              "starting_balance": 100000,
              "symbols": ["MKRUSDT"]},
 "bot": {"long": {"close_grid_markup_range": 0.05255539580101376,
                  "close_grid_min_markup": 0.03287640626614103,
                  "close_grid_qty_pct": 0.4966470746132098,
                  "close_trailing_grid_ratio": -0.24332963236466534,
                  "close_trailing_qty_pct": 0.09792776122999472,
                  "close_trailing_retracement_pct": 0.07375537396681979,
                  "close_trailing_threshold_pct": 0.06194070970327249,
                  "ema_span_0": 475.6563150967432,
                  "ema_span_1": 568.940840460994,
                  "entry_grid_double_down_factor": 0.8806595868683808,
                  "entry_grid_spacing_pct": 0.07825160726474592,
                  "entry_grid_spacing_weight": 7.349248786847683,
                  "entry_initial_ema_dist": 0.0013344414692555723,
                  "entry_initial_qty_pct": 0.005625735988827671,
                  "entry_trailing_grid_ratio": -0.6481022645383337,
                  "entry_trailing_retracement_pct": 0.09956659428938092,
                  "entry_trailing_threshold_pct": 0.06414917741166037,
                  "filter_relative_volume_clip_pct": 0.9530536310936608,
                  "filter_rolling_window": 1250.8358972676924,
                  "n_positions": 1,
                  "total_wallet_exposure_limit": 2.5,
                  "unstuck_close_pct": 0.06464850225376621,
                  "unstuck_ema_dist": -0.07596191426907543,
                  "unstuck_loss_allowance_pct": 0.043339342117754545,
                  "unstuck_threshold": 0.4977085165299858},
         "short": {"close_grid_markup_range": 0.006158245376123652,
                   "close_grid_min_markup": 0.0015243643003789165,
                   "close_grid_qty_pct": 0.44507345640111984,
                   "close_trailing_grid_ratio": -0.567041774205228,
                   "close_trailing_qty_pct": 0.2112372677179118,
                   "close_trailing_retracement_pct": 0.06309590130261726,
                   "close_trailing_threshold_pct": -0.09407825178593202,
                   "ema_span_0": 934.1783648170194,
                   "ema_span_1": 887.0766227876902,
                   "entry_grid_double_down_factor": 1.5473851505188074,
                   "entry_grid_spacing_pct": 0.11287139593862296,
                   "entry_grid_spacing_weight": 8.47662619579976,
                   "entry_initial_ema_dist": -0.01347277965047674,
                   "entry_initial_qty_pct": 0.0090997623826406,
                   "entry_trailing_grid_ratio": 0.04219464763782965,
                   "entry_trailing_retracement_pct": 0.03714056324395253,
                   "entry_trailing_threshold_pct": -0.06828411445387306,
                   "filter_relative_volume_clip_pct": 0.795165118550914,
                   "filter_rolling_window": 461.0144195737639,
                   "n_positions": 1,
                   "total_wallet_exposure_limit": 1,
                   "unstuck_close_pct": 0.08914030105081633,
                   "unstuck_ema_dist": -0.06356358063067466,
                   "unstuck_loss_allowance_pct": 0.03345115701157806,
                   "unstuck_threshold": 0.8261070398922984}},
 "live": {"approved_coins": ["MKRUSDT"],
          "auto_gs": true,
          "coin_flags": {},
          "execution_delay_seconds": 2,
          "filter_by_min_effective_cost": true,
          "forced_mode_long": "",
          "forced_mode_short": "",
          "ignored_coins": [],
          "leverage": 10,
          "max_n_cancellations_per_batch": 5,
          "max_n_creations_per_batch": 3,
          "minimum_coin_age_days": 30,
          "ohlcv_rolling_window": 60,
          "pnls_max_lookback_days": 30,
          "price_distance_threshold": 0.002,
          "relative_volume_filter_clip_pct": 0.5,
          "time_in_force": "good_till_cancelled",
          "user": "hyperliquid_v7"},
 "optimize": {"bounds": {"long_close_grid_markup_range": [0, 0.06],
                         "long_close_grid_min_markup": [0.001, 0.06],
                         "long_close_grid_qty_pct": [0.05, 1],
                         "long_close_trailing_grid_ratio": [-1, 1],
                         "long_close_trailing_qty_pct": [0.05, 1],
                         "long_close_trailing_retracement_pct": [0, 0.3],
                         "long_close_trailing_threshold_pct": [-0.1, 0.1],
                         "long_ema_span_0": [200, 1440],
                         "long_ema_span_1": [200, 1440],
                         "long_entry_grid_double_down_factor": [0.1, 3],
                         "long_entry_grid_spacing_pct": [0.001, 0.12],
                         "long_entry_grid_spacing_weight": [0, 10],
                         "long_entry_initial_ema_dist": [-0.1, 0.003],
                         "long_entry_initial_qty_pct": [0.005, 0.1],
                         "long_entry_trailing_grid_ratio": [-1, 1],
                         "long_entry_trailing_retracement_pct": [0, 0.1],
                         "long_entry_trailing_threshold_pct": [-0.1, 0.1],
                         "long_filter_relative_volume_clip_pct": [0, 1],
                         "long_filter_rolling_window": [10, 1440],
                         "long_n_positions": [1, 1],
                         "long_total_wallet_exposure_limit": [2.5, 2.5],
                         "long_unstuck_close_pct": [0.001, 0.1],
                         "long_unstuck_ema_dist": [-0.1, 0.01],
                         "long_unstuck_loss_allowance_pct": [0, 0.05],
                         "long_unstuck_threshold": [0.4, 0.95],
                         "short_close_grid_markup_range": [0, 0.03],
                         "short_close_grid_min_markup": [0.001, 0.03],
                         "short_close_grid_qty_pct": [0.05, 1],
                         "short_close_trailing_grid_ratio": [-1, 1],
                         "short_close_trailing_qty_pct": [0.05, 1],
                         "short_close_trailing_retracement_pct": [0, 0.1],
                         "short_close_trailing_threshold_pct": [-0.1, 0.1],
                         "short_ema_span_0": [200, 1440],
                         "short_ema_span_1": [200, 1440],
                         "short_entry_grid_double_down_factor": [0.1, 3],
                         "short_entry_grid_spacing_pct": [0.001, 0.12],
                         "short_entry_grid_spacing_weight": [0, 10],
                         "short_entry_initial_ema_dist": [-0.1, 0.003],
                         "short_entry_initial_qty_pct": [0.005, 0.1],
                         "short_entry_trailing_grid_ratio": [-1, 1],
                         "short_entry_trailing_retracement_pct": [0, 0.1],
                         "short_entry_trailing_threshold_pct": [-0.1, 0.1],
                         "short_filter_relative_volume_clip_pct": [0, 1],
                         "short_filter_rolling_window": [10, 1440],
                         "short_n_positions": [1, 1],
                         "short_total_wallet_exposure_limit": [1, 1],
                         "short_unstuck_close_pct": [0.001, 0.1],
                         "short_unstuck_ema_dist": [-0.1, 0.01],
                         "short_unstuck_loss_allowance_pct": [0, 0.05],