{"analysis": {"adg": 0.006754438964894501,
              "drawdown_worst": 0.2325559217661559,
              "equity_balance_diff_max": 0.24276705427028167,
              "equity_balance_diff_mean": 0.007672613550278723,
              "loss_profit_ratio": 0.25766563460463987,
              "mdg": 0.004811922223609021,
              "n_iters": 9550,
              "sharpe_ratio": 0.43253345033441754,
              "w_0": -0.004811922223609021,
              "w_1": -0.43253345033441754},
 "backtest": {"base_dir": "backtests",
              "end_date": "now",
              "exchange": "binance",
              "start_date": "2021-05-01",
              "starting_balance": 100000,
              "symbols": ["MYROUSDT"]},
 "bot": {"long": {"close_grid_markup_range": 0.024267044561862322,
                  "close_grid_min_markup": 0.009823551859345796,
                  "close_grid_qty_pct": 0.09360833173036115,
                  "close_trailing_grid_ratio": 0.2457077915189146,
                  "close_trailing_qty_pct": 0.945570141014684,
                  "close_trailing_retracement_pct": 0.08661891018039616,
                  "close_trailing_threshold_pct": 0.004781275849211654,
                  "ema_span_0": 1204.1933386041924,
                  "ema_span_1": 392.68761626094164,
                  "entry_grid_double_down_factor": 1.0575003078292577,
                  "entry_grid_spacing_pct": 0.11346526677363054,
                  "entry_grid_spacing_weight": 9.969359956168393,
                  "entry_initial_ema_dist": -0.0358035593636464,
                  "entry_initial_qty_pct": 0.02097665175117634,
                  "entry_trailing_grid_ratio": -0.20169733918732918,
                  "entry_trailing_retracement_pct": 0.0799449708104268,
                  "entry_trailing_threshold_pct": -0.08036827729145732,
                  "filter_relative_volume_clip_pct": 0.28649935378775937,
                  "filter_rolling_window": 891.3976257622962,
                  "n_positions": 1,
                  "total_wallet_exposure_limit": 2.5,
                  "unstuck_close_pct": 0.02448796454470352,
                  "unstuck_ema_dist": -0.05466376375944985,
                  "unstuck_loss_allowance_pct": 0.028312920241193192,
                  "unstuck_threshold": 0.5046391355446226},
         "short": {"close_grid_markup_range": 0.0016798313398382163,
                   "close_grid_min_markup": 0.00882683401179464,
                   "close_grid_qty_pct": 0.9589480855395895,
                   "close_trailing_grid_ratio": -0.06736363012219573,
                   "close_trailing_qty_pct": 0.09223719622772573,
                   "close_trailing_retracement_pct": 0.04886711868954713,
                   "close_trailing_threshold_pct": 0.08275066457745006,
                   "ema_span_0": 1031.9179510009149,
                   "ema_span_1": 1028.8465433645767,
                   "entry_grid_double_down_factor": 1.253145612927673,
                   "entry_grid_spacing_pct": 0.025029264279403093,
                   "entry_grid_spacing_weight": 4.202109200248408,
                   "entry_initial_ema_dist": -0.04884854201758101,
                   "entry_initial_qty_pct": 0.03266799862457092,
                   "entry_trailing_grid_ratio": -0.14230297879519993,
                   "entry_trailing_retracement_pct": 0.08014981385558964,
                   "entry_trailing_threshold_pct": 0.08922078636768971,
                   "filter_relative_volume_clip_pct": 0.5350843737454666,
                   "filter_rolling_window": 534.843136710507,
                   "n_positions": 1,
                   "total_wallet_exposure_limit": 1,
                   "unstuck_close_pct": 0.004212927709463236,
                   "unstuck_ema_dist": -0.029751812542676653,
                   "unstuck_loss_allowance_pct": 0.025982891814426215,
                   "unstuck_threshold": 0.7356644875253919}},
 "live": {"approved_coins": ["MYROUSDT"],
          "auto_gs": true,
          "coin_flags": {},
          "execution_delay_seconds": 2,
          "filter_by_min_effective_cost": true,
          "forced_mode_long": "",
          "forced_mode_short": "",
          "ignored_coins": [],
          "leverage": 10,
          "max_n_cancellations_per_batch": 5,
          "max_n_creations_per_batch": 3,
          "minimum_coin_age_days": 30,
          "ohlcv_rolling_window": 60,
          "pnls_max_lookback_days": 30,
          "price_distance_threshold": 0.002,
          "relative_volume_filter_clip_pct": 0.5,
          "time_in_force": "good_till_cancelled",
          "user": "hyperliquid_v7"},
 "optimize": {"bounds": {"long_close_grid_markup_range": [0, 0.06],
                         "long_close_grid_min_markup": [0.001, 0.06],
                         "long_close_grid_qty_pct": [0.05, 1],
                         "long_close_trailing_grid_ratio": [-1, 1],
                         "long_close_trailing_qty_pct": [0.05, 1],
                         "long_close_trailing_retracement_pct": [0, 0.3],
                         "long_close_trailing_threshold_pct": [-0.1, 0.1],
                         "long_ema_span_0": [200, 1440],
                         "long_ema_span_1": [200, 1440],
                         "long_entry_grid_double_down_factor": [0.1, 3],
                         "long_entry_grid_spacing_pct": [0.001, 0.12],
                         "long_entry_grid_spacing_weight": [0, 10],
                         "long_entry_initial_ema_dist": [-0.1, 0.003],
                         "long_entry_initial_qty_pct": [0.005, 0.1],
                         "long_entry_trailing_grid_ratio": [-1, 1],
                         "long_entry_trailing_retracement_pct": [0, 0.1],
                         "long_entry_trailing_threshold_pct": [-0.1, 0.1],
                         "long_filter_relative_volume_clip_pct": [0, 1],
                         "long_filter_rolling_window": [10, 1440],
                         "long_n_positions": [1, 1],
                         "long_total_wallet_exposure_limit": [2.5, 2.5],
                         "long_unstuck_close_pct": [0.001, 0.1],
                         "long_unstuck_ema_dist": [-0.1, 0.01],
                         "long_unstuck_loss_allowance_pct": [0, 0.05],
                         "long_unstuck_threshold": [0.4, 0.95],
                         "short_close_grid_markup_range": [0, 0.03],
                         "short_close_grid_min_markup": [0.001, 0.03],
                         "short_close_grid_qty_pct": [0.05, 1],
                         "short_close_trailing_grid_ratio": [-1, 1],
                         "short_close_trailing_qty_pct": [0.05, 1],
                         "short_close_trailing_retracement_pct": [0, 0.1],
                         "short_close_trailing_threshold_pct": [-0.1, 0.1],
                         "short_ema_span_0": [200, 1440],
                         "short_ema_span_1": [200, 1440],
                         "short_entry_grid_double_down_factor": [0.1, 3],
                         "short_entry_grid_spacing_pct": [0.001, 0.12],
                         "short_entry_grid_spacing_weight": [0, 10],
                         "short_entry_initial_ema_dist": [-0.1, 0.003],
                         "short_entry_initial_qty_pct": [0.005, 0.1],
                         "short_entry_trailing_grid_ratio": [-1, 1],
                         "short_entry_trailing_retracement_pct": [0, 0.1],
                         "short_entry_trailing_threshold_pct": [-0.1, 0.1],
                         "short_filter_relative_volume_clip_pct": [0, 1],
                         "short_filter_rolling_window": [10, 1440],
                         "short_n_positions": [1, 1],
                         "short_total_wallet_exposure_limit": [1, 1],
                         "short_unstuck_close_pct": [0.001, 0.1],
                         "short_unstuck_ema_dist": [-0.1, 0.01],
                         "short_unstuck_loss_allowance_pct": [0, 0.05],