{"analysis": {"adg": 0.0005210090264909658,
              "drawdown_worst": 0.18228434233392402,
              "equity_balance_diff_max": 0.1597541165916976,
              "equity_balance_diff_mean": 0.009792931898055888,
              "loss_profit_ratio": 0.5302195836276817,
              "mdg": 0.0002614343844312502,
              "n_iters": 9491,
              "sharpe_ratio": 0.10449308494871354,
              "w_0": -0.0002614343844312502,
              "w_1": -0.10449308494871354},
 "backtest": {"base_dir": "backtests",
              "end_date": "now",
              "exchange": "binance",
              "start_date": "2021-05-01",
              "starting_balance": 100000,
              "symbols": ["NEARUSDT"]},
 "bot": {"long": {"close_grid_markup_range": 0.01072854262530249,
                  "close_grid_min_markup": 0.019892216042842723,
                  "close_grid_qty_pct": 0.457840190917043,
                  "close_trailing_grid_ratio": -0.21144989245254558,
                  "close_trailing_qty_pct": 0.6862153239433446,
                  "close_trailing_retracement_pct": 0.033851171674237235,
                  "close_trailing_threshold_pct": -0.05419558639237786,
                  "ema_span_0": 460.55862412166346,
                  "ema_span_1": 250.51597938847192,
                  "entry_grid_double_down_factor": 0.313183164249554,
                  "entry_grid_spacing_pct": 0.11800173687910563,
                  "entry_grid_spacing_weight": 0.8812700167173926,
                  "entry_initial_ema_dist": -0.015155992859956585,
                  "entry_initial_qty_pct": 0.006966384848458533,
                  "entry_trailing_grid_ratio": -0.9510631148049443,
                  "entry_trailing_retracement_pct": 0.06918188186697177,
                  "entry_trailing_threshold_pct": 0.012445605178605917,
                  "filter_relative_volume_clip_pct": 0.8407966220674384,
                  "filter_rolling_window": 1196.3100915014973,
                  "n_positions": 1,
                  "total_wallet_exposure_limit": 2.5,
                  "unstuck_close_pct": 0.07985588884012891,
                  "unstuck_ema_dist": -0.03264377950407049,
                  "unstuck_loss_allowance_pct": 0.03971734382151776,
                  "unstuck_threshold": 0.5655086120121637},
         "short": {"close_grid_markup_range": 0.01859279307595984,
                   "close_grid_min_markup": 0.010567677413971441,
                   "close_grid_qty_pct": 0.8084737446523457,
                   "close_trailing_grid_ratio": 0.019520794072292846,
                   "close_trailing_qty_pct": 0.8661523870526986,
                   "close_trailing_retracement_pct": 0.03599497093788348,
                   "close_trailing_threshold_pct": 0.014962559195619597,
                   "ema_span_0": 595.518303259842,
                   "ema_span_1": 537.5598884876855,
                   "entry_grid_double_down_factor": 1.4045044264980509,
                   "entry_grid_spacing_pct": 0.117323587361535,
                   "entry_grid_spacing_weight": 3.7515605905047753,
                   "entry_initial_ema_dist": -0.03902888762925972,
                   "entry_initial_qty_pct": 0.009347781616683187,
                   "entry_trailing_grid_ratio": 0.6689998831904339,
                   "entry_trailing_retracement_pct": 0.00934175094706504,
                   "entry_trailing_threshold_pct": 0.05795248772485814,
                   "filter_relative_volume_clip_pct": 0.4181482288254931,
                   "filter_rolling_window": 1125.9010391366648,
                   "n_positions": 1,
                   "total_wallet_exposure_limit": 1,
                   "unstuck_close_pct": 0.05439548178493694,
                   "unstuck_ema_dist": -0.06118306324020104,
                   "unstuck_loss_allowance_pct": 0.04897342205269766,
                   "unstuck_threshold": 0.4205816177979706}},
 "live": {"approved_coins": ["NEARUSDT"],
          "auto_gs": true,
          "coin_flags": {},
          "execution_delay_seconds": 2,
          "filter_by_min_effective_cost": true,
          "forced_mode_long": "",
          "forced_mode_short": "",
          "ignored_coins": [],
          "leverage": 10,
          "max_n_cancellations_per_batch": 5,
          "max_n_creations_per_batch": 3,
          "minimum_coin_age_days": 30,
          "ohlcv_rolling_window": 60,
          "pnls_max_lookback_days": 30,
          "price_distance_threshold": 0.002,
          "relative_volume_filter_clip_pct": 0.5,
          "time_in_force": "good_till_cancelled",
          "user": "hyperliquid_v7"},
 "optimize": {"bounds": {"long_close_grid_markup_range": [0, 0.06],
                         "long_close_grid_min_markup": [0.001, 0.06],
                         "long_close_grid_qty_pct": [0.05, 1],
                         "long_close_trailing_grid_ratio": [-1, 1],
                         "long_close_trailing_qty_pct": [0.05, 1],
                         "long_close_trailing_retracement_pct": [0, 0.3],
                         "long_close_trailing_threshold_pct": [-0.1, 0.1],
                         "long_ema_span_0": [200, 1440],
                         "long_ema_span_1": [200, 1440],
                         "long_entry_grid_double_down_factor": [0.1, 3],
                         "long_entry_grid_spacing_pct": [0.001, 0.12],
                         "long_entry_grid_spacing_weight": [0, 10],
                         "long_entry_initial_ema_dist": [-0.1, 0.003],
                         "long_entry_initial_qty_pct": [0.005, 0.1],
                         "long_entry_trailing_grid_ratio": [-1, 1],
                         "long_entry_trailing_retracement_pct": [0, 0.1],
                         "long_entry_trailing_threshold_pct": [-0.1, 0.1],
                         "long_filter_relative_volume_clip_pct": [0, 1],
                         "long_filter_rolling_window": [10, 1440],
                         "long_n_positions": [1, 1],
                         "long_total_wallet_exposure_limit": [2.5, 2.5],
                         "long_unstuck_close_pct": [0.001, 0.1],
                         "long_unstuck_ema_dist": [-0.1, 0.01],
                         "long_unstuck_loss_allowance_pct": [0, 0.05],
                         "long_unstuck_threshold": [0.4, 0.95],
                         "short_close_grid_markup_range": [0, 0.03],
                         "short_close_grid_min_markup": [0.001, 0.03],
                         "short_close_grid_qty_pct": [0.05, 1],
                         "short_close_trailing_grid_ratio": [-1, 1],
                         "short_close_trailing_qty_pct": [0.05, 1],
                         "short_close_trailing_retracement_pct": [0, 0.1],
                         "short_close_trailing_threshold_pct": [-0.1, 0.1],
                         "short_ema_span_0": [200, 1440],
                         "short_ema_span_1": [200, 1440],
                         "short_entry_grid_double_down_factor": [0.1, 3],
                         "short_entry_grid_spacing_pct": [0.001, 0.12],
                         "short_entry_grid_spacing_weight": [0, 10],
                         "short_entry_initial_ema_dist": [-0.1, 0.003],
                         "short_entry_initial_qty_pct": [0.005, 0.1],
                         "short_entry_trailing_grid_ratio": [-1, 1],
                         "short_entry_trailing_retracement_pct": [0, 0.1],
                         "short_entry_trailing_threshold_pct": [-0.1, 0.1],
                         "short_filter_relative_volume_clip_pct": [0, 1],
                         "short_filter_rolling_window": [10, 1440],
                         "short_n_positions": [1, 1],
                         "short_total_wallet_exposure_limit": [1, 1],
                         "short_unstuck_close_pct": [0.001, 0.1],
                         "short_unstuck_ema_dist": [-0.1, 0.01],
                         "short_unstuck_loss_allowance_pct": [0, 0.05],