{"analysis": {"adg": 0.0003806968734251188,
              "drawdown_worst": 0.12159094350773225,
              "equity_balance_diff_max": 0.12461131719588639,
              "equity_balance_diff_mean": 0.004626259185486468,
              "loss_profit_ratio": 0.4957340629541532,
              "mdg": 0.00035046277116060885,
              "n_iters": 9514,
              "sharpe_ratio": 0.07904844840530269,
              "w_0": -0.00035046277116060885,
              "w_1": -0.07904844840530269},
 "backtest": {"base_dir": "backtests",
              "end_date": "now",
              "exchange": "binance",
              "start_date": "2021-05-01",
              "starting_balance": 100000,
              "symbols": ["NEOUSDT"]},
 "bot": {"long": {"close_grid_markup_range": 0.000325817621915879,
                  "close_grid_min_markup": 0.04127654683543797,
                  "close_grid_qty_pct": 0.8716350904584266,
                  "close_trailing_grid_ratio": 0.2363623596782115,
                  "close_trailing_qty_pct": 0.5014218801699535,
                  "close_trailing_retracement_pct": 0.10885094244419773,
                  "close_trailing_threshold_pct": 0.03527718013925128,
                  "ema_span_0": 1030.797914044567,
                  "ema_span_1": 1164.16258465507,
                  "entry_grid_double_down_factor": 0.31841005347617585,
                  "entry_grid_spacing_pct": 0.09326726021738894,
                  "entry_grid_spacing_weight": 2.7759666342579643,
                  "entry_initial_ema_dist": -0.09441485604638677,
                  "entry_initial_qty_pct": 0.008327775694677339,
                  "entry_trailing_grid_ratio": -0.16455938004001308,
                  "entry_trailing_retracement_pct": 0.09835769672208389,
                  "entry_trailing_threshold_pct": -0.08846657845526255,
                  "filter_relative_volume_clip_pct": 0.9259074347668256,
                  "filter_rolling_window": 499.3918507277426,
                  "n_positions": 1,
                  "total_wallet_exposure_limit": 2.5,
                  "unstuck_close_pct": 0.05615877053153706,
                  "unstuck_ema_dist": 0.0032797584086832338,
                  "unstuck_loss_allowance_pct": 0.014786028671634432,
                  "unstuck_threshold": 0.673959911691417},
         "short": {"close_grid_markup_range": 0.006041791726109433,
                   "close_grid_min_markup": 0.006710577866685079,
                   "close_grid_qty_pct": 0.615746261351305,
                   "close_trailing_grid_ratio": 0.0708665573894866,
                   "close_trailing_qty_pct": 0.8655519903336822,
                   "close_trailing_retracement_pct": 0.05638906776293003,
                   "close_trailing_threshold_pct": 0.0589428201437224,
                   "ema_span_0": 525.6596440107076,
                   "ema_span_1": 1327.4969254725775,
                   "entry_grid_double_down_factor": 1.7029287390912955,
                   "entry_grid_spacing_pct": 0.09853137347265459,
                   "entry_grid_spacing_weight": 6.008282366018543,
                   "entry_initial_ema_dist": -0.07753707886602103,
                   "entry_initial_qty_pct": 0.06528923244390623,
                   "entry_trailing_grid_ratio": -0.7412603931335433,
                   "entry_trailing_retracement_pct": 0.06316639373934964,
                   "entry_trailing_threshold_pct": 0.08632661083050781,
                   "filter_relative_volume_clip_pct": 0.7629620828508532,
                   "filter_rolling_window": 1090.991427319157,
                   "n_positions": 1,
                   "total_wallet_exposure_limit": 1,
                   "unstuck_close_pct": 0.03158119555726313,
                   "unstuck_ema_dist": -0.05747894007084946,
                   "unstuck_loss_allowance_pct": 0.03375786732171174,
                   "unstuck_threshold": 0.427574688559915}},
 "live": {"approved_coins": ["NEOUSDT"],
          "auto_gs": true,
          "coin_flags": {},
          "execution_delay_seconds": 2,
          "filter_by_min_effective_cost": true,
          "forced_mode_long": "",
          "forced_mode_short": "",
          "ignored_coins": [],
          "leverage": 10,
          "max_n_cancellations_per_batch": 5,
          "max_n_creations_per_batch": 3,
          "minimum_coin_age_days": 30,
          "ohlcv_rolling_window": 60,
          "pnls_max_lookback_days": 30,
          "price_distance_threshold": 0.002,
          "relative_volume_filter_clip_pct": 0.5,
          "time_in_force": "good_till_cancelled",
          "user": "hyperliquid_v7"},
 "optimize": {"bounds": {"long_close_grid_markup_range": [0, 0.06],
                         "long_close_grid_min_markup": [0.001, 0.06],
                         "long_close_grid_qty_pct": [0.05, 1],
                         "long_close_trailing_grid_ratio": [-1, 1],
                         "long_close_trailing_qty_pct": [0.05, 1],
                         "long_close_trailing_retracement_pct": [0, 0.3],
                         "long_close_trailing_threshold_pct": [-0.1, 0.1],
                         "long_ema_span_0": [200, 1440],
                         "long_ema_span_1": [200, 1440],
                         "long_entry_grid_double_down_factor": [0.1, 3],
                         "long_entry_grid_spacing_pct": [0.001, 0.12],
                         "long_entry_grid_spacing_weight": [0, 10],
                         "long_entry_initial_ema_dist": [-0.1, 0.003],
                         "long_entry_initial_qty_pct": [0.005, 0.1],
                         "long_entry_trailing_grid_ratio": [-1, 1],
                         "long_entry_trailing_retracement_pct": [0, 0.1],
                         "long_entry_trailing_threshold_pct": [-0.1, 0.1],
                         "long_filter_relative_volume_clip_pct": [0, 1],
                         "long_filter_rolling_window": [10, 1440],
                         "long_n_positions": [1, 1],
                         "long_total_wallet_exposure_limit": [2.5, 2.5],
                         "long_unstuck_close_pct": [0.001, 0.1],
                         "long_unstuck_ema_dist": [-0.1, 0.01],
                         "long_unstuck_loss_allowance_pct": [0, 0.05],
                         "long_unstuck_threshold": [0.4, 0.95],
                         "short_close_grid_markup_range": [0, 0.03],
                         "short_close_grid_min_markup": [0.001, 0.03],
                         "short_close_grid_qty_pct": [0.05, 1],
                         "short_close_trailing_grid_ratio": [-1, 1],
                         "short_close_trailing_qty_pct": [0.05, 1],
                         "short_close_trailing_retracement_pct": [0, 0.1],
                         "short_close_trailing_threshold_pct": [-0.1, 0.1],
                         "short_ema_span_0": [200, 1440],
                         "short_ema_span_1": [200, 1440],
                         "short_entry_grid_double_down_factor": [0.1, 3],
                         "short_entry_grid_spacing_pct": [0.001, 0.12],
                         "short_entry_grid_spacing_weight": [0, 10],
                         "short_entry_initial_ema_dist": [-0.1, 0.003],
                         "short_entry_initial_qty_pct": [0.005, 0.1],
                         "short_entry_trailing_grid_ratio": [-1, 1],
                         "short_entry_trailing_retracement_pct": [0, 0.1],
                         "short_entry_trailing_threshold_pct": [-0.1, 0.1],
                         "short_filter_relative_volume_clip_pct": [0, 1],
                         "short_filter_rolling_window": [10, 1440],
                         "short_n_positions": [1, 1],
                         "short_total_wallet_exposure_limit": [1, 1],
                         "short_unstuck_close_pct": [0.001, 0.1],
                         "short_unstuck_ema_dist": [-0.1, 0.01],
                         "short_unstuck_loss_allowance_pct": [0, 0.05],