{
    "analysis": {
        "adg": 0.0003806968734251188,
        "drawdown_worst": 0.12159094350773225,
        "equity_balance_diff_max": 0.12461131719588639,
        "equity_balance_diff_mean": 0.004626259185486468,
        "loss_profit_ratio": 0.4957340629541532,
        "mdg": 0.00035046277116060885,
        "n_iters": 9514,
        "sharpe_ratio": 0.07904844840530269,
        "w_0": -0.00035046277116060885,
        "w_1": -0.07904844840530269
    },
    "backtest": {
        "base_dir": "backtests",
        "end_date": "now",
        "exchange": "binance",
        "start_date": "2021-05-01",
        "starting_balance": 100000,
        "symbols": [
            "NEOUSDT"
        ]
    },
    "bot": {
        "long": {
            "close_grid_markup_range": 0.008849330052901073,
            "close_grid_min_markup": 0.004235587745645249,
            "close_grid_qty_pct": 0.3481715098793652,
            "close_trailing_grid_ratio": 0.08822218070468418,
            "close_trailing_qty_pct": 0.9701097530409095,
            "close_trailing_retracement_pct": 0.15651624400560954,
            "close_trailing_threshold_pct": 0.012712282410593495,
            "ema_span_0": 1265.361606111135,
            "ema_span_1": 1212.9921055052034,
            "entry_grid_double_down_factor": 1.452507414836828,
            "entry_grid_spacing_pct": 0.09954703678305153,
            "entry_grid_spacing_weight": 4.116793979648875,
            "entry_initial_ema_dist": -0.09614238950183548,
            "entry_initial_qty_pct": 0.005578205056263795,
            "entry_trailing_grid_ratio": -0.01673615458919428,
            "entry_trailing_retracement_pct": 0.06783433916500069,
            "entry_trailing_threshold_pct": 0.006216608080147672,
            "n_positions": 17.147598355389864,
            "total_wallet_exposure_limit": 3.8964989433443127,
            "unstuck_close_pct": 0.07861946740781418,
            "unstuck_ema_dist": -0.048881463086462566,
            "unstuck_loss_allowance_pct": 0.011314138236822016,
            "unstuck_threshold": 0.8489193314608927
        },
        "short": {
            "close_grid_markup_range": 0.003922431830718621,
            "close_grid_min_markup": 0.007151792620043074,
            "close_grid_qty_pct": 0.1251344153129293,
            "close_trailing_grid_ratio": -0.07454444911529501,
            "close_trailing_qty_pct": 0.12766606984127,
            "close_trailing_retracement_pct": 0.09688735659985907,
            "close_trailing_threshold_pct": -0.03637634565876022,
            "ema_span_0": 1067.9888745527142,
            "ema_span_1": 1219.3025492055792,
            "entry_grid_double_down_factor": 2.5354898123491973,
            "entry_grid_spacing_pct": 0.11901092792601306,
            "entry_grid_spacing_weight": 5.390651963001449,
            "entry_initial_ema_dist": 0.0004153556933587689,
            "entry_initial_qty_pct": 0.03956600000145655,
            "entry_trailing_grid_ratio": 0.8421922887958866,
            "entry_trailing_retracement_pct": 0.014867099280679322,
            "entry_trailing_threshold_pct": 0.022255853630810847,
            "n_positions": 0,
            "total_wallet_exposure_limit": 1.7915631775137653,
            "unstuck_close_pct": 0.03308731831265796,
            "unstuck_ema_dist": -0.00507422829941237,
            "unstuck_loss_allowance_pct": 0.01775548320455492,
            "unstuck_threshold": 0.7249029026331496
        }
    },
    "live": {
        "approved_coins": [
            "NEOUSDT"
        ],
        "auto_gs": true,
        "coin_flags": {},
        "execution_delay_seconds": 2,
        "filter_by_min_effective_cost": true,
        "forced_mode_long": "",
        "forced_mode_short": "",
        "ignored_coins": [
            "COIN1",
            "COIN2"
        ],
        "leverage": 10,
        "max_n_cancellations_per_batch": 5,
        "max_n_creations_per_batch": 3,
        "minimum_coin_age_days": 30,
        "ohlcv_rolling_window": 60,
        "pnls_max_lookback_days": 30,
        "price_distance_threshold": 0.002,
        "relative_volume_filter_clip_pct": 0.5,
        "time_in_force": "good_till_cancelled",
        "user": "hyperliquid_v7"
    },
    "optimize": {
        "bounds": {
            "long_close_grid_markup_range": [
                0,
                0.06
            ],
            "long_close_grid_min_markup": [
                0.001,
                0.06
            ],
            "long_close_grid_qty_pct": [
                0.05,
                1
            ],
            "long_close_trailing_grid_ratio": [
                -1,
                1
            ],
            "long_close_trailing_qty_pct": [
                0.05,
                1
            ],
            "long_close_trailing_retracement_pct": [
                0,
                0.3
            ],
            "long_close_trailing_threshold_pct": [
                -0.1,
                0.1
            ],
            "long_ema_span_0": [
                200,
                1440
            ],
            "long_ema_span_1": [
                200,
                1440
            ],
            "long_entry_grid_double_down_factor": [
                0.1,
                3
            ],
            "long_entry_grid_spacing_pct": [
                0.001,
                0.12
            ],
            "long_entry_grid_spacing_weight": [
                0,
                10
            ],
            "long_entry_initial_ema_dist": [
                -0.1,
                0.003
            ],
            "long_entry_initial_qty_pct": [
                0.005,
                0.1
            ],
            "long_entry_trailing_grid_ratio": [
                -1,
                1
            ],
            "long_entry_trailing_retracement_pct": [
                0,
                0.1
            ],
            "long_entry_trailing_threshold_pct": [
                -0.1,
                0.1
            ],
            "long_n_positions": [
                1,
                20
            ],
            "long_total_wallet_exposure_limit": [
                2,
                4
            ],
            "long_unstuck_close_pct": [
                0.001,
                0.1
            ],
            "long_unstuck_ema_dist": [
                -0.1,
                0.01
            ],
            "long_unstuck_loss_allowance_pct": [
                0,
                0.05
            ],
            "long_unstuck_threshold": [
                0.4,
                0.95
            ],
            "short_close_grid_markup_range": [
                0,
                0.03
            ],
            "short_close_grid_min_markup": [
                0.001,
                0.03
            ],
            "short_close_grid_qty_pct": [
                0.05,
                1
            ],
            "short_close_trailing_grid_ratio": [
                -1,
                1
            ],
            "short_close_trailing_qty_pct": [
                0.05,
                1
            ],
            "short_close_trailing_retracement_pct": [
                0,
                0.1
            ],
            "short_close_trailing_threshold_pct": [
                -0.1,
                0.1
            ],
            "short_ema_span_0": [
                200,
                1440
            ],
            "short_ema_span_1": [
                200,
                1440
            ],
            "short_entry_grid_double_down_factor": [
                0.1,
                3
            ],
            "short_entry_grid_spacing_pct": [
                0.001,
                0.12
            ],
            "short_entry_grid_spacing_weight": [
                0,
                10
            ],
            "short_entry_initial_ema_dist": [
                -0.1,
                0.003
            ],
            "short_entry_initial_qty_pct": [
                0.005,
                0.1
            ],