{"analysis": {"adg": 0.0018999325481288834,
              "drawdown_worst": 0.16956917461725787,
              "equity_balance_diff_max": 0.1454382719355007,
              "equity_balance_diff_mean": 0.008700878225102512,
              "loss_profit_ratio": 0.3349586475310815,
              "mdg": 0.0016328643082361303,
              "n_iters": 9463,
              "sharpe_ratio": 0.209165256248094,
              "w_0": -0.0016328643082361303,
              "w_1": -0.209165256248094},
 "backtest": {"base_dir": "backtests",
              "end_date": "now",
              "exchange": "binance",
              "start_date": "2021-05-01",
              "starting_balance": 100000,
              "symbols": ["NTRNUSDT"]},
 "bot": {"long": {"close_grid_markup_range": 0.0024363840371990943,
                  "close_grid_min_markup": 0.02705676786302827,
                  "close_grid_qty_pct": 0.1681611377349162,
                  "close_trailing_grid_ratio": 0.5681966115734313,
                  "close_trailing_qty_pct": 0.7627855950054232,
                  "close_trailing_retracement_pct": 0.1352486044461268,
                  "close_trailing_threshold_pct": -0.041078950599004856,
                  "ema_span_0": 468.60150997844926,
                  "ema_span_1": 205.92625178095147,
                  "entry_grid_double_down_factor": 0.6999753228957786,
                  "entry_grid_spacing_pct": 0.05434989384488724,
                  "entry_grid_spacing_weight": 6.821066952898223,
                  "entry_initial_ema_dist": -0.09799941276275013,
                  "entry_initial_qty_pct": 0.007790815167136091,
                  "entry_trailing_grid_ratio": -0.7322190614422097,
                  "entry_trailing_retracement_pct": 0.05529234282030571,
                  "entry_trailing_threshold_pct": 0.03164906005118526,
                  "filter_relative_volume_clip_pct": 0.6022945613008073,
                  "filter_rolling_window": 117.34130448072699,
                  "n_positions": 1,
                  "total_wallet_exposure_limit": 2.5,
                  "unstuck_close_pct": 0.04723909280196767,
                  "unstuck_ema_dist": -0.03598537260186973,
                  "unstuck_loss_allowance_pct": 0.019346934067029968,
                  "unstuck_threshold": 0.5487378287944836},
         "short": {"close_grid_markup_range": 0.01753100852005031,
                   "close_grid_min_markup": 0.018936594911103263,
                   "close_grid_qty_pct": 0.41457326523117527,
                   "close_trailing_grid_ratio": -0.1892866415224069,
                   "close_trailing_qty_pct": 0.6349566073334434,
                   "close_trailing_retracement_pct": 0.06442097394430972,
                   "close_trailing_threshold_pct": 0.03205686964948074,
                   "ema_span_0": 1096.515652864934,
                   "ema_span_1": 1218.6188325018256,
                   "entry_grid_double_down_factor": 0.7080756389749541,
                   "entry_grid_spacing_pct": 0.02714834062379484,
                   "entry_grid_spacing_weight": 5.453541400174892,
                   "entry_initial_ema_dist": -0.0027082471281429073,
                   "entry_initial_qty_pct": 0.035730080650126256,
                   "entry_trailing_grid_ratio": -0.7399050892437258,
                   "entry_trailing_retracement_pct": 0.07684480753698665,
                   "entry_trailing_threshold_pct": 0.043359815305026125,
                   "filter_relative_volume_clip_pct": 0.825223442052311,
                   "filter_rolling_window": 1387.5543051343502,
                   "n_positions": 1,
                   "total_wallet_exposure_limit": 1,
                   "unstuck_close_pct": 0.01231903181095802,
                   "unstuck_ema_dist": -0.09360508766205522,
                   "unstuck_loss_allowance_pct": 0.04423030280859275,
                   "unstuck_threshold": 0.7463933270264085}},
 "live": {"approved_coins": ["NTRNUSDT"],
          "auto_gs": true,
          "coin_flags": {},
          "execution_delay_seconds": 2,
          "filter_by_min_effective_cost": true,
          "forced_mode_long": "",
          "forced_mode_short": "",
          "ignored_coins": [],
          "leverage": 10,
          "max_n_cancellations_per_batch": 5,
          "max_n_creations_per_batch": 3,
          "minimum_coin_age_days": 30,
          "ohlcv_rolling_window": 60,
          "pnls_max_lookback_days": 30,
          "price_distance_threshold": 0.002,
          "relative_volume_filter_clip_pct": 0.5,
          "time_in_force": "good_till_cancelled",
          "user": "hyperliquid_v7"},
 "optimize": {"bounds": {"long_close_grid_markup_range": [0, 0.06],
                         "long_close_grid_min_markup": [0.001, 0.06],
                         "long_close_grid_qty_pct": [0.05, 1],
                         "long_close_trailing_grid_ratio": [-1, 1],
                         "long_close_trailing_qty_pct": [0.05, 1],
                         "long_close_trailing_retracement_pct": [0, 0.3],
                         "long_close_trailing_threshold_pct": [-0.1, 0.1],
                         "long_ema_span_0": [200, 1440],
                         "long_ema_span_1": [200, 1440],
                         "long_entry_grid_double_down_factor": [0.1, 3],
                         "long_entry_grid_spacing_pct": [0.001, 0.12],
                         "long_entry_grid_spacing_weight": [0, 10],
                         "long_entry_initial_ema_dist": [-0.1, 0.003],
                         "long_entry_initial_qty_pct": [0.005, 0.1],
                         "long_entry_trailing_grid_ratio": [-1, 1],
                         "long_entry_trailing_retracement_pct": [0, 0.1],
                         "long_entry_trailing_threshold_pct": [-0.1, 0.1],
                         "long_filter_relative_volume_clip_pct": [0, 1],
                         "long_filter_rolling_window": [10, 1440],
                         "long_n_positions": [1, 1],
                         "long_total_wallet_exposure_limit": [2.5, 2.5],
                         "long_unstuck_close_pct": [0.001, 0.1],
                         "long_unstuck_ema_dist": [-0.1, 0.01],
                         "long_unstuck_loss_allowance_pct": [0, 0.05],
                         "long_unstuck_threshold": [0.4, 0.95],
                         "short_close_grid_markup_range": [0, 0.03],
                         "short_close_grid_min_markup": [0.001, 0.03],
                         "short_close_grid_qty_pct": [0.05, 1],
                         "short_close_trailing_grid_ratio": [-1, 1],
                         "short_close_trailing_qty_pct": [0.05, 1],
                         "short_close_trailing_retracement_pct": [0, 0.1],
                         "short_close_trailing_threshold_pct": [-0.1, 0.1],
                         "short_ema_span_0": [200, 1440],
                         "short_ema_span_1": [200, 1440],
                         "short_entry_grid_double_down_factor": [0.1, 3],
                         "short_entry_grid_spacing_pct": [0.001, 0.12],
                         "short_entry_grid_spacing_weight": [0, 10],
                         "short_entry_initial_ema_dist": [-0.1, 0.003],
                         "short_entry_initial_qty_pct": [0.005, 0.1],
                         "short_entry_trailing_grid_ratio": [-1, 1],
                         "short_entry_trailing_retracement_pct": [0, 0.1],
                         "short_entry_trailing_threshold_pct": [-0.1, 0.1],
                         "short_filter_relative_volume_clip_pct": [0, 1],
                         "short_filter_rolling_window": [10, 1440],
                         "short_n_positions": [1, 1],
                         "short_total_wallet_exposure_limit": [1, 1],
                         "short_unstuck_close_pct": [0.001, 0.1],
                         "short_unstuck_ema_dist": [-0.1, 0.01],
                         "short_unstuck_loss_allowance_pct": [0, 0.05],