{
    "analysis": {
        "adg": 0.0006005978613620937,
        "drawdown_worst": 0.1383714772270356,
        "equity_balance_diff_max": 0.15556975508776733,
        "equity_balance_diff_mean": 0.009702777702375737,
        "loss_profit_ratio": 0.40890307415775473,
        "mdg": 0.0002803212500917902,
        "n_iters": 9467,
        "sharpe_ratio": 0.10624359463579844,
        "w_0": -0.0002803212500917902,
        "w_1": -0.10624359463579844
    },
    "backtest": {
        "base_dir": "backtests",
        "end_date": "now",
        "exchange": "binance",
        "start_date": "2021-05-01",
        "starting_balance": 100000,
        "symbols": [
            "OGNUSDT"
        ]
    },
    "bot": {
        "long": {
            "close_grid_markup_range": 0.05708522914609343,
            "close_grid_min_markup": 0.012083128485777975,
            "close_grid_qty_pct": 0.7762641692116393,
            "close_trailing_grid_ratio": 0.5540757391496636,
            "close_trailing_qty_pct": 0.4008022239698439,
            "close_trailing_retracement_pct": 0.23657779540017704,
            "close_trailing_threshold_pct": 0.0186918080618224,
            "ema_span_0": 295.7671167109106,
            "ema_span_1": 821.0933034758319,
            "entry_grid_double_down_factor": 1.0815215397775153,
            "entry_grid_spacing_pct": 0.0917551203773097,
            "entry_grid_spacing_weight": 2.836228185831424,
            "entry_initial_ema_dist": -0.08706533245794668,
            "entry_initial_qty_pct": 0.012634096789878146,
            "entry_trailing_grid_ratio": -0.235008526265289,
            "entry_trailing_retracement_pct": 0.07656185165675372,
            "entry_trailing_threshold_pct": 0.04495363893313309,
            "n_positions": 12.811369901307405,
            "total_wallet_exposure_limit": 3.2329366979065712,
            "unstuck_close_pct": 0.07782560173650677,
            "unstuck_ema_dist": -0.0857750771058501,
            "unstuck_loss_allowance_pct": 0.014351148458164091,
            "unstuck_threshold": 0.852035506821309
        },
        "short": {
            "close_grid_markup_range": 0.01852978640537835,
            "close_grid_min_markup": 0.009949298292365218,
            "close_grid_qty_pct": 0.6429769347465457,
            "close_trailing_grid_ratio": -0.09418438221882097,
            "close_trailing_qty_pct": 0.33549583381924586,
            "close_trailing_retracement_pct": 0.028071981762065597,
            "close_trailing_threshold_pct": 0.08032574452924725,
            "ema_span_0": 1074.3873155643837,
            "ema_span_1": 298.6905417784662,
            "entry_grid_double_down_factor": 1.4083359054293465,
            "entry_grid_spacing_pct": 0.03318571106003349,
            "entry_grid_spacing_weight": 9.539487937501232,
            "entry_initial_ema_dist": -0.06395516520837491,
            "entry_initial_qty_pct": 0.05553764181231226,
            "entry_trailing_grid_ratio": -0.008496639278563048,
            "entry_trailing_retracement_pct": 0.0872704695222523,
            "entry_trailing_threshold_pct": -0.045419820135538164,
            "n_positions": 0,
            "total_wallet_exposure_limit": 3.6085702631996135,
            "unstuck_close_pct": 0.057582776388483276,
            "unstuck_ema_dist": -0.04466050662500817,
            "unstuck_loss_allowance_pct": 0.021375823235862287,
            "unstuck_threshold": 0.7896657505467737
        }
    },
    "live": {
        "approved_coins": [
            "OGNUSDT"
        ],
        "auto_gs": true,
        "coin_flags": {},
        "execution_delay_seconds": 2,
        "filter_by_min_effective_cost": true,
        "forced_mode_long": "",
        "forced_mode_short": "",
        "ignored_coins": [
            "COIN1",
            "COIN2"
        ],
        "leverage": 10,
        "max_n_cancellations_per_batch": 5,
        "max_n_creations_per_batch": 3,
        "minimum_coin_age_days": 30,
        "ohlcv_rolling_window": 60,
        "pnls_max_lookback_days": 30,
        "price_distance_threshold": 0.002,
        "relative_volume_filter_clip_pct": 0.5,
        "time_in_force": "good_till_cancelled",
        "user": "hyperliquid_v7"
    },
    "optimize": {
        "bounds": {
            "long_close_grid_markup_range": [
                0,
                0.06
            ],
            "long_close_grid_min_markup": [
                0.001,
                0.06
            ],
            "long_close_grid_qty_pct": [
                0.05,
                1
            ],
            "long_close_trailing_grid_ratio": [
                -1,
                1
            ],
            "long_close_trailing_qty_pct": [
                0.05,
                1
            ],
            "long_close_trailing_retracement_pct": [
                0,
                0.3
            ],
            "long_close_trailing_threshold_pct": [
                -0.1,
                0.1
            ],
            "long_ema_span_0": [
                200,
                1440
            ],
            "long_ema_span_1": [
                200,
                1440
            ],
            "long_entry_grid_double_down_factor": [
                0.1,
                3
            ],
            "long_entry_grid_spacing_pct": [
                0.001,
                0.12
            ],
            "long_entry_grid_spacing_weight": [
                0,
                10
            ],
            "long_entry_initial_ema_dist": [
                -0.1,
                0.003
            ],
            "long_entry_initial_qty_pct": [
                0.005,
                0.1
            ],
            "long_entry_trailing_grid_ratio": [
                -1,
                1
            ],
            "long_entry_trailing_retracement_pct": [
                0,
                0.1
            ],
            "long_entry_trailing_threshold_pct": [
                -0.1,
                0.1
            ],
            "long_n_positions": [
                1,
                20
            ],
            "long_total_wallet_exposure_limit": [
                2,
                4
            ],
            "long_unstuck_close_pct": [
                0.001,
                0.1
            ],
            "long_unstuck_ema_dist": [
                -0.1,
                0.01
            ],
            "long_unstuck_loss_allowance_pct": [
                0,
                0.05
            ],
            "long_unstuck_threshold": [
                0.4,
                0.95
            ],
            "short_close_grid_markup_range": [
                0,
                0.03
            ],
            "short_close_grid_min_markup": [
                0.001,
                0.03
            ],
            "short_close_grid_qty_pct": [
                0.05,
                1
            ],
            "short_close_trailing_grid_ratio": [
                -1,
                1
            ],
            "short_close_trailing_qty_pct": [
                0.05,
                1
            ],
            "short_close_trailing_retracement_pct": [
                0,
                0.1
            ],
            "short_close_trailing_threshold_pct": [
                -0.1,
                0.1
            ],
            "short_ema_span_0": [
                200,
                1440
            ],
            "short_ema_span_1": [
                200,
                1440
            ],
            "short_entry_grid_double_down_factor": [
                0.1,
                3
            ],
            "short_entry_grid_spacing_pct": [
                0.001,
                0.12
            ],
            "short_entry_grid_spacing_weight": [
                0,
                10
            ],
            "short_entry_initial_ema_dist": [
                -0.1,
                0.003
            ],
            "short_entry_initial_qty_pct": [
                0.005,
                0.1
            ],