{"analysis": {"adg": 0.0075432559659844465,
              "drawdown_worst": 0.1749255674627039,
              "equity_balance_diff_max": 0.17089951204159853,
              "equity_balance_diff_mean": 0.0069698127264364316,
              "loss_profit_ratio": 0.18287722502373133,
              "mdg": 0.002838482752941858,
              "n_iters": 9519,
              "sharpe_ratio": 0.4432683038726629,
              "w_0": -0.002838482752941858,
              "w_1": -0.4432683038726629},
 "backtest": {"base_dir": "backtests",
              "end_date": "now",
              "exchange": "binance",
              "start_date": "2021-05-01",
              "starting_balance": 100000,
              "symbols": ["ONDOUSDT"]},
 "bot": {"long": {"close_grid_markup_range": 0.0006197236368807937,
                  "close_grid_min_markup": 0.026372993668555913,
                  "close_grid_qty_pct": 0.16454951267823126,
                  "close_trailing_grid_ratio": -0.789405509423494,
                  "close_trailing_qty_pct": 0.38294845343395456,
                  "close_trailing_retracement_pct": 0.035941734626567745,
                  "close_trailing_threshold_pct": -0.09522247999405697,
                  "ema_span_0": 1100.9406949576426,
                  "ema_span_1": 1190.1410082397451,
                  "entry_grid_double_down_factor": 0.1194453703213404,
                  "entry_grid_spacing_pct": 0.10486718790976751,
                  "entry_grid_spacing_weight": 5.847371234703536,
                  "entry_initial_ema_dist": -0.004583822523456467,
                  "entry_initial_qty_pct": 0.022115813394056008,
                  "entry_trailing_grid_ratio": -0.10210073524130286,
                  "entry_trailing_retracement_pct": 0.09596576897742494,
                  "entry_trailing_threshold_pct": -0.015019257605061722,
                  "filter_relative_volume_clip_pct": 0.7345264408432759,
                  "filter_rolling_window": 1289.914479863478,
                  "n_positions": 1.0,
                  "total_wallet_exposure_limit": 2.5,
                  "unstuck_close_pct": 0.09558583715511852,
                  "unstuck_ema_dist": -0.07841895354131596,
                  "unstuck_loss_allowance_pct": 0.040405334115904225,
                  "unstuck_threshold": 0.6427799613413194},
         "short": {"close_grid_markup_range": 0.013258704356630317,
                   "close_grid_min_markup": 0.021029196152081264,
                   "close_grid_qty_pct": 0.67202180970507,
                   "close_trailing_grid_ratio": -0.2720011893913573,
                   "close_trailing_qty_pct": 0.25231832143446004,
                   "close_trailing_retracement_pct": 0.020234652268635443,
                   "close_trailing_threshold_pct": -0.022027735253659645,
                   "ema_span_0": 1318.5672593900704,
                   "ema_span_1": 944.0250751850496,
                   "entry_grid_double_down_factor": 1.310222666936506,
                   "entry_grid_spacing_pct": 0.0610328508379025,
                   "entry_grid_spacing_weight": 5.196333175708942,
                   "entry_initial_ema_dist": -0.004932014165611809,
                   "entry_initial_qty_pct": 0.02065661757465551,
                   "entry_trailing_grid_ratio": -0.12442752222410097,
                   "entry_trailing_retracement_pct": 0.021476297400062544,
                   "entry_trailing_threshold_pct": 0.0921351150563675,
                   "filter_relative_volume_clip_pct": 0.37415355223128166,
                   "filter_rolling_window": 356.85072706684014,
                   "n_positions": 1.0,
                   "total_wallet_exposure_limit": 1.0,
                   "unstuck_close_pct": 0.01169233004333525,
                   "unstuck_ema_dist": 0.009577201107548417,
                   "unstuck_loss_allowance_pct": 0.020567915420215143,
                   "unstuck_threshold": 0.5705125709177069}},
 "live": {"approved_coins": ["ONDOUSDT"],
          "auto_gs": true,
          "coin_flags": {},
          "execution_delay_seconds": 2,
          "filter_by_min_effective_cost": true,
          "forced_mode_long": "",
          "forced_mode_short": "",
          "ignored_coins": [],
          "leverage": 10,
          "max_n_cancellations_per_batch": 5,
          "max_n_creations_per_batch": 3,
          "minimum_coin_age_days": 30,
          "ohlcv_rolling_window": 60,
          "pnls_max_lookback_days": 30,
          "price_distance_threshold": 0.002,
          "relative_volume_filter_clip_pct": 0.5,
          "time_in_force": "good_till_cancelled",
          "user": "hyperliquid_v7"},
 "optimize": {"bounds": {"long_close_grid_markup_range": [0, 0.06],
                         "long_close_grid_min_markup": [0.001, 0.06],
                         "long_close_grid_qty_pct": [0.05, 1],
                         "long_close_trailing_grid_ratio": [-1, 1],
                         "long_close_trailing_qty_pct": [0.05, 1],
                         "long_close_trailing_retracement_pct": [0, 0.3],
                         "long_close_trailing_threshold_pct": [-0.1, 0.1],
                         "long_ema_span_0": [200, 1440],
                         "long_ema_span_1": [200, 1440],
                         "long_entry_grid_double_down_factor": [0.1, 3],
                         "long_entry_grid_spacing_pct": [0.001, 0.12],
                         "long_entry_grid_spacing_weight": [0, 10],
                         "long_entry_initial_ema_dist": [-0.1, 0.003],
                         "long_entry_initial_qty_pct": [0.005, 0.1],
                         "long_entry_trailing_grid_ratio": [-1, 1],
                         "long_entry_trailing_retracement_pct": [0, 0.1],
                         "long_entry_trailing_threshold_pct": [-0.1, 0.1],
                         "long_filter_relative_volume_clip_pct": [0.0, 1.0],
                         "long_filter_rolling_window": [10.0, 1440.0],
                         "long_n_positions": [1.0, 1.0],
                         "long_total_wallet_exposure_limit": [2.5, 2.5],
                         "long_unstuck_close_pct": [0.001, 0.1],
                         "long_unstuck_ema_dist": [-0.1, 0.01],
                         "long_unstuck_loss_allowance_pct": [0, 0.05],
                         "long_unstuck_threshold": [0.4, 0.95],
                         "short_close_grid_markup_range": [0, 0.03],
                         "short_close_grid_min_markup": [0.001, 0.03],
                         "short_close_grid_qty_pct": [0.05, 1],
                         "short_close_trailing_grid_ratio": [-1, 1],
                         "short_close_trailing_qty_pct": [0.05, 1],
                         "short_close_trailing_retracement_pct": [0, 0.1],
                         "short_close_trailing_threshold_pct": [-0.1, 0.1],
                         "short_ema_span_0": [200, 1440],
                         "short_ema_span_1": [200, 1440],
                         "short_entry_grid_double_down_factor": [0.1, 3],
                         "short_entry_grid_spacing_pct": [0.001, 0.12],
                         "short_entry_grid_spacing_weight": [0, 10],
                         "short_entry_initial_ema_dist": [-0.1, 0.003],
                         "short_entry_initial_qty_pct": [0.005, 0.1],
                         "short_entry_trailing_grid_ratio": [-1, 1],
                         "short_entry_trailing_retracement_pct": [0, 0.1],
                         "short_entry_trailing_threshold_pct": [-0.1, 0.1],
                         "short_filter_relative_volume_clip_pct": [0.0, 1.0],
                         "short_filter_rolling_window": [10.0, 1440.0],
                         "short_n_positions": [1.0, 1.0],
                         "short_total_wallet_exposure_limit": [1.0, 1.0],
                         "short_unstuck_close_pct": [0.001, 0.1],
                         "short_unstuck_ema_dist": [-0.1, 0.01],