{
    "analysis": {
        "adg": 0.0075432559659844465,
        "drawdown_worst": 0.1749255674627039,
        "equity_balance_diff_max": 0.17089951204159853,
        "equity_balance_diff_mean": 0.0069698127264364316,
        "loss_profit_ratio": 0.18287722502373133,
        "mdg": 0.002838482752941858,
        "n_iters": 9519,
        "sharpe_ratio": 0.4432683038726629,
        "w_0": -0.002838482752941858,
        "w_1": -0.4432683038726629
    },
    "backtest": {
        "base_dir": "backtests",
        "end_date": "now",
        "exchange": "binance",
        "start_date": "2021-05-01",
        "starting_balance": 100000,
        "symbols": [
            "ONDOUSDT"
        ]
    },
    "bot": {
        "long": {
            "close_grid_markup_range": 0.050638501359007826,
            "close_grid_min_markup": 0.049728570500993385,
            "close_grid_qty_pct": 0.9475757856505889,
            "close_trailing_grid_ratio": -0.046826815649302404,
            "close_trailing_qty_pct": 0.6390914598166192,
            "close_trailing_retracement_pct": 0.018022043005395037,
            "close_trailing_threshold_pct": 0.04220507980323635,
            "ema_span_0": 905.3730466809241,
            "ema_span_1": 1368.3437677338718,
            "entry_grid_double_down_factor": 0.5310600227673059,
            "entry_grid_spacing_pct": 0.032759521695412984,
            "entry_grid_spacing_weight": 1.1534549080763212,
            "entry_initial_ema_dist": -0.0727753987880738,
            "entry_initial_qty_pct": 0.03196141032689652,
            "entry_trailing_grid_ratio": 0.09539919001157249,
            "entry_trailing_retracement_pct": 0.05485812417300162,
            "entry_trailing_threshold_pct": -0.05708850173587199,
            "n_positions": 4.446965031918086,
            "total_wallet_exposure_limit": 3.930229626160086,
            "unstuck_close_pct": 0.015172296249137424,
            "unstuck_ema_dist": -0.013055390590267515,
            "unstuck_loss_allowance_pct": 0.02407690342634322,
            "unstuck_threshold": 0.41106426056356515
        },
        "short": {
            "close_grid_markup_range": 0.012098477059219886,
            "close_grid_min_markup": 0.014466619999373417,
            "close_grid_qty_pct": 0.8872297081642571,
            "close_trailing_grid_ratio": 0.029683712778417803,
            "close_trailing_qty_pct": 0.1588760648734354,
            "close_trailing_retracement_pct": 0.036620255456032785,
            "close_trailing_threshold_pct": -0.009369232333043528,
            "ema_span_0": 250.98555650339296,
            "ema_span_1": 1210.399203112263,
            "entry_grid_double_down_factor": 1.9144504712396535,
            "entry_grid_spacing_pct": 0.01903844591392215,
            "entry_grid_spacing_weight": 7.543748059673456,
            "entry_initial_ema_dist": -0.08251150489629819,
            "entry_initial_qty_pct": 0.008086173914087499,
            "entry_trailing_grid_ratio": -0.8455759135221059,
            "entry_trailing_retracement_pct": 0.0814669919080285,
            "entry_trailing_threshold_pct": -0.004459813196566981,
            "n_positions": 0,
            "total_wallet_exposure_limit": 3.321750372045456,
            "unstuck_close_pct": 0.028168289230566662,
            "unstuck_ema_dist": -0.030902153426661944,
            "unstuck_loss_allowance_pct": 0.020981125921912112,
            "unstuck_threshold": 0.5104067498956409
        }
    },
    "live": {
        "approved_coins": [
            "ONDOUSDT"
        ],
        "auto_gs": true,
        "coin_flags": {},
        "execution_delay_seconds": 2,
        "filter_by_min_effective_cost": true,
        "forced_mode_long": "",
        "forced_mode_short": "",
        "ignored_coins": [
            "COIN1",
            "COIN2"
        ],
        "leverage": 10,
        "max_n_cancellations_per_batch": 5,
        "max_n_creations_per_batch": 3,
        "minimum_coin_age_days": 30,
        "ohlcv_rolling_window": 60,
        "pnls_max_lookback_days": 30,
        "price_distance_threshold": 0.002,
        "relative_volume_filter_clip_pct": 0.5,
        "time_in_force": "good_till_cancelled",
        "user": "hyperliquid_v7"
    },
    "optimize": {
        "bounds": {
            "long_close_grid_markup_range": [
                0,
                0.06
            ],
            "long_close_grid_min_markup": [
                0.001,
                0.06
            ],
            "long_close_grid_qty_pct": [
                0.05,
                1
            ],
            "long_close_trailing_grid_ratio": [
                -1,
                1
            ],
            "long_close_trailing_qty_pct": [
                0.05,
                1
            ],
            "long_close_trailing_retracement_pct": [
                0,
                0.3
            ],
            "long_close_trailing_threshold_pct": [
                -0.1,
                0.1
            ],
            "long_ema_span_0": [
                200,
                1440
            ],
            "long_ema_span_1": [
                200,
                1440
            ],
            "long_entry_grid_double_down_factor": [
                0.1,
                3
            ],
            "long_entry_grid_spacing_pct": [
                0.001,
                0.12
            ],
            "long_entry_grid_spacing_weight": [
                0,
                10
            ],
            "long_entry_initial_ema_dist": [
                -0.1,
                0.003
            ],
            "long_entry_initial_qty_pct": [
                0.005,
                0.1
            ],
            "long_entry_trailing_grid_ratio": [
                -1,
                1
            ],
            "long_entry_trailing_retracement_pct": [
                0,
                0.1
            ],
            "long_entry_trailing_threshold_pct": [
                -0.1,
                0.1
            ],
            "long_n_positions": [
                1,
                20
            ],
            "long_total_wallet_exposure_limit": [
                2,
                4
            ],
            "long_unstuck_close_pct": [
                0.001,
                0.1
            ],
            "long_unstuck_ema_dist": [
                -0.1,
                0.01
            ],
            "long_unstuck_loss_allowance_pct": [
                0,
                0.05
            ],
            "long_unstuck_threshold": [
                0.4,
                0.95
            ],
            "short_close_grid_markup_range": [
                0,
                0.03
            ],
            "short_close_grid_min_markup": [
                0.001,
                0.03
            ],
            "short_close_grid_qty_pct": [
                0.05,
                1
            ],
            "short_close_trailing_grid_ratio": [
                -1,
                1
            ],
            "short_close_trailing_qty_pct": [
                0.05,
                1
            ],
            "short_close_trailing_retracement_pct": [
                0,
                0.1
            ],
            "short_close_trailing_threshold_pct": [
                -0.1,
                0.1
            ],
            "short_ema_span_0": [
                200,
                1440
            ],
            "short_ema_span_1": [
                200,
                1440
            ],
            "short_entry_grid_double_down_factor": [
                0.1,
                3
            ],
            "short_entry_grid_spacing_pct": [
                0.001,
                0.12
            ],
            "short_entry_grid_spacing_weight": [
                0,
                10
            ],
            "short_entry_initial_ema_dist": [
                -0.1,
                0.003
            ],
            "short_entry_initial_qty_pct": [
                0.005,
                0.1
            ],