{"analysis": {"adg": 0.0010790215378130923,
              "drawdown_worst": 0.23807003646348,
              "equity_balance_diff_max": 0.2531154614633616,
              "equity_balance_diff_mean": 0.008533876579633419,
              "loss_profit_ratio": 0.46826787511056805,
              "mdg": 0.000987925825906879,
              "n_iters": 9454,
              "sharpe_ratio": 0.1002946946889462,
              "w_0": -0.000987925825906879,
              "w_1": -0.1002946946889462},
 "backtest": {"base_dir": "backtests",
              "end_date": "now",
              "exchange": "binance",
              "start_date": "2021-05-01",
              "starting_balance": 100000,
              "symbols": ["OPUSDT"]},
 "bot": {"long": {"close_grid_markup_range": 0.05743509685231566,
                  "close_grid_min_markup": 0.00754548897420309,
                  "close_grid_qty_pct": 0.306688274940072,
                  "close_trailing_grid_ratio": 0.673708331046661,
                  "close_trailing_qty_pct": 0.4225899104806802,
                  "close_trailing_retracement_pct": 0.1385805090309686,
                  "close_trailing_threshold_pct": -0.057972322122080006,
                  "ema_span_0": 416.3405040575836,
                  "ema_span_1": 273.549884855601,
                  "entry_grid_double_down_factor": 0.5645361832035984,
                  "entry_grid_spacing_pct": 0.03977231478199358,
                  "entry_grid_spacing_weight": 8.259269443790275,
                  "entry_initial_ema_dist": -0.021692153373950092,
                  "entry_initial_qty_pct": 0.019367258181410017,
                  "entry_trailing_grid_ratio": -0.8109229303671136,
                  "entry_trailing_retracement_pct": 0.027274878066647263,
                  "entry_trailing_threshold_pct": 0.08873703514466705,
                  "filter_relative_volume_clip_pct": 0.3731079622220438,
                  "filter_rolling_window": 399.0147027558612,
                  "n_positions": 1,
                  "total_wallet_exposure_limit": 2.5,
                  "unstuck_close_pct": 0.052822382222669634,
                  "unstuck_ema_dist": -0.019893449240364472,
                  "unstuck_loss_allowance_pct": 0.016965174718027033,
                  "unstuck_threshold": 0.731858977788299},
         "short": {"close_grid_markup_range": 0.0012607705049872933,
                   "close_grid_min_markup": 0.007324333370623904,
                   "close_grid_qty_pct": 0.8401270498275044,
                   "close_trailing_grid_ratio": -0.24464316367651756,
                   "close_trailing_qty_pct": 0.1669029463749636,
                   "close_trailing_retracement_pct": 0.04861629422151373,
                   "close_trailing_threshold_pct": -0.07447161726516556,
                   "ema_span_0": 449.4489402618426,
                   "ema_span_1": 1262.2458800821619,
                   "entry_grid_double_down_factor": 1.2476175013140043,
                   "entry_grid_spacing_pct": 0.11902503499125681,
                   "entry_grid_spacing_weight": 4.879971185708221,
                   "entry_initial_ema_dist": -0.016378318960054438,
                   "entry_initial_qty_pct": 0.023977604389939983,
                   "entry_trailing_grid_ratio": 0.3341061952405549,
                   "entry_trailing_retracement_pct": 0.07546220789054553,
                   "entry_trailing_threshold_pct": 0.09620074946111208,
                   "filter_relative_volume_clip_pct": 0.3282968955013525,
                   "filter_rolling_window": 564.1069184722625,
                   "n_positions": 1,
                   "total_wallet_exposure_limit": 1,
                   "unstuck_close_pct": 0.08176161029775941,
                   "unstuck_ema_dist": -0.047354326720245525,
                   "unstuck_loss_allowance_pct": 0.013943185884635063,
                   "unstuck_threshold": 0.9216935552659127}},
 "live": {"approved_coins": ["OPUSDT"],
          "auto_gs": true,
          "coin_flags": {},
          "execution_delay_seconds": 2,
          "filter_by_min_effective_cost": true,
          "forced_mode_long": "",
          "forced_mode_short": "",
          "ignored_coins": [],
          "leverage": 10,
          "max_n_cancellations_per_batch": 5,
          "max_n_creations_per_batch": 3,
          "minimum_coin_age_days": 30,
          "ohlcv_rolling_window": 60,
          "pnls_max_lookback_days": 30,
          "price_distance_threshold": 0.002,
          "relative_volume_filter_clip_pct": 0.5,
          "time_in_force": "good_till_cancelled",
          "user": "hyperliquid_v7"},
 "optimize": {"bounds": {"long_close_grid_markup_range": [0, 0.06],
                         "long_close_grid_min_markup": [0.001, 0.06],
                         "long_close_grid_qty_pct": [0.05, 1],
                         "long_close_trailing_grid_ratio": [-1, 1],
                         "long_close_trailing_qty_pct": [0.05, 1],
                         "long_close_trailing_retracement_pct": [0, 0.3],
                         "long_close_trailing_threshold_pct": [-0.1, 0.1],
                         "long_ema_span_0": [200, 1440],
                         "long_ema_span_1": [200, 1440],
                         "long_entry_grid_double_down_factor": [0.1, 3],
                         "long_entry_grid_spacing_pct": [0.001, 0.12],
                         "long_entry_grid_spacing_weight": [0, 10],
                         "long_entry_initial_ema_dist": [-0.1, 0.003],
                         "long_entry_initial_qty_pct": [0.005, 0.1],
                         "long_entry_trailing_grid_ratio": [-1, 1],
                         "long_entry_trailing_retracement_pct": [0, 0.1],
                         "long_entry_trailing_threshold_pct": [-0.1, 0.1],
                         "long_filter_relative_volume_clip_pct": [0, 1],
                         "long_filter_rolling_window": [10, 1440],
                         "long_n_positions": [1, 1],
                         "long_total_wallet_exposure_limit": [2.5, 2.5],
                         "long_unstuck_close_pct": [0.001, 0.1],
                         "long_unstuck_ema_dist": [-0.1, 0.01],
                         "long_unstuck_loss_allowance_pct": [0, 0.05],
                         "long_unstuck_threshold": [0.4, 0.95],
                         "short_close_grid_markup_range": [0, 0.03],
                         "short_close_grid_min_markup": [0.001, 0.03],
                         "short_close_grid_qty_pct": [0.05, 1],
                         "short_close_trailing_grid_ratio": [-1, 1],
                         "short_close_trailing_qty_pct": [0.05, 1],
                         "short_close_trailing_retracement_pct": [0, 0.1],
                         "short_close_trailing_threshold_pct": [-0.1, 0.1],
                         "short_ema_span_0": [200, 1440],
                         "short_ema_span_1": [200, 1440],
                         "short_entry_grid_double_down_factor": [0.1, 3],
                         "short_entry_grid_spacing_pct": [0.001, 0.12],
                         "short_entry_grid_spacing_weight": [0, 10],
                         "short_entry_initial_ema_dist": [-0.1, 0.003],
                         "short_entry_initial_qty_pct": [0.005, 0.1],
                         "short_entry_trailing_grid_ratio": [-1, 1],
                         "short_entry_trailing_retracement_pct": [0, 0.1],
                         "short_entry_trailing_threshold_pct": [-0.1, 0.1],
                         "short_filter_relative_volume_clip_pct": [0, 1],
                         "short_filter_rolling_window": [10, 1440],
                         "short_n_positions": [1, 1],
                         "short_total_wallet_exposure_limit": [1, 1],
                         "short_unstuck_close_pct": [0.001, 0.1],
                         "short_unstuck_ema_dist": [-0.1, 0.01],
                         "short_unstuck_loss_allowance_pct": [0, 0.05],