{"analysis": {"adg": 0.0010790215378130923,
              "drawdown_worst": 0.23807003646348,
              "equity_balance_diff_max": 0.2531154614633616,
              "equity_balance_diff_mean": 0.008533876579633419,
              "loss_profit_ratio": 0.46826787511056805,
              "mdg": 0.000987925825906879,
              "n_iters": 9454,
              "sharpe_ratio": 0.1002946946889462,
              "w_0": -0.000987925825906879,
              "w_1": -0.1002946946889462},
 "backtest": {"base_dir": "backtests",
              "end_date": "now",
              "exchange": "binance",
              "start_date": "2021-05-01",
              "starting_balance": 100000,
              "symbols": ["OPUSDT"]},
 "bot": {"long": {"close_grid_markup_range": 0.059406462403100976,
                  "close_grid_min_markup": 0.0023302740879318842,
                  "close_grid_qty_pct": 0.29588334692888174,
                  "close_trailing_grid_ratio": 0.06656206802660114,
                  "close_trailing_qty_pct": 0.7572542317985959,
                  "close_trailing_retracement_pct": 0.12892394151939246,
                  "close_trailing_threshold_pct": -0.0585201706244739,
                  "ema_span_0": 1271.1278711364832,
                  "ema_span_1": 614.6059865418035,
                  "entry_grid_double_down_factor": 1.3823761661842984,
                  "entry_grid_spacing_pct": 0.1105605992044625,
                  "entry_grid_spacing_weight": 2.3871438099463074,
                  "entry_initial_ema_dist": -0.07166487356490979,
                  "entry_initial_qty_pct": 0.022465613458576075,
                  "entry_trailing_grid_ratio": -0.11663391575538384,
                  "entry_trailing_retracement_pct": 0.0892449646408007,
                  "entry_trailing_threshold_pct": -0.09535786525561758,
                  "filter_relative_volume_clip_pct": 0.24099167062200308,
                  "filter_rolling_window": 315.6530363265432,
                  "n_positions": 1.0,
                  "total_wallet_exposure_limit": 2.5,
                  "unstuck_close_pct": 0.04210725310938458,
                  "unstuck_ema_dist": -8.130376049512327e-05,
                  "unstuck_loss_allowance_pct": 0.04185749106367838,
                  "unstuck_threshold": 0.5048961618022404},
         "short": {"close_grid_markup_range": 0.00808892701650072,
                   "close_grid_min_markup": 0.015257185503978518,
                   "close_grid_qty_pct": 0.08203217554901959,
                   "close_trailing_grid_ratio": 0.11866755035876259,
                   "close_trailing_qty_pct": 0.100511092494247,
                   "close_trailing_retracement_pct": 0.04781301048495678,
                   "close_trailing_threshold_pct": -0.06562623623827908,
                   "ema_span_0": 986.7719808663883,
                   "ema_span_1": 489.53888852252834,
                   "entry_grid_double_down_factor": 0.5994141351272491,
                   "entry_grid_spacing_pct": 0.02225642929028928,
                   "entry_grid_spacing_weight": 9.099625209700415,
                   "entry_initial_ema_dist": 0.0013545577491575894,
                   "entry_initial_qty_pct": 0.007146019494105302,
                   "entry_trailing_grid_ratio": -0.7118244141668318,
                   "entry_trailing_retracement_pct": 0.07471027357640517,
                   "entry_trailing_threshold_pct": 0.059983677673245764,
                   "filter_relative_volume_clip_pct": 0.5080075282990131,
                   "filter_rolling_window": 523.1907298325312,
                   "n_positions": 1.0,
                   "total_wallet_exposure_limit": 1.0,
                   "unstuck_close_pct": 0.03518743424354028,
                   "unstuck_ema_dist": -0.057711959252137235,
                   "unstuck_loss_allowance_pct": 0.04267199224983204,
                   "unstuck_threshold": 0.45396660755049556}},
 "live": {"approved_coins": ["OPUSDT"],
          "auto_gs": true,
          "coin_flags": {},
          "execution_delay_seconds": 2,
          "filter_by_min_effective_cost": true,
          "forced_mode_long": "",
          "forced_mode_short": "",
          "ignored_coins": [],
          "leverage": 10,
          "max_n_cancellations_per_batch": 5,
          "max_n_creations_per_batch": 3,
          "minimum_coin_age_days": 30,
          "ohlcv_rolling_window": 60,
          "pnls_max_lookback_days": 30,
          "price_distance_threshold": 0.002,
          "relative_volume_filter_clip_pct": 0.5,
          "time_in_force": "good_till_cancelled",
          "user": "hyperliquid_v7"},
 "optimize": {"bounds": {"long_close_grid_markup_range": [0, 0.06],
                         "long_close_grid_min_markup": [0.001, 0.06],
                         "long_close_grid_qty_pct": [0.05, 1],
                         "long_close_trailing_grid_ratio": [-1, 1],
                         "long_close_trailing_qty_pct": [0.05, 1],
                         "long_close_trailing_retracement_pct": [0, 0.3],
                         "long_close_trailing_threshold_pct": [-0.1, 0.1],
                         "long_ema_span_0": [200, 1440],
                         "long_ema_span_1": [200, 1440],
                         "long_entry_grid_double_down_factor": [0.1, 3],
                         "long_entry_grid_spacing_pct": [0.001, 0.12],
                         "long_entry_grid_spacing_weight": [0, 10],
                         "long_entry_initial_ema_dist": [-0.1, 0.003],
                         "long_entry_initial_qty_pct": [0.005, 0.1],
                         "long_entry_trailing_grid_ratio": [-1, 1],
                         "long_entry_trailing_retracement_pct": [0, 0.1],
                         "long_entry_trailing_threshold_pct": [-0.1, 0.1],
                         "long_filter_relative_volume_clip_pct": [0.0, 1.0],
                         "long_filter_rolling_window": [10.0, 1440.0],
                         "long_n_positions": [1.0, 1.0],
                         "long_total_wallet_exposure_limit": [2.5, 2.5],
                         "long_unstuck_close_pct": [0.001, 0.1],
                         "long_unstuck_ema_dist": [-0.1, 0.01],
                         "long_unstuck_loss_allowance_pct": [0, 0.05],
                         "long_unstuck_threshold": [0.4, 0.95],
                         "short_close_grid_markup_range": [0, 0.03],
                         "short_close_grid_min_markup": [0.001, 0.03],
                         "short_close_grid_qty_pct": [0.05, 1],
                         "short_close_trailing_grid_ratio": [-1, 1],
                         "short_close_trailing_qty_pct": [0.05, 1],
                         "short_close_trailing_retracement_pct": [0, 0.1],
                         "short_close_trailing_threshold_pct": [-0.1, 0.1],
                         "short_ema_span_0": [200, 1440],
                         "short_ema_span_1": [200, 1440],
                         "short_entry_grid_double_down_factor": [0.1, 3],
                         "short_entry_grid_spacing_pct": [0.001, 0.12],
                         "short_entry_grid_spacing_weight": [0, 10],
                         "short_entry_initial_ema_dist": [-0.1, 0.003],
                         "short_entry_initial_qty_pct": [0.005, 0.1],
                         "short_entry_trailing_grid_ratio": [-1, 1],
                         "short_entry_trailing_retracement_pct": [0, 0.1],
                         "short_entry_trailing_threshold_pct": [-0.1, 0.1],
                         "short_filter_relative_volume_clip_pct": [0.0, 1.0],
                         "short_filter_rolling_window": [10.0, 1440.0],
                         "short_n_positions": [1.0, 1.0],
                         "short_total_wallet_exposure_limit": [1.0, 1.0],
                         "short_unstuck_close_pct": [0.001, 0.1],
                         "short_unstuck_ema_dist": [-0.1, 0.01],