{"analysis": {"adg": 0.0032165297293816814,
              "drawdown_worst": 0.1944130214626157,
              "equity_balance_diff_max": 0.1911957887713285,
              "equity_balance_diff_mean": 0.006120505185253816,
              "loss_profit_ratio": 0.33065535995015216,
              "mdg": 0.0027698834390464814,
              "n_iters": 9516,
              "sharpe_ratio": 0.2592247842007363,
              "w_0": -0.0027698834390464814,
              "w_1": -0.2592247842007363},
 "backtest": {"base_dir": "backtests",
              "end_date": "now",
              "exchange": "binance",
              "start_date": "2021-05-01",
              "starting_balance": 100000,
              "symbols": ["ORBSUSDT"]},
 "bot": {"long": {"close_grid_markup_range": 0.03214123265298492,
                  "close_grid_min_markup": 0.011099544527979,
                  "close_grid_qty_pct": 0.2504219039592075,
                  "close_trailing_grid_ratio": 0.028715917786514167,
                  "close_trailing_qty_pct": 0.9282398791589119,
                  "close_trailing_retracement_pct": 0.06357606207652264,
                  "close_trailing_threshold_pct": -0.042234917220814495,
                  "ema_span_0": 989.425188494316,
                  "ema_span_1": 1021.5092673672141,
                  "entry_grid_double_down_factor": 0.5794068139700211,
                  "entry_grid_spacing_pct": 0.07281811575122785,
                  "entry_grid_spacing_weight": 3.6260879040684193,
                  "entry_initial_ema_dist": -0.0717264785027454,
                  "entry_initial_qty_pct": 0.03318234931375118,
                  "entry_trailing_grid_ratio": -0.2236109629427775,
                  "entry_trailing_retracement_pct": 0.09015449919342802,
                  "entry_trailing_threshold_pct": -0.05706310743983353,
                  "filter_relative_volume_clip_pct": 0.3094315623294527,
                  "filter_rolling_window": 542.5646751633731,
                  "n_positions": 1.0,
                  "total_wallet_exposure_limit": 2.5,
                  "unstuck_close_pct": 0.017432264962329306,
                  "unstuck_ema_dist": -0.010332215692525216,
                  "unstuck_loss_allowance_pct": 0.023646415445170182,
                  "unstuck_threshold": 0.9436756169887022},
         "short": {"close_grid_markup_range": 0.026885616815479442,
                   "close_grid_min_markup": 0.002362078907006607,
                   "close_grid_qty_pct": 0.12250025327742615,
                   "close_trailing_grid_ratio": -0.12400024515649016,
                   "close_trailing_qty_pct": 0.9130225628392976,
                   "close_trailing_retracement_pct": 0.018035543177313682,
                   "close_trailing_threshold_pct": 0.01129113090061297,
                   "ema_span_0": 867.6586771936735,
                   "ema_span_1": 1146.451328324718,
                   "entry_grid_double_down_factor": 1.4802333474040772,
                   "entry_grid_spacing_pct": 0.07573881029887844,
                   "entry_grid_spacing_weight": 6.1429176192997925,
                   "entry_initial_ema_dist": -0.013563744390280527,
                   "entry_initial_qty_pct": 0.06954913308936883,
                   "entry_trailing_grid_ratio": 0.9102718064867996,
                   "entry_trailing_retracement_pct": 0.00531427602232009,
                   "entry_trailing_threshold_pct": 0.03923444382185315,
                   "filter_relative_volume_clip_pct": 0.5212750832202994,
                   "filter_rolling_window": 123.34572485126489,
                   "n_positions": 1.0,
                   "total_wallet_exposure_limit": 1.0,
                   "unstuck_close_pct": 0.029841359587131466,
                   "unstuck_ema_dist": -0.09363294281295989,
                   "unstuck_loss_allowance_pct": 0.04829474215850929,
                   "unstuck_threshold": 0.5086900921536383}},
 "live": {"approved_coins": ["ORBSUSDT"],
          "auto_gs": true,
          "coin_flags": {},
          "execution_delay_seconds": 2,
          "filter_by_min_effective_cost": true,
          "forced_mode_long": "",
          "forced_mode_short": "",
          "ignored_coins": [],
          "leverage": 10,
          "max_n_cancellations_per_batch": 5,
          "max_n_creations_per_batch": 3,
          "minimum_coin_age_days": 30,
          "ohlcv_rolling_window": 60,
          "pnls_max_lookback_days": 30,
          "price_distance_threshold": 0.002,
          "relative_volume_filter_clip_pct": 0.5,
          "time_in_force": "good_till_cancelled",
          "user": "hyperliquid_v7"},
 "optimize": {"bounds": {"long_close_grid_markup_range": [0, 0.06],
                         "long_close_grid_min_markup": [0.001, 0.06],
                         "long_close_grid_qty_pct": [0.05, 1],
                         "long_close_trailing_grid_ratio": [-1, 1],
                         "long_close_trailing_qty_pct": [0.05, 1],
                         "long_close_trailing_retracement_pct": [0, 0.3],
                         "long_close_trailing_threshold_pct": [-0.1, 0.1],
                         "long_ema_span_0": [200, 1440],
                         "long_ema_span_1": [200, 1440],
                         "long_entry_grid_double_down_factor": [0.1, 3],
                         "long_entry_grid_spacing_pct": [0.001, 0.12],
                         "long_entry_grid_spacing_weight": [0, 10],
                         "long_entry_initial_ema_dist": [-0.1, 0.003],
                         "long_entry_initial_qty_pct": [0.005, 0.1],
                         "long_entry_trailing_grid_ratio": [-1, 1],
                         "long_entry_trailing_retracement_pct": [0, 0.1],
                         "long_entry_trailing_threshold_pct": [-0.1, 0.1],
                         "long_filter_relative_volume_clip_pct": [0.0, 1.0],
                         "long_filter_rolling_window": [10.0, 1440.0],
                         "long_n_positions": [1.0, 1.0],
                         "long_total_wallet_exposure_limit": [2.5, 2.5],
                         "long_unstuck_close_pct": [0.001, 0.1],
                         "long_unstuck_ema_dist": [-0.1, 0.01],
                         "long_unstuck_loss_allowance_pct": [0, 0.05],
                         "long_unstuck_threshold": [0.4, 0.95],
                         "short_close_grid_markup_range": [0, 0.03],
                         "short_close_grid_min_markup": [0.001, 0.03],
                         "short_close_grid_qty_pct": [0.05, 1],
                         "short_close_trailing_grid_ratio": [-1, 1],
                         "short_close_trailing_qty_pct": [0.05, 1],
                         "short_close_trailing_retracement_pct": [0, 0.1],
                         "short_close_trailing_threshold_pct": [-0.1, 0.1],
                         "short_ema_span_0": [200, 1440],
                         "short_ema_span_1": [200, 1440],
                         "short_entry_grid_double_down_factor": [0.1, 3],
                         "short_entry_grid_spacing_pct": [0.001, 0.12],
                         "short_entry_grid_spacing_weight": [0, 10],
                         "short_entry_initial_ema_dist": [-0.1, 0.003],
                         "short_entry_initial_qty_pct": [0.005, 0.1],
                         "short_entry_trailing_grid_ratio": [-1, 1],
                         "short_entry_trailing_retracement_pct": [0, 0.1],
                         "short_entry_trailing_threshold_pct": [-0.1, 0.1],
                         "short_filter_relative_volume_clip_pct": [0.0, 1.0],
                         "short_filter_rolling_window": [10.0, 1440.0],
                         "short_n_positions": [1.0, 1.0],
                         "short_total_wallet_exposure_limit": [1.0, 1.0],
                         "short_unstuck_close_pct": [0.001, 0.1],
                         "short_unstuck_ema_dist": [-0.1, 0.01],