{"analysis": {"adg": 0.0032165297293816814,
              "drawdown_worst": 0.1944130214626157,
              "equity_balance_diff_max": 0.1911957887713285,
              "equity_balance_diff_mean": 0.006120505185253816,
              "loss_profit_ratio": 0.33065535995015216,
              "mdg": 0.0027698834390464814,
              "n_iters": 9516,
              "sharpe_ratio": 0.2592247842007363,
              "w_0": -0.0027698834390464814,
              "w_1": -0.2592247842007363},
 "backtest": {"base_dir": "backtests",
              "end_date": "now",
              "exchange": "binance",
              "start_date": "2021-05-01",
              "starting_balance": 100000,
              "symbols": ["ORBSUSDT"]},
 "bot": {"long": {"close_grid_markup_range": 0.02116130458986907,
                  "close_grid_min_markup": 0.007838588283402696,
                  "close_grid_qty_pct": 0.8839675527154117,
                  "close_trailing_grid_ratio": -0.09551782344566212,
                  "close_trailing_qty_pct": 0.228034239739546,
                  "close_trailing_retracement_pct": 0.10333466861618729,
                  "close_trailing_threshold_pct": -0.022023708621245624,
                  "ema_span_0": 1400.48690430389,
                  "ema_span_1": 588.2466473446719,
                  "entry_grid_double_down_factor": 1.0671429582760152,
                  "entry_grid_spacing_pct": 0.06496040067511873,
                  "entry_grid_spacing_weight": 1.8511252538275116,
                  "entry_initial_ema_dist": -0.040767186305108824,
                  "entry_initial_qty_pct": 0.005701113780337338,
                  "entry_trailing_grid_ratio": -0.11003468802190908,
                  "entry_trailing_retracement_pct": 0.09218702142786983,
                  "entry_trailing_threshold_pct": 0.08447361003353751,
                  "filter_relative_volume_clip_pct": 0.6043727774604243,
                  "filter_rolling_window": 762.7451353140711,
                  "n_positions": 1,
                  "total_wallet_exposure_limit": 2.5,
                  "unstuck_close_pct": 0.025131496635484134,
                  "unstuck_ema_dist": -0.00480461295890998,
                  "unstuck_loss_allowance_pct": 0.008907471496205587,
                  "unstuck_threshold": 0.8824041635706247},
         "short": {"close_grid_markup_range": 0.011423406009904446,
                   "close_grid_min_markup": 0.0017405225100890556,
                   "close_grid_qty_pct": 0.7564236378927166,
                   "close_trailing_grid_ratio": 0.07318517068221148,
                   "close_trailing_qty_pct": 0.24539591732237886,
                   "close_trailing_retracement_pct": 0.0649740720238732,
                   "close_trailing_threshold_pct": 0.004276158144878639,
                   "ema_span_0": 1164.0543617827032,
                   "ema_span_1": 522.0582674333147,
                   "entry_grid_double_down_factor": 2.2945450603103428,
                   "entry_grid_spacing_pct": 0.016714782562516656,
                   "entry_grid_spacing_weight": 3.705574404228826,
                   "entry_initial_ema_dist": -0.0029180149205324264,
                   "entry_initial_qty_pct": 0.07476177490946984,
                   "entry_trailing_grid_ratio": -0.4008137061903728,
                   "entry_trailing_retracement_pct": 0.034907665938710856,
                   "entry_trailing_threshold_pct": 0.054070204207651774,
                   "filter_relative_volume_clip_pct": 0.5613849670052901,
                   "filter_rolling_window": 1097.3489065096546,
                   "n_positions": 1,
                   "total_wallet_exposure_limit": 1,
                   "unstuck_close_pct": 0.06980209416054572,
                   "unstuck_ema_dist": -0.06679120801242613,
                   "unstuck_loss_allowance_pct": 0.0381268397106429,
                   "unstuck_threshold": 0.7355446303953843}},
 "live": {"approved_coins": ["ORBSUSDT"],
          "auto_gs": true,
          "coin_flags": {},
          "execution_delay_seconds": 2,
          "filter_by_min_effective_cost": true,
          "forced_mode_long": "",
          "forced_mode_short": "",
          "ignored_coins": [],
          "leverage": 10,
          "max_n_cancellations_per_batch": 5,
          "max_n_creations_per_batch": 3,
          "minimum_coin_age_days": 30,
          "ohlcv_rolling_window": 60,
          "pnls_max_lookback_days": 30,
          "price_distance_threshold": 0.002,
          "relative_volume_filter_clip_pct": 0.5,
          "time_in_force": "good_till_cancelled",
          "user": "hyperliquid_v7"},
 "optimize": {"bounds": {"long_close_grid_markup_range": [0, 0.06],
                         "long_close_grid_min_markup": [0.001, 0.06],
                         "long_close_grid_qty_pct": [0.05, 1],
                         "long_close_trailing_grid_ratio": [-1, 1],
                         "long_close_trailing_qty_pct": [0.05, 1],
                         "long_close_trailing_retracement_pct": [0, 0.3],
                         "long_close_trailing_threshold_pct": [-0.1, 0.1],
                         "long_ema_span_0": [200, 1440],
                         "long_ema_span_1": [200, 1440],
                         "long_entry_grid_double_down_factor": [0.1, 3],
                         "long_entry_grid_spacing_pct": [0.001, 0.12],
                         "long_entry_grid_spacing_weight": [0, 10],
                         "long_entry_initial_ema_dist": [-0.1, 0.003],
                         "long_entry_initial_qty_pct": [0.005, 0.1],
                         "long_entry_trailing_grid_ratio": [-1, 1],
                         "long_entry_trailing_retracement_pct": [0, 0.1],
                         "long_entry_trailing_threshold_pct": [-0.1, 0.1],
                         "long_filter_relative_volume_clip_pct": [0, 1],
                         "long_filter_rolling_window": [10, 1440],
                         "long_n_positions": [1, 1],
                         "long_total_wallet_exposure_limit": [2.5, 2.5],
                         "long_unstuck_close_pct": [0.001, 0.1],
                         "long_unstuck_ema_dist": [-0.1, 0.01],
                         "long_unstuck_loss_allowance_pct": [0, 0.05],
                         "long_unstuck_threshold": [0.4, 0.95],
                         "short_close_grid_markup_range": [0, 0.03],
                         "short_close_grid_min_markup": [0.001, 0.03],
                         "short_close_grid_qty_pct": [0.05, 1],
                         "short_close_trailing_grid_ratio": [-1, 1],
                         "short_close_trailing_qty_pct": [0.05, 1],
                         "short_close_trailing_retracement_pct": [0, 0.1],
                         "short_close_trailing_threshold_pct": [-0.1, 0.1],
                         "short_ema_span_0": [200, 1440],
                         "short_ema_span_1": [200, 1440],
                         "short_entry_grid_double_down_factor": [0.1, 3],
                         "short_entry_grid_spacing_pct": [0.001, 0.12],
                         "short_entry_grid_spacing_weight": [0, 10],
                         "short_entry_initial_ema_dist": [-0.1, 0.003],
                         "short_entry_initial_qty_pct": [0.005, 0.1],
                         "short_entry_trailing_grid_ratio": [-1, 1],
                         "short_entry_trailing_retracement_pct": [0, 0.1],
                         "short_entry_trailing_threshold_pct": [-0.1, 0.1],
                         "short_filter_relative_volume_clip_pct": [0, 1],
                         "short_filter_rolling_window": [10, 1440],
                         "short_n_positions": [1, 1],
                         "short_total_wallet_exposure_limit": [1, 1],
                         "short_unstuck_close_pct": [0.001, 0.1],
                         "short_unstuck_ema_dist": [-0.1, 0.01],
                         "short_unstuck_loss_allowance_pct": [0, 0.05],