{
    "analysis": {
        "adg": 0.00326007012512227,
        "drawdown_worst": 0.17547451411611853,
        "equity_balance_diff_max": 0.1761555855997341,
        "equity_balance_diff_mean": 0.009599214087042276,
        "loss_profit_ratio": 0.48537235014350943,
        "mdg": 0.0034826120070550796,
        "n_iters": 9544,
        "sharpe_ratio": 0.2335825715388569,
        "w_0": -0.0034826120070550796,
        "w_1": -0.2335825715388569
    },
    "backtest": {
        "base_dir": "backtests",
        "end_date": "now",
        "exchange": "binance",
        "start_date": "2021-05-01",
        "starting_balance": 100000,
        "symbols": [
            "ORDIUSDT"
        ]
    },
    "bot": {
        "long": {
            "close_grid_markup_range": 0.0378699584647995,
            "close_grid_min_markup": 0.030214166463808107,
            "close_grid_qty_pct": 0.8382688553951937,
            "close_trailing_grid_ratio": 0.11854595586171834,
            "close_trailing_qty_pct": 0.3635603602462709,
            "close_trailing_retracement_pct": 0.05933034394496969,
            "close_trailing_threshold_pct": -0.09571784416856788,
            "ema_span_0": 845.6491948060177,
            "ema_span_1": 275.5441287807293,
            "entry_grid_double_down_factor": 2.7135500249679687,
            "entry_grid_spacing_pct": 0.003023298398862876,
            "entry_grid_spacing_weight": 2.748568784993349,
            "entry_initial_ema_dist": -0.06002102607249873,
            "entry_initial_qty_pct": 0.013223630629325325,
            "entry_trailing_grid_ratio": -0.8450998082482138,
            "entry_trailing_retracement_pct": 0.043936682365633,
            "entry_trailing_threshold_pct": 0.09038877785431906,
            "n_positions": 6.226952187261999,
            "total_wallet_exposure_limit": 2.464834826389866,
            "unstuck_close_pct": 0.09988378453073216,
            "unstuck_ema_dist": -0.0015885615431922061,
            "unstuck_loss_allowance_pct": 0.03602596902960962,
            "unstuck_threshold": 0.5625079722737613
        },
        "short": {
            "close_grid_markup_range": 0.019902889001229503,
            "close_grid_min_markup": 0.024157561466618693,
            "close_grid_qty_pct": 0.8840335776760433,
            "close_trailing_grid_ratio": -0.06811170440708336,
            "close_trailing_qty_pct": 0.35731970834020615,
            "close_trailing_retracement_pct": 0.09105927040498668,
            "close_trailing_threshold_pct": -0.07980770446566107,
            "ema_span_0": 755.1604303035791,
            "ema_span_1": 763.7766063774469,
            "entry_grid_double_down_factor": 0.26754958852033905,
            "entry_grid_spacing_pct": 0.024530031741665625,
            "entry_grid_spacing_weight": 2.5350626594618397,
            "entry_initial_ema_dist": -0.01601903126158652,
            "entry_initial_qty_pct": 0.01863887897337604,
            "entry_trailing_grid_ratio": -0.3438820282994016,
            "entry_trailing_retracement_pct": 0.06535709549896782,
            "entry_trailing_threshold_pct": 0.050147572639957026,
            "n_positions": 0,
            "total_wallet_exposure_limit": 4.846881712524958,
            "unstuck_close_pct": 0.07795048877461366,
            "unstuck_ema_dist": -0.07112587668912679,
            "unstuck_loss_allowance_pct": 0.04953145240051279,
            "unstuck_threshold": 0.6569581147315462
        }
    },
    "live": {
        "approved_coins": [
            "ORDIUSDT"
        ],
        "auto_gs": true,
        "coin_flags": {},
        "execution_delay_seconds": 2,
        "filter_by_min_effective_cost": true,
        "forced_mode_long": "",
        "forced_mode_short": "",
        "ignored_coins": [
            "COIN1",
            "COIN2"
        ],
        "leverage": 10,
        "max_n_cancellations_per_batch": 5,
        "max_n_creations_per_batch": 3,
        "minimum_coin_age_days": 30,
        "ohlcv_rolling_window": 60,
        "pnls_max_lookback_days": 30,
        "price_distance_threshold": 0.002,
        "relative_volume_filter_clip_pct": 0.5,
        "time_in_force": "good_till_cancelled",
        "user": "hyperliquid_v7"
    },
    "optimize": {
        "bounds": {
            "long_close_grid_markup_range": [
                0,
                0.06
            ],
            "long_close_grid_min_markup": [
                0.001,
                0.06
            ],
            "long_close_grid_qty_pct": [
                0.05,
                1
            ],
            "long_close_trailing_grid_ratio": [
                -1,
                1
            ],
            "long_close_trailing_qty_pct": [
                0.05,
                1
            ],
            "long_close_trailing_retracement_pct": [
                0,
                0.3
            ],
            "long_close_trailing_threshold_pct": [
                -0.1,
                0.1
            ],
            "long_ema_span_0": [
                200,
                1440
            ],
            "long_ema_span_1": [
                200,
                1440
            ],
            "long_entry_grid_double_down_factor": [
                0.1,
                3
            ],
            "long_entry_grid_spacing_pct": [
                0.001,
                0.12
            ],
            "long_entry_grid_spacing_weight": [
                0,
                10
            ],
            "long_entry_initial_ema_dist": [
                -0.1,
                0.003
            ],
            "long_entry_initial_qty_pct": [
                0.005,
                0.1
            ],
            "long_entry_trailing_grid_ratio": [
                -1,
                1
            ],
            "long_entry_trailing_retracement_pct": [
                0,
                0.1
            ],
            "long_entry_trailing_threshold_pct": [
                -0.1,
                0.1
            ],
            "long_n_positions": [
                1,
                20
            ],
            "long_total_wallet_exposure_limit": [
                2,
                4
            ],
            "long_unstuck_close_pct": [
                0.001,
                0.1
            ],
            "long_unstuck_ema_dist": [
                -0.1,
                0.01
            ],
            "long_unstuck_loss_allowance_pct": [
                0,
                0.05
            ],
            "long_unstuck_threshold": [
                0.4,
                0.95
            ],
            "short_close_grid_markup_range": [
                0,
                0.03
            ],
            "short_close_grid_min_markup": [
                0.001,
                0.03
            ],
            "short_close_grid_qty_pct": [
                0.05,
                1
            ],
            "short_close_trailing_grid_ratio": [
                -1,
                1
            ],
            "short_close_trailing_qty_pct": [
                0.05,
                1
            ],
            "short_close_trailing_retracement_pct": [
                0,
                0.1
            ],
            "short_close_trailing_threshold_pct": [
                -0.1,
                0.1
            ],
            "short_ema_span_0": [
                200,
                1440
            ],
            "short_ema_span_1": [
                200,
                1440
            ],
            "short_entry_grid_double_down_factor": [
                0.1,
                3
            ],
            "short_entry_grid_spacing_pct": [
                0.001,
                0.12
            ],
            "short_entry_grid_spacing_weight": [
                0,
                10
            ],
            "short_entry_initial_ema_dist": [
                -0.1,
                0.003
            ],
            "short_entry_initial_qty_pct": [
                0.005,
                0.1
            ],