{"analysis": {"adg": 0.00326007012512227,
              "drawdown_worst": 0.17547451411611853,
              "equity_balance_diff_max": 0.1761555855997341,
              "equity_balance_diff_mean": 0.009599214087042276,
              "loss_profit_ratio": 0.48537235014350943,
              "mdg": 0.0034826120070550796,
              "n_iters": 9544,
              "sharpe_ratio": 0.2335825715388569,
              "w_0": -0.0034826120070550796,
              "w_1": -0.2335825715388569},
 "backtest": {"base_dir": "backtests",
              "end_date": "now",
              "exchange": "binance",
              "start_date": "2021-05-01",
              "starting_balance": 100000,
              "symbols": ["ORDIUSDT"]},
 "bot": {"long": {"close_grid_markup_range": 0.044230345990821235,
                  "close_grid_min_markup": 0.003682375410201435,
                  "close_grid_qty_pct": 0.7043201629111053,
                  "close_trailing_grid_ratio": 0.1896215725424013,
                  "close_trailing_qty_pct": 0.4987401042128383,
                  "close_trailing_retracement_pct": 0.22076113012855106,
                  "close_trailing_threshold_pct": -0.012264045003726331,
                  "ema_span_0": 1238.896028720652,
                  "ema_span_1": 365.19250488280693,
                  "entry_grid_double_down_factor": 1.682220860078525,
                  "entry_grid_spacing_pct": 0.11321789852954094,
                  "entry_grid_spacing_weight": 9.509894799423433,
                  "entry_initial_ema_dist": -0.04643181126617638,
                  "entry_initial_qty_pct": 0.017410421199181368,
                  "entry_trailing_grid_ratio": -0.3336042144081326,
                  "entry_trailing_retracement_pct": 0.001710002105982945,
                  "entry_trailing_threshold_pct": 0.09277485935214372,
                  "filter_relative_volume_clip_pct": 0.49591769458229296,
                  "filter_rolling_window": 1431.7580785685827,
                  "n_positions": 1,
                  "total_wallet_exposure_limit": 2.5,
                  "unstuck_close_pct": 0.09760565537072417,
                  "unstuck_ema_dist": 0.008201638111368254,
                  "unstuck_loss_allowance_pct": 0.008053830039352405,
                  "unstuck_threshold": 0.7922598144766181},
         "short": {"close_grid_markup_range": 0.010480574427487007,
                   "close_grid_min_markup": 0.015550983356825622,
                   "close_grid_qty_pct": 0.44786411368144236,
                   "close_trailing_grid_ratio": -0.2119418176065293,
                   "close_trailing_qty_pct": 0.7458793484886233,
                   "close_trailing_retracement_pct": 0.07482698808000077,
                   "close_trailing_threshold_pct": 0.09757304549693402,
                   "ema_span_0": 675.3908611828078,
                   "ema_span_1": 907.7605402382678,
                   "entry_grid_double_down_factor": 1.182461042517671,
                   "entry_grid_spacing_pct": 0.059936570870240576,
                   "entry_grid_spacing_weight": 4.020345375656231,
                   "entry_initial_ema_dist": -0.02060360585497656,
                   "entry_initial_qty_pct": 0.05057861697561249,
                   "entry_trailing_grid_ratio": 0.010302215892920564,
                   "entry_trailing_retracement_pct": 0.058412487189620596,
                   "entry_trailing_threshold_pct": -0.08215268089885325,
                   "filter_relative_volume_clip_pct": 0.9724704112377401,
                   "filter_rolling_window": 1415.9027021538805,
                   "n_positions": 1,
                   "total_wallet_exposure_limit": 1,
                   "unstuck_close_pct": 0.05255209873049962,
                   "unstuck_ema_dist": -0.09167175925415849,
                   "unstuck_loss_allowance_pct": 0.008243071397143977,
                   "unstuck_threshold": 0.6688498730970132}},
 "live": {"approved_coins": ["ORDIUSDT"],
          "auto_gs": true,
          "coin_flags": {},
          "execution_delay_seconds": 2,
          "filter_by_min_effective_cost": true,
          "forced_mode_long": "",
          "forced_mode_short": "",
          "ignored_coins": [],
          "leverage": 10,
          "max_n_cancellations_per_batch": 5,
          "max_n_creations_per_batch": 3,
          "minimum_coin_age_days": 30,
          "ohlcv_rolling_window": 60,
          "pnls_max_lookback_days": 30,
          "price_distance_threshold": 0.002,
          "relative_volume_filter_clip_pct": 0.5,
          "time_in_force": "good_till_cancelled",
          "user": "hyperliquid_v7"},
 "optimize": {"bounds": {"long_close_grid_markup_range": [0, 0.06],
                         "long_close_grid_min_markup": [0.001, 0.06],
                         "long_close_grid_qty_pct": [0.05, 1],
                         "long_close_trailing_grid_ratio": [-1, 1],
                         "long_close_trailing_qty_pct": [0.05, 1],
                         "long_close_trailing_retracement_pct": [0, 0.3],
                         "long_close_trailing_threshold_pct": [-0.1, 0.1],
                         "long_ema_span_0": [200, 1440],
                         "long_ema_span_1": [200, 1440],
                         "long_entry_grid_double_down_factor": [0.1, 3],
                         "long_entry_grid_spacing_pct": [0.001, 0.12],
                         "long_entry_grid_spacing_weight": [0, 10],
                         "long_entry_initial_ema_dist": [-0.1, 0.003],
                         "long_entry_initial_qty_pct": [0.005, 0.1],
                         "long_entry_trailing_grid_ratio": [-1, 1],
                         "long_entry_trailing_retracement_pct": [0, 0.1],
                         "long_entry_trailing_threshold_pct": [-0.1, 0.1],
                         "long_filter_relative_volume_clip_pct": [0, 1],
                         "long_filter_rolling_window": [10, 1440],
                         "long_n_positions": [1, 1],
                         "long_total_wallet_exposure_limit": [2.5, 2.5],
                         "long_unstuck_close_pct": [0.001, 0.1],
                         "long_unstuck_ema_dist": [-0.1, 0.01],
                         "long_unstuck_loss_allowance_pct": [0, 0.05],
                         "long_unstuck_threshold": [0.4, 0.95],
                         "short_close_grid_markup_range": [0, 0.03],
                         "short_close_grid_min_markup": [0.001, 0.03],
                         "short_close_grid_qty_pct": [0.05, 1],
                         "short_close_trailing_grid_ratio": [-1, 1],
                         "short_close_trailing_qty_pct": [0.05, 1],
                         "short_close_trailing_retracement_pct": [0, 0.1],
                         "short_close_trailing_threshold_pct": [-0.1, 0.1],
                         "short_ema_span_0": [200, 1440],
                         "short_ema_span_1": [200, 1440],
                         "short_entry_grid_double_down_factor": [0.1, 3],
                         "short_entry_grid_spacing_pct": [0.001, 0.12],
                         "short_entry_grid_spacing_weight": [0, 10],
                         "short_entry_initial_ema_dist": [-0.1, 0.003],
                         "short_entry_initial_qty_pct": [0.005, 0.1],
                         "short_entry_trailing_grid_ratio": [-1, 1],
                         "short_entry_trailing_retracement_pct": [0, 0.1],
                         "short_entry_trailing_threshold_pct": [-0.1, 0.1],
                         "short_filter_relative_volume_clip_pct": [0, 1],
                         "short_filter_rolling_window": [10, 1440],
                         "short_n_positions": [1, 1],
                         "short_total_wallet_exposure_limit": [1, 1],
                         "short_unstuck_close_pct": [0.001, 0.1],
                         "short_unstuck_ema_dist": [-0.1, 0.01],
                         "short_unstuck_loss_allowance_pct": [0, 0.05],