{"analysis": {"adg": 0.0018710784124927576,
              "drawdown_worst": 0.20383303462936794,
              "equity_balance_diff_max": 0.18431456647440406,
              "equity_balance_diff_mean": 0.008962898575347012,
              "loss_profit_ratio": 0.5148412882176857,
              "mdg": 0.001792268160086802,
              "n_iters": 9512,
              "sharpe_ratio": 0.18292791080470638,
              "w_0": -0.001792268160086802,
              "w_1": -0.18292791080470638},
 "backtest": {"base_dir": "backtests",
              "end_date": "now",
              "exchange": "binance",
              "start_date": "2021-05-01",
              "starting_balance": 100000,
              "symbols": ["PENDLEUSDT"]},
 "bot": {"long": {"close_grid_markup_range": 0.02740739849329947,
                  "close_grid_min_markup": 0.01756329934890313,
                  "close_grid_qty_pct": 0.9172835678334846,
                  "close_trailing_grid_ratio": -0.21046000415388047,
                  "close_trailing_qty_pct": 0.41129560603516047,
                  "close_trailing_retracement_pct": 0.0724591999829644,
                  "close_trailing_threshold_pct": 0.05625729511298051,
                  "ema_span_0": 1108.642457416945,
                  "ema_span_1": 1151.2532020600681,
                  "entry_grid_double_down_factor": 1.0037106018838786,
                  "entry_grid_spacing_pct": 0.08528900740007817,
                  "entry_grid_spacing_weight": 8.43274304913149,
                  "entry_initial_ema_dist": 0.0002913783834394071,
                  "entry_initial_qty_pct": 0.023258866497580372,
                  "entry_trailing_grid_ratio": -0.622686934062983,
                  "entry_trailing_retracement_pct": 0.07732849776651918,
                  "entry_trailing_threshold_pct": 0.038792534204799015,
                  "filter_relative_volume_clip_pct": 0.44234870427377987,
                  "filter_rolling_window": 413.71022083082596,
                  "n_positions": 1.0,
                  "total_wallet_exposure_limit": 2.5,
                  "unstuck_close_pct": 0.006257986541976443,
                  "unstuck_ema_dist": -0.08507436491797113,
                  "unstuck_loss_allowance_pct": 0.04369154883527085,
                  "unstuck_threshold": 0.9142728622932031},
         "short": {"close_grid_markup_range": 0.0084408288984004,
                   "close_grid_min_markup": 0.016435970070866092,
                   "close_grid_qty_pct": 0.9778823209408578,
                   "close_trailing_grid_ratio": 0.24373555607194758,
                   "close_trailing_qty_pct": 0.8869159316848161,
                   "close_trailing_retracement_pct": 0.07241097326219299,
                   "close_trailing_threshold_pct": -0.031586788056445256,
                   "ema_span_0": 1220.077589594662,
                   "ema_span_1": 532.7841653363403,
                   "entry_grid_double_down_factor": 0.4988179043424926,
                   "entry_grid_spacing_pct": 0.05395930984628256,
                   "entry_grid_spacing_weight": 3.1745340619448377,
                   "entry_initial_ema_dist": -0.0004897751853954468,
                   "entry_initial_qty_pct": 0.005997302608333782,
                   "entry_trailing_grid_ratio": -0.9825101859743204,
                   "entry_trailing_retracement_pct": 0.06007967094938583,
                   "entry_trailing_threshold_pct": -0.022397561274115258,
                   "filter_relative_volume_clip_pct": 0.14752546401628125,
                   "filter_rolling_window": 907.1211243116392,
                   "n_positions": 1.0,
                   "total_wallet_exposure_limit": 1.0,
                   "unstuck_close_pct": 0.028023508556773012,
                   "unstuck_ema_dist": -0.015498044531508442,
                   "unstuck_loss_allowance_pct": 0.0399309308139842,
                   "unstuck_threshold": 0.5490713510398169}},
 "live": {"approved_coins": ["PENDLEUSDT"],
          "auto_gs": true,
          "coin_flags": {},
          "execution_delay_seconds": 2,
          "filter_by_min_effective_cost": true,
          "forced_mode_long": "",
          "forced_mode_short": "",
          "ignored_coins": [],
          "leverage": 10,
          "max_n_cancellations_per_batch": 5,
          "max_n_creations_per_batch": 3,
          "minimum_coin_age_days": 30,
          "ohlcv_rolling_window": 60,
          "pnls_max_lookback_days": 30,
          "price_distance_threshold": 0.002,
          "relative_volume_filter_clip_pct": 0.5,
          "time_in_force": "good_till_cancelled",
          "user": "hyperliquid_v7"},
 "optimize": {"bounds": {"long_close_grid_markup_range": [0, 0.06],
                         "long_close_grid_min_markup": [0.001, 0.06],
                         "long_close_grid_qty_pct": [0.05, 1],
                         "long_close_trailing_grid_ratio": [-1, 1],
                         "long_close_trailing_qty_pct": [0.05, 1],
                         "long_close_trailing_retracement_pct": [0, 0.3],
                         "long_close_trailing_threshold_pct": [-0.1, 0.1],
                         "long_ema_span_0": [200, 1440],
                         "long_ema_span_1": [200, 1440],
                         "long_entry_grid_double_down_factor": [0.1, 3],
                         "long_entry_grid_spacing_pct": [0.001, 0.12],
                         "long_entry_grid_spacing_weight": [0, 10],
                         "long_entry_initial_ema_dist": [-0.1, 0.003],
                         "long_entry_initial_qty_pct": [0.005, 0.1],
                         "long_entry_trailing_grid_ratio": [-1, 1],
                         "long_entry_trailing_retracement_pct": [0, 0.1],
                         "long_entry_trailing_threshold_pct": [-0.1, 0.1],
                         "long_filter_relative_volume_clip_pct": [0.0, 1.0],
                         "long_filter_rolling_window": [10.0, 1440.0],
                         "long_n_positions": [1.0, 1.0],
                         "long_total_wallet_exposure_limit": [2.5, 2.5],
                         "long_unstuck_close_pct": [0.001, 0.1],
                         "long_unstuck_ema_dist": [-0.1, 0.01],
                         "long_unstuck_loss_allowance_pct": [0, 0.05],
                         "long_unstuck_threshold": [0.4, 0.95],
                         "short_close_grid_markup_range": [0, 0.03],
                         "short_close_grid_min_markup": [0.001, 0.03],
                         "short_close_grid_qty_pct": [0.05, 1],
                         "short_close_trailing_grid_ratio": [-1, 1],
                         "short_close_trailing_qty_pct": [0.05, 1],
                         "short_close_trailing_retracement_pct": [0, 0.1],
                         "short_close_trailing_threshold_pct": [-0.1, 0.1],
                         "short_ema_span_0": [200, 1440],
                         "short_ema_span_1": [200, 1440],
                         "short_entry_grid_double_down_factor": [0.1, 3],
                         "short_entry_grid_spacing_pct": [0.001, 0.12],
                         "short_entry_grid_spacing_weight": [0, 10],
                         "short_entry_initial_ema_dist": [-0.1, 0.003],
                         "short_entry_initial_qty_pct": [0.005, 0.1],
                         "short_entry_trailing_grid_ratio": [-1, 1],
                         "short_entry_trailing_retracement_pct": [0, 0.1],
                         "short_entry_trailing_threshold_pct": [-0.1, 0.1],
                         "short_filter_relative_volume_clip_pct": [0.0, 1.0],
                         "short_filter_rolling_window": [10.0, 1440.0],
                         "short_n_positions": [1.0, 1.0],
                         "short_total_wallet_exposure_limit": [1.0, 1.0],
                         "short_unstuck_close_pct": [0.001, 0.1],
                         "short_unstuck_ema_dist": [-0.1, 0.01],