{
    "analysis": {
        "adg": 0.0010790215378130923,
        "drawdown_worst": 0.23807003646348,
        "equity_balance_diff_max": 0.2531154614633616,
        "equity_balance_diff_mean": 0.008533876579633419,
        "loss_profit_ratio": 0.46826787511056805,
        "mdg": 0.000987925825906879,
        "n_iters": 9454,
        "sharpe_ratio": 0.1002946946889462,
        "w_0": -0.000987925825906879,
        "w_1": -0.1002946946889462
    },
    "backtest": {
        "base_dir": "backtests",
        "end_date": "now",
        "exchange": "binance",
        "start_date": "2021-05-01",
        "starting_balance": 100000,
        "symbols": [
            "PEOPLEUSDT"
        ]
    },
    "bot": {
        "long": {
            "close_grid_markup_range": 0.00016908504463581005,
            "close_grid_min_markup": 0.021305893986079693,
            "close_grid_qty_pct": 0.6205747421015863,
            "close_trailing_grid_ratio": -0.056677794789782396,
            "close_trailing_qty_pct": 0.8915232914383968,
            "close_trailing_retracement_pct": 0.17220072795677213,
            "close_trailing_threshold_pct": 0.03719506968267526,
            "ema_span_0": 860.3290786897803,
            "ema_span_1": 1270.0554576257587,
            "entry_grid_double_down_factor": 0.2302621164142517,
            "entry_grid_spacing_pct": 0.018568287506391286,
            "entry_grid_spacing_weight": 3.8507616572930483,
            "entry_initial_ema_dist": -0.027522131981320277,
            "entry_initial_qty_pct": 0.06881246725973704,
            "entry_trailing_grid_ratio": -0.16507517866476284,
            "entry_trailing_retracement_pct": 0.010319588872707246,
            "entry_trailing_threshold_pct": -0.03763094643487695,
            "n_positions": 9.240814414049225,
            "total_wallet_exposure_limit": 2.6630718250377226,
            "unstuck_close_pct": 0.034106562213917224,
            "unstuck_ema_dist": -0.0015413477716581918,
            "unstuck_loss_allowance_pct": 0.048889398792566444,
            "unstuck_threshold": 0.4417012025311436
        },
        "short": {
            "close_grid_markup_range": 0.01671630716692706,
            "close_grid_min_markup": 0.02378616681640138,
            "close_grid_qty_pct": 0.3338075722673544,
            "close_trailing_grid_ratio": -0.054444150091421756,
            "close_trailing_qty_pct": 0.2003079883918497,
            "close_trailing_retracement_pct": 0.005121723804060851,
            "close_trailing_threshold_pct": -0.09275126845512169,
            "ema_span_0": 559.3832642971727,
            "ema_span_1": 688.2657265701546,
            "entry_grid_double_down_factor": 0.8093701927964677,
            "entry_grid_spacing_pct": 0.06805121217102232,
            "entry_grid_spacing_weight": 6.602017157446799,
            "entry_initial_ema_dist": -0.032879793527591766,
            "entry_initial_qty_pct": 0.044557394553963715,
            "entry_trailing_grid_ratio": 0.2438847939283657,
            "entry_trailing_retracement_pct": 0.03792859517229037,
            "entry_trailing_threshold_pct": 0.08054311215673465,
            "n_positions": 0,
            "total_wallet_exposure_limit": 0.13206785029547502,
            "unstuck_close_pct": 0.015119758224362116,
            "unstuck_ema_dist": -0.02449908625715649,
            "unstuck_loss_allowance_pct": 0.042477462777104374,
            "unstuck_threshold": 0.7730768070825952
        }
    },
    "live": {
        "approved_coins": [
            "PEOPLEUSDT"
        ],
        "auto_gs": true,
        "coin_flags": {},
        "execution_delay_seconds": 2,
        "filter_by_min_effective_cost": true,
        "forced_mode_long": "",
        "forced_mode_short": "",
        "ignored_coins": [
            "COIN1",
            "COIN2"
        ],
        "leverage": 10,
        "max_n_cancellations_per_batch": 5,
        "max_n_creations_per_batch": 3,
        "minimum_coin_age_days": 30,
        "ohlcv_rolling_window": 60,
        "pnls_max_lookback_days": 30,
        "price_distance_threshold": 0.002,
        "relative_volume_filter_clip_pct": 0.5,
        "time_in_force": "good_till_cancelled",
        "user": "hyperliquid_v7"
    },
    "optimize": {
        "bounds": {
            "long_close_grid_markup_range": [
                0,
                0.06
            ],
            "long_close_grid_min_markup": [
                0.001,
                0.06
            ],
            "long_close_grid_qty_pct": [
                0.05,
                1
            ],
            "long_close_trailing_grid_ratio": [
                -1,
                1
            ],
            "long_close_trailing_qty_pct": [
                0.05,
                1
            ],
            "long_close_trailing_retracement_pct": [
                0,
                0.3
            ],
            "long_close_trailing_threshold_pct": [
                -0.1,
                0.1
            ],
            "long_ema_span_0": [
                200,
                1440
            ],
            "long_ema_span_1": [
                200,
                1440
            ],
            "long_entry_grid_double_down_factor": [
                0.1,
                3
            ],
            "long_entry_grid_spacing_pct": [
                0.001,
                0.12
            ],
            "long_entry_grid_spacing_weight": [
                0,
                10
            ],
            "long_entry_initial_ema_dist": [
                -0.1,
                0.003
            ],
            "long_entry_initial_qty_pct": [
                0.005,
                0.1
            ],
            "long_entry_trailing_grid_ratio": [
                -1,
                1
            ],
            "long_entry_trailing_retracement_pct": [
                0,
                0.1
            ],
            "long_entry_trailing_threshold_pct": [
                -0.1,
                0.1
            ],
            "long_n_positions": [
                1,
                20
            ],
            "long_total_wallet_exposure_limit": [
                2,
                4
            ],
            "long_unstuck_close_pct": [
                0.001,
                0.1
            ],
            "long_unstuck_ema_dist": [
                -0.1,
                0.01
            ],
            "long_unstuck_loss_allowance_pct": [
                0,
                0.05
            ],
            "long_unstuck_threshold": [
                0.4,
                0.95
            ],
            "short_close_grid_markup_range": [
                0,
                0.03
            ],
            "short_close_grid_min_markup": [
                0.001,
                0.03
            ],
            "short_close_grid_qty_pct": [
                0.05,
                1
            ],
            "short_close_trailing_grid_ratio": [
                -1,
                1
            ],
            "short_close_trailing_qty_pct": [
                0.05,
                1
            ],
            "short_close_trailing_retracement_pct": [
                0,
                0.1
            ],
            "short_close_trailing_threshold_pct": [
                -0.1,
                0.1
            ],
            "short_ema_span_0": [
                200,
                1440
            ],
            "short_ema_span_1": [
                200,
                1440
            ],
            "short_entry_grid_double_down_factor": [
                0.1,
                3
            ],
            "short_entry_grid_spacing_pct": [
                0.001,
                0.12
            ],
            "short_entry_grid_spacing_weight": [
                0,
                10
            ],
            "short_entry_initial_ema_dist": [
                -0.1,
                0.003
            ],
            "short_entry_initial_qty_pct": [
                0.005,
                0.1
            ],