{"analysis": {"adg": 0.002809723028031412,
              "drawdown_worst": 0.18728717423214344,
              "equity_balance_diff_max": 0.15601485271789456,
              "equity_balance_diff_mean": 0.004660260981424113,
              "loss_profit_ratio": 0.3642690443903082,
              "mdg": 0.0014749014681278126,
              "n_iters": 9450,
              "sharpe_ratio": 0.312287920571107,
              "w_0": -0.0014749014681278126,
              "w_1": -0.312287920571107},
 "backtest": {"base_dir": "backtests",
              "end_date": "now",
              "exchange": "binance",
              "start_date": "2021-05-01",
              "starting_balance": 100000,
              "symbols": ["1000PEPEUSDT"]},
 "bot": {"long": {"close_grid_markup_range": 0.038823230436474836,
                  "close_grid_min_markup": 0.02893258349627332,
                  "close_grid_qty_pct": 0.34241901647261674,
                  "close_trailing_grid_ratio": 0.4029338216849222,
                  "close_trailing_qty_pct": 0.831163202620661,
                  "close_trailing_retracement_pct": 0.039306436066333314,
                  "close_trailing_threshold_pct": 0.03227312007220104,
                  "ema_span_0": 1218.669060113019,
                  "ema_span_1": 377.81333604441227,
                  "entry_grid_double_down_factor": 0.18868376988920854,
                  "entry_grid_spacing_pct": 0.053035325903971246,
                  "entry_grid_spacing_weight": 9.347813431768909,
                  "entry_initial_ema_dist": -0.04433755567056231,
                  "entry_initial_qty_pct": 0.014626928866085031,
                  "entry_trailing_grid_ratio": -0.375935559425015,
                  "entry_trailing_retracement_pct": 0.02759515811136902,
                  "entry_trailing_threshold_pct": 0.05284004767795452,
                  "filter_relative_volume_clip_pct": 0.03538462760306354,
                  "filter_rolling_window": 82.3222998008703,
                  "n_positions": 1,
                  "total_wallet_exposure_limit": 2.5,
                  "unstuck_close_pct": 0.014298905936363761,
                  "unstuck_ema_dist": -0.08096305478050053,
                  "unstuck_loss_allowance_pct": 0.019894025871117892,
                  "unstuck_threshold": 0.4469007213469345},
         "short": {"close_grid_markup_range": 0.011652487893311683,
                   "close_grid_min_markup": 0.015146518049915833,
                   "close_grid_qty_pct": 0.975501435199631,
                   "close_trailing_grid_ratio": -0.9987827481995406,
                   "close_trailing_qty_pct": 0.15912722586521585,
                   "close_trailing_retracement_pct": 0.01741987860448965,
                   "close_trailing_threshold_pct": -0.09625549042521014,
                   "ema_span_0": 1077.62356121893,
                   "ema_span_1": 808.3669252221026,
                   "entry_grid_double_down_factor": 0.17393002154180204,
                   "entry_grid_spacing_pct": 0.07034115929726534,
                   "entry_grid_spacing_weight": 4.203331406731371,
                   "entry_initial_ema_dist": -0.003941162598249524,
                   "entry_initial_qty_pct": 0.018278830746353215,
                   "entry_trailing_grid_ratio": 0.1299687738016272,
                   "entry_trailing_retracement_pct": 0.044285230407460796,
                   "entry_trailing_threshold_pct": -0.05779464826212606,
                   "filter_relative_volume_clip_pct": 0.40872763938064055,
                   "filter_rolling_window": 208.2121281626401,
                   "n_positions": 1,
                   "total_wallet_exposure_limit": 1,
                   "unstuck_close_pct": 0.024712461816130946,
                   "unstuck_ema_dist": -0.055091967746664784,
                   "unstuck_loss_allowance_pct": 0.04174926301940696,
                   "unstuck_threshold": 0.7725937250811968}},
 "live": {"approved_coins": ["1000PEPEUSDT"],
          "auto_gs": true,
          "coin_flags": {},
          "execution_delay_seconds": 2,
          "filter_by_min_effective_cost": true,
          "forced_mode_long": "",
          "forced_mode_short": "",
          "ignored_coins": [],
          "leverage": 10,
          "max_n_cancellations_per_batch": 5,
          "max_n_creations_per_batch": 3,
          "minimum_coin_age_days": 30,
          "ohlcv_rolling_window": 60,
          "pnls_max_lookback_days": 30,
          "price_distance_threshold": 0.002,
          "relative_volume_filter_clip_pct": 0.5,
          "time_in_force": "good_till_cancelled",
          "user": "hyperliquid_v7"},
 "optimize": {"bounds": {"long_close_grid_markup_range": [0, 0.06],
                         "long_close_grid_min_markup": [0.001, 0.06],
                         "long_close_grid_qty_pct": [0.05, 1],
                         "long_close_trailing_grid_ratio": [-1, 1],
                         "long_close_trailing_qty_pct": [0.05, 1],
                         "long_close_trailing_retracement_pct": [0, 0.3],
                         "long_close_trailing_threshold_pct": [-0.1, 0.1],
                         "long_ema_span_0": [200, 1440],
                         "long_ema_span_1": [200, 1440],
                         "long_entry_grid_double_down_factor": [0.1, 3],
                         "long_entry_grid_spacing_pct": [0.001, 0.12],
                         "long_entry_grid_spacing_weight": [0, 10],
                         "long_entry_initial_ema_dist": [-0.1, 0.003],
                         "long_entry_initial_qty_pct": [0.005, 0.1],
                         "long_entry_trailing_grid_ratio": [-1, 1],
                         "long_entry_trailing_retracement_pct": [0, 0.1],
                         "long_entry_trailing_threshold_pct": [-0.1, 0.1],
                         "long_filter_relative_volume_clip_pct": [0, 1],
                         "long_filter_rolling_window": [10, 1440],
                         "long_n_positions": [1, 1],
                         "long_total_wallet_exposure_limit": [2.5, 2.5],
                         "long_unstuck_close_pct": [0.001, 0.1],
                         "long_unstuck_ema_dist": [-0.1, 0.01],
                         "long_unstuck_loss_allowance_pct": [0, 0.05],
                         "long_unstuck_threshold": [0.4, 0.95],
                         "short_close_grid_markup_range": [0, 0.03],
                         "short_close_grid_min_markup": [0.001, 0.03],
                         "short_close_grid_qty_pct": [0.05, 1],
                         "short_close_trailing_grid_ratio": [-1, 1],
                         "short_close_trailing_qty_pct": [0.05, 1],
                         "short_close_trailing_retracement_pct": [0, 0.1],
                         "short_close_trailing_threshold_pct": [-0.1, 0.1],
                         "short_ema_span_0": [200, 1440],
                         "short_ema_span_1": [200, 1440],
                         "short_entry_grid_double_down_factor": [0.1, 3],
                         "short_entry_grid_spacing_pct": [0.001, 0.12],
                         "short_entry_grid_spacing_weight": [0, 10],
                         "short_entry_initial_ema_dist": [-0.1, 0.003],
                         "short_entry_initial_qty_pct": [0.005, 0.1],
                         "short_entry_trailing_grid_ratio": [-1, 1],
                         "short_entry_trailing_retracement_pct": [0, 0.1],
                         "short_entry_trailing_threshold_pct": [-0.1, 0.1],
                         "short_filter_relative_volume_clip_pct": [0, 1],
                         "short_filter_rolling_window": [10, 1440],
                         "short_n_positions": [1, 1],
                         "short_total_wallet_exposure_limit": [1, 1],
                         "short_unstuck_close_pct": [0.001, 0.1],
                         "short_unstuck_ema_dist": [-0.1, 0.01],
                         "short_unstuck_loss_allowance_pct": [0, 0.05],