{
    "analysis": {
        "adg": 0.0037363661856767345,
        "drawdown_worst": 0.24083692109055033,
        "equity_balance_diff_max": 0.22144063174047426,
        "equity_balance_diff_mean": 0.009645928420997112,
        "loss_profit_ratio": 0.34655893852805547,
        "mdg": 0.004965232098145959,
        "n_iters": 9527,
        "sharpe_ratio": 0.22246481159200074,
        "w_0": -0.004965232098145959,
        "w_1": -0.22246481159200074
    },
    "backtest": {
        "base_dir": "backtests",
        "end_date": "now",
        "exchange": "binance",
        "start_date": "2021-05-01",
        "starting_balance": 100000,
        "symbols": [
            "PIXELUSDT"
        ]
    },
    "bot": {
        "long": {
            "close_grid_markup_range": 0.059824959328949316,
            "close_grid_min_markup": 0.052762187932947624,
            "close_grid_qty_pct": 0.4269674058369611,
            "close_trailing_grid_ratio": 0.8406503658048643,
            "close_trailing_qty_pct": 0.7408635109365242,
            "close_trailing_retracement_pct": 0.15873270848721266,
            "close_trailing_threshold_pct": -0.09960386953452705,
            "ema_span_0": 253.14896250712718,
            "ema_span_1": 1088.7422144657032,
            "entry_grid_double_down_factor": 2.1153876267456333,
            "entry_grid_spacing_pct": 0.09576819198743501,
            "entry_grid_spacing_weight": 3.337452605061691,
            "entry_initial_ema_dist": -0.039097177969412665,
            "entry_initial_qty_pct": 0.06514447966401177,
            "entry_trailing_grid_ratio": -0.6197894978968846,
            "entry_trailing_retracement_pct": 0.023073767013680656,
            "entry_trailing_threshold_pct": 0.08418947855103018,
            "n_positions": 17.98708629020712,
            "total_wallet_exposure_limit": 2.0238146133261408,
            "unstuck_close_pct": 0.0831742598261163,
            "unstuck_ema_dist": -0.058155426568282625,
            "unstuck_loss_allowance_pct": 0.03307747661248621,
            "unstuck_threshold": 0.7888373946981585
        },
        "short": {
            "close_grid_markup_range": 0.022676997936205052,
            "close_grid_min_markup": 0.0038650555132307236,
            "close_grid_qty_pct": 0.8556992389460961,
            "close_trailing_grid_ratio": -0.08062882406327967,
            "close_trailing_qty_pct": 0.5716745216973617,
            "close_trailing_retracement_pct": 0.08111077359045005,
            "close_trailing_threshold_pct": -0.04298213919101794,
            "ema_span_0": 423.15840867531995,
            "ema_span_1": 776.9775807008797,
            "entry_grid_double_down_factor": 2.4441994160731912,
            "entry_grid_spacing_pct": 0.046012909848888894,
            "entry_grid_spacing_weight": 7.945895982534573,
            "entry_initial_ema_dist": -0.0026600450541920985,
            "entry_initial_qty_pct": 0.053104413956146075,
            "entry_trailing_grid_ratio": 0.17959383725908462,
            "entry_trailing_retracement_pct": 0.005579126664398393,
            "entry_trailing_threshold_pct": 0.005774589973715074,
            "n_positions": 0,
            "total_wallet_exposure_limit": 4.11479366839614,
            "unstuck_close_pct": 0.08921061861992949,
            "unstuck_ema_dist": -0.023002413804673064,
            "unstuck_loss_allowance_pct": 0.04100927632903003,
            "unstuck_threshold": 0.4342950201873863
        }
    },
    "live": {
        "approved_coins": [
            "PIXELUSDT"
        ],
        "auto_gs": true,
        "coin_flags": {},
        "execution_delay_seconds": 2,
        "filter_by_min_effective_cost": true,
        "forced_mode_long": "",
        "forced_mode_short": "",
        "ignored_coins": [
            "COIN1",
            "COIN2"
        ],
        "leverage": 10,
        "max_n_cancellations_per_batch": 5,
        "max_n_creations_per_batch": 3,
        "minimum_coin_age_days": 30,
        "ohlcv_rolling_window": 60,
        "pnls_max_lookback_days": 30,
        "price_distance_threshold": 0.002,
        "relative_volume_filter_clip_pct": 0.5,
        "time_in_force": "good_till_cancelled",
        "user": "hyperliquid_v7"
    },
    "optimize": {
        "bounds": {
            "long_close_grid_markup_range": [
                0,
                0.06
            ],
            "long_close_grid_min_markup": [
                0.001,
                0.06
            ],
            "long_close_grid_qty_pct": [
                0.05,
                1
            ],
            "long_close_trailing_grid_ratio": [
                -1,
                1
            ],
            "long_close_trailing_qty_pct": [
                0.05,
                1
            ],
            "long_close_trailing_retracement_pct": [
                0,
                0.3
            ],
            "long_close_trailing_threshold_pct": [
                -0.1,
                0.1
            ],
            "long_ema_span_0": [
                200,
                1440
            ],
            "long_ema_span_1": [
                200,
                1440
            ],
            "long_entry_grid_double_down_factor": [
                0.1,
                3
            ],
            "long_entry_grid_spacing_pct": [
                0.001,
                0.12
            ],
            "long_entry_grid_spacing_weight": [
                0,
                10
            ],
            "long_entry_initial_ema_dist": [
                -0.1,
                0.003
            ],
            "long_entry_initial_qty_pct": [
                0.005,
                0.1
            ],
            "long_entry_trailing_grid_ratio": [
                -1,
                1
            ],
            "long_entry_trailing_retracement_pct": [
                0,
                0.1
            ],
            "long_entry_trailing_threshold_pct": [
                -0.1,
                0.1
            ],
            "long_n_positions": [
                1,
                20
            ],
            "long_total_wallet_exposure_limit": [
                2,
                4
            ],
            "long_unstuck_close_pct": [
                0.001,
                0.1
            ],
            "long_unstuck_ema_dist": [
                -0.1,
                0.01
            ],
            "long_unstuck_loss_allowance_pct": [
                0,
                0.05
            ],
            "long_unstuck_threshold": [
                0.4,
                0.95
            ],
            "short_close_grid_markup_range": [
                0,
                0.03
            ],
            "short_close_grid_min_markup": [
                0.001,
                0.03
            ],
            "short_close_grid_qty_pct": [
                0.05,
                1
            ],
            "short_close_trailing_grid_ratio": [
                -1,
                1
            ],
            "short_close_trailing_qty_pct": [
                0.05,
                1
            ],
            "short_close_trailing_retracement_pct": [
                0,
                0.1
            ],
            "short_close_trailing_threshold_pct": [
                -0.1,
                0.1
            ],
            "short_ema_span_0": [
                200,
                1440
            ],
            "short_ema_span_1": [
                200,
                1440
            ],
            "short_entry_grid_double_down_factor": [
                0.1,
                3
            ],
            "short_entry_grid_spacing_pct": [
                0.001,
                0.12
            ],
            "short_entry_grid_spacing_weight": [
                0,
                10
            ],
            "short_entry_initial_ema_dist": [
                -0.1,
                0.003
            ],
            "short_entry_initial_qty_pct": [
                0.005,
                0.1
            ],