{"analysis": {"adg": 0.0037363661856767345,
              "drawdown_worst": 0.24083692109055033,
              "equity_balance_diff_max": 0.22144063174047426,
              "equity_balance_diff_mean": 0.009645928420997112,
              "loss_profit_ratio": 0.34655893852805547,
              "mdg": 0.004965232098145959,
              "n_iters": 9527,
              "sharpe_ratio": 0.22246481159200074,
              "w_0": -0.004965232098145959,
              "w_1": -0.22246481159200074},
 "backtest": {"base_dir": "backtests",
              "end_date": "now",
              "exchange": "binance",
              "start_date": "2021-05-01",
              "starting_balance": 100000,
              "symbols": ["PIXELUSDT"]},
 "bot": {"long": {"close_grid_markup_range": 0.053170927679188754,
                  "close_grid_min_markup": 0.0576639805050325,
                  "close_grid_qty_pct": 0.14046730882711556,
                  "close_trailing_grid_ratio": 0.24152398083216586,
                  "close_trailing_qty_pct": 0.3428883742526956,
                  "close_trailing_retracement_pct": 0.03663340221341418,
                  "close_trailing_threshold_pct": -0.018013942180413724,
                  "ema_span_0": 986.8901907016104,
                  "ema_span_1": 805.6410524209167,
                  "entry_grid_double_down_factor": 0.23014546887236528,
                  "entry_grid_spacing_pct": 0.08668004993101408,
                  "entry_grid_spacing_weight": 4.8378546047309525,
                  "entry_initial_ema_dist": -0.01892081152494913,
                  "entry_initial_qty_pct": 0.00583327365631199,
                  "entry_trailing_grid_ratio": -0.3036210209828819,
                  "entry_trailing_retracement_pct": 0.09000125094138856,
                  "entry_trailing_threshold_pct": -0.09272052827331284,
                  "filter_relative_volume_clip_pct": 0.6234943623734093,
                  "filter_rolling_window": 1223.8696970465862,
                  "n_positions": 1,
                  "total_wallet_exposure_limit": 2.5,
                  "unstuck_close_pct": 0.05325775555957776,
                  "unstuck_ema_dist": 0.0015320978466750197,
                  "unstuck_loss_allowance_pct": 0.03600537592596015,
                  "unstuck_threshold": 0.5137903537113013},
         "short": {"close_grid_markup_range": 0.015668557896416826,
                   "close_grid_min_markup": 0.017749111984805895,
                   "close_grid_qty_pct": 0.779703972473111,
                   "close_trailing_grid_ratio": -0.13068068734555938,
                   "close_trailing_qty_pct": 0.2751078770437023,
                   "close_trailing_retracement_pct": 0.005589425412354382,
                   "close_trailing_threshold_pct": 0.013244942440570819,
                   "ema_span_0": 456.3570785485227,
                   "ema_span_1": 1429.2571394016638,
                   "entry_grid_double_down_factor": 1.3869733252197216,
                   "entry_grid_spacing_pct": 0.06357976080086085,
                   "entry_grid_spacing_weight": 1.1185266040752624,
                   "entry_initial_ema_dist": -0.06121807134398662,
                   "entry_initial_qty_pct": 0.0960011988880547,
                   "entry_trailing_grid_ratio": -0.24755899022606206,
                   "entry_trailing_retracement_pct": 0.048209647693195176,
                   "entry_trailing_threshold_pct": 0.027930192593718664,
                   "filter_relative_volume_clip_pct": 0.19253158957114835,
                   "filter_rolling_window": 1423.3017261963778,
                   "n_positions": 1,
                   "total_wallet_exposure_limit": 1,
                   "unstuck_close_pct": 0.06204037367709427,
                   "unstuck_ema_dist": -0.0965291324123773,
                   "unstuck_loss_allowance_pct": 0.03591677052097866,
                   "unstuck_threshold": 0.6398514495980878}},
 "live": {"approved_coins": ["PIXELUSDT"],
          "auto_gs": true,
          "coin_flags": {},
          "execution_delay_seconds": 2,
          "filter_by_min_effective_cost": true,
          "forced_mode_long": "",
          "forced_mode_short": "",
          "ignored_coins": [],
          "leverage": 10,
          "max_n_cancellations_per_batch": 5,
          "max_n_creations_per_batch": 3,
          "minimum_coin_age_days": 30,
          "ohlcv_rolling_window": 60,
          "pnls_max_lookback_days": 30,
          "price_distance_threshold": 0.002,
          "relative_volume_filter_clip_pct": 0.5,
          "time_in_force": "good_till_cancelled",
          "user": "hyperliquid_v7"},
 "optimize": {"bounds": {"long_close_grid_markup_range": [0, 0.06],
                         "long_close_grid_min_markup": [0.001, 0.06],
                         "long_close_grid_qty_pct": [0.05, 1],
                         "long_close_trailing_grid_ratio": [-1, 1],
                         "long_close_trailing_qty_pct": [0.05, 1],
                         "long_close_trailing_retracement_pct": [0, 0.3],
                         "long_close_trailing_threshold_pct": [-0.1, 0.1],
                         "long_ema_span_0": [200, 1440],
                         "long_ema_span_1": [200, 1440],
                         "long_entry_grid_double_down_factor": [0.1, 3],
                         "long_entry_grid_spacing_pct": [0.001, 0.12],
                         "long_entry_grid_spacing_weight": [0, 10],
                         "long_entry_initial_ema_dist": [-0.1, 0.003],
                         "long_entry_initial_qty_pct": [0.005, 0.1],
                         "long_entry_trailing_grid_ratio": [-1, 1],
                         "long_entry_trailing_retracement_pct": [0, 0.1],
                         "long_entry_trailing_threshold_pct": [-0.1, 0.1],
                         "long_filter_relative_volume_clip_pct": [0, 1],
                         "long_filter_rolling_window": [10, 1440],
                         "long_n_positions": [1, 1],
                         "long_total_wallet_exposure_limit": [2.5, 2.5],
                         "long_unstuck_close_pct": [0.001, 0.1],
                         "long_unstuck_ema_dist": [-0.1, 0.01],
                         "long_unstuck_loss_allowance_pct": [0, 0.05],
                         "long_unstuck_threshold": [0.4, 0.95],
                         "short_close_grid_markup_range": [0, 0.03],
                         "short_close_grid_min_markup": [0.001, 0.03],
                         "short_close_grid_qty_pct": [0.05, 1],
                         "short_close_trailing_grid_ratio": [-1, 1],
                         "short_close_trailing_qty_pct": [0.05, 1],
                         "short_close_trailing_retracement_pct": [0, 0.1],
                         "short_close_trailing_threshold_pct": [-0.1, 0.1],
                         "short_ema_span_0": [200, 1440],
                         "short_ema_span_1": [200, 1440],
                         "short_entry_grid_double_down_factor": [0.1, 3],
                         "short_entry_grid_spacing_pct": [0.001, 0.12],
                         "short_entry_grid_spacing_weight": [0, 10],
                         "short_entry_initial_ema_dist": [-0.1, 0.003],
                         "short_entry_initial_qty_pct": [0.005, 0.1],
                         "short_entry_trailing_grid_ratio": [-1, 1],
                         "short_entry_trailing_retracement_pct": [0, 0.1],
                         "short_entry_trailing_threshold_pct": [-0.1, 0.1],
                         "short_filter_relative_volume_clip_pct": [0, 1],
                         "short_filter_rolling_window": [10, 1440],
                         "short_n_positions": [1, 1],
                         "short_total_wallet_exposure_limit": [1, 1],
                         "short_unstuck_close_pct": [0.001, 0.1],
                         "short_unstuck_ema_dist": [-0.1, 0.01],
                         "short_unstuck_loss_allowance_pct": [0, 0.05],