{"analysis": {"adg": 0.001338273718003764,
              "drawdown_worst": 0.18120669331403777,
              "equity_balance_diff_max": 0.16233962365610807,
              "equity_balance_diff_mean": 0.009563058568601162,
              "loss_profit_ratio": 0.4155736527825956,
              "mdg": 0.0009529338001083073,
              "n_iters": 9488,
              "sharpe_ratio": 0.1318205552602559,
              "w_0": -0.0009529338001083073,
              "w_1": -0.1318205552602559},
 "backtest": {"base_dir": "backtests",
              "end_date": "now",
              "exchange": "binance",
              "start_date": "2021-05-01",
              "starting_balance": 100000,
              "symbols": ["POLYXUSDT"]},
 "bot": {"long": {"close_grid_markup_range": 0.004458488646887921,
                  "close_grid_min_markup": 0.032919243961635605,
                  "close_grid_qty_pct": 0.29442113172984025,
                  "close_trailing_grid_ratio": 0.029576087988900213,
                  "close_trailing_qty_pct": 0.6670223211098878,
                  "close_trailing_retracement_pct": 0.04511138931890776,
                  "close_trailing_threshold_pct": 0.03167073424820578,
                  "ema_span_0": 376.40239522280535,
                  "ema_span_1": 701.9109597849156,
                  "entry_grid_double_down_factor": 2.6936935221885037,
                  "entry_grid_spacing_pct": 0.10691136564361417,
                  "entry_grid_spacing_weight": 7.048843957086484,
                  "entry_initial_ema_dist": -0.07838632904645446,
                  "entry_initial_qty_pct": 0.013754995643581708,
                  "entry_trailing_grid_ratio": -0.3034337729506491,
                  "entry_trailing_retracement_pct": 0.0016430517019643473,
                  "entry_trailing_threshold_pct": -0.09654062138010082,
                  "filter_relative_volume_clip_pct": 0.5702777906706009,
                  "filter_rolling_window": 62.71948540217787,
                  "n_positions": 1.0,
                  "total_wallet_exposure_limit": 2.5,
                  "unstuck_close_pct": 0.07289823259220396,
                  "unstuck_ema_dist": -0.02134045018745901,
                  "unstuck_loss_allowance_pct": 0.01692789910837733,
                  "unstuck_threshold": 0.8720087747002707},
         "short": {"close_grid_markup_range": 0.008015723399528973,
                   "close_grid_min_markup": 0.00594108670045399,
                   "close_grid_qty_pct": 0.07092490374782504,
                   "close_trailing_grid_ratio": -0.41661468884887387,
                   "close_trailing_qty_pct": 0.2790669588378812,
                   "close_trailing_retracement_pct": 0.08380392677640558,
                   "close_trailing_threshold_pct": -0.008921518726577513,
                   "ema_span_0": 1189.3098462768644,
                   "ema_span_1": 825.5851242433075,
                   "entry_grid_double_down_factor": 0.23794887115895258,
                   "entry_grid_spacing_pct": 0.0871404920550394,
                   "entry_grid_spacing_weight": 4.048147180117322,
                   "entry_initial_ema_dist": -0.01736144948337165,
                   "entry_initial_qty_pct": 0.02236963252672376,
                   "entry_trailing_grid_ratio": 0.8501900569437126,
                   "entry_trailing_retracement_pct": 0.03452678252000928,
                   "entry_trailing_threshold_pct": 0.06747525125939864,
                   "filter_relative_volume_clip_pct": 0.6682054014401213,
                   "filter_rolling_window": 1031.7938690080985,
                   "n_positions": 1.0,
                   "total_wallet_exposure_limit": 1.0,
                   "unstuck_close_pct": 0.07314703498479391,
                   "unstuck_ema_dist": -0.0738767256609288,
                   "unstuck_loss_allowance_pct": 0.0389027430348122,
                   "unstuck_threshold": 0.9174535351733675}},
 "live": {"approved_coins": ["POLYXUSDT"],
          "auto_gs": true,
          "coin_flags": {},
          "execution_delay_seconds": 2,
          "filter_by_min_effective_cost": true,
          "forced_mode_long": "",
          "forced_mode_short": "",
          "ignored_coins": [],
          "leverage": 10,
          "max_n_cancellations_per_batch": 5,
          "max_n_creations_per_batch": 3,
          "minimum_coin_age_days": 30,
          "ohlcv_rolling_window": 60,
          "pnls_max_lookback_days": 30,
          "price_distance_threshold": 0.002,
          "relative_volume_filter_clip_pct": 0.5,
          "time_in_force": "good_till_cancelled",
          "user": "hyperliquid_v7"},
 "optimize": {"bounds": {"long_close_grid_markup_range": [0, 0.06],
                         "long_close_grid_min_markup": [0.001, 0.06],
                         "long_close_grid_qty_pct": [0.05, 1],
                         "long_close_trailing_grid_ratio": [-1, 1],
                         "long_close_trailing_qty_pct": [0.05, 1],
                         "long_close_trailing_retracement_pct": [0, 0.3],
                         "long_close_trailing_threshold_pct": [-0.1, 0.1],
                         "long_ema_span_0": [200, 1440],
                         "long_ema_span_1": [200, 1440],
                         "long_entry_grid_double_down_factor": [0.1, 3],
                         "long_entry_grid_spacing_pct": [0.001, 0.12],
                         "long_entry_grid_spacing_weight": [0, 10],
                         "long_entry_initial_ema_dist": [-0.1, 0.003],
                         "long_entry_initial_qty_pct": [0.005, 0.1],
                         "long_entry_trailing_grid_ratio": [-1, 1],
                         "long_entry_trailing_retracement_pct": [0, 0.1],
                         "long_entry_trailing_threshold_pct": [-0.1, 0.1],
                         "long_filter_relative_volume_clip_pct": [0.0, 1.0],
                         "long_filter_rolling_window": [10.0, 1440.0],
                         "long_n_positions": [1.0, 1.0],
                         "long_total_wallet_exposure_limit": [2.5, 2.5],
                         "long_unstuck_close_pct": [0.001, 0.1],
                         "long_unstuck_ema_dist": [-0.1, 0.01],
                         "long_unstuck_loss_allowance_pct": [0, 0.05],
                         "long_unstuck_threshold": [0.4, 0.95],
                         "short_close_grid_markup_range": [0, 0.03],
                         "short_close_grid_min_markup": [0.001, 0.03],
                         "short_close_grid_qty_pct": [0.05, 1],
                         "short_close_trailing_grid_ratio": [-1, 1],
                         "short_close_trailing_qty_pct": [0.05, 1],
                         "short_close_trailing_retracement_pct": [0, 0.1],
                         "short_close_trailing_threshold_pct": [-0.1, 0.1],
                         "short_ema_span_0": [200, 1440],
                         "short_ema_span_1": [200, 1440],
                         "short_entry_grid_double_down_factor": [0.1, 3],
                         "short_entry_grid_spacing_pct": [0.001, 0.12],
                         "short_entry_grid_spacing_weight": [0, 10],
                         "short_entry_initial_ema_dist": [-0.1, 0.003],
                         "short_entry_initial_qty_pct": [0.005, 0.1],
                         "short_entry_trailing_grid_ratio": [-1, 1],
                         "short_entry_trailing_retracement_pct": [0, 0.1],
                         "short_entry_trailing_threshold_pct": [-0.1, 0.1],
                         "short_filter_relative_volume_clip_pct": [0.0, 1.0],
                         "short_filter_rolling_window": [10.0, 1440.0],
                         "short_n_positions": [1.0, 1.0],
                         "short_total_wallet_exposure_limit": [1.0, 1.0],
                         "short_unstuck_close_pct": [0.001, 0.1],
                         "short_unstuck_ema_dist": [-0.1, 0.01],