{"analysis": {"adg": 0.001338273718003764,
              "drawdown_worst": 0.18120669331403777,
              "equity_balance_diff_max": 0.16233962365610807,
              "equity_balance_diff_mean": 0.009563058568601162,
              "loss_profit_ratio": 0.4155736527825956,
              "mdg": 0.0009529338001083073,
              "n_iters": 9488,
              "sharpe_ratio": 0.1318205552602559,
              "w_0": -0.0009529338001083073,
              "w_1": -0.1318205552602559},
 "backtest": {"base_dir": "backtests",
              "end_date": "now",
              "exchange": "binance",
              "start_date": "2021-05-01",
              "starting_balance": 100000,
              "symbols": ["POLYXUSDT"]},
 "bot": {"long": {"close_grid_markup_range": 0.05465879148842748,
                  "close_grid_min_markup": 0.004992833731600093,
                  "close_grid_qty_pct": 0.5598491004252785,
                  "close_trailing_grid_ratio": -0.3165641113249857,
                  "close_trailing_qty_pct": 0.9284754099641815,
                  "close_trailing_retracement_pct": 0.12706587598936306,
                  "close_trailing_threshold_pct": -0.0076790232289864375,
                  "ema_span_0": 1151.88440693663,
                  "ema_span_1": 483.0575319423467,
                  "entry_grid_double_down_factor": 1.7557211481131787,
                  "entry_grid_spacing_pct": 0.11011465585318939,
                  "entry_grid_spacing_weight": 7.375472826167181,
                  "entry_initial_ema_dist": -0.05481837423123577,
                  "entry_initial_qty_pct": 0.009918367305668549,
                  "entry_trailing_grid_ratio": -0.6888449954028355,
                  "entry_trailing_retracement_pct": 0.04122412630678052,
                  "entry_trailing_threshold_pct": 0.09415218449693777,
                  "filter_relative_volume_clip_pct": 0.4988390665761138,
                  "filter_rolling_window": 306.147720310129,
                  "n_positions": 1,
                  "total_wallet_exposure_limit": 2.5,
                  "unstuck_close_pct": 0.04209178216881246,
                  "unstuck_ema_dist": -0.006667134345826484,
                  "unstuck_loss_allowance_pct": 0.04910070307852165,
                  "unstuck_threshold": 0.6113613894379499},
         "short": {"close_grid_markup_range": 0.0016602429301520024,
                   "close_grid_min_markup": 0.010890536487306172,
                   "close_grid_qty_pct": 0.4374075530304793,
                   "close_trailing_grid_ratio": -0.17318582306564412,
                   "close_trailing_qty_pct": 0.9844382720694036,
                   "close_trailing_retracement_pct": 0.006563267746745479,
                   "close_trailing_threshold_pct": -0.040497067264305235,
                   "ema_span_0": 991.1973176823602,
                   "ema_span_1": 309.07899312346717,
                   "entry_grid_double_down_factor": 1.3570327409868526,
                   "entry_grid_spacing_pct": 0.05239782187619529,
                   "entry_grid_spacing_weight": 9.122922802128869,
                   "entry_initial_ema_dist": -0.0771159704278283,
                   "entry_initial_qty_pct": 0.007491260468068431,
                   "entry_trailing_grid_ratio": -0.10594565825911523,
                   "entry_trailing_retracement_pct": 0.08382584767211956,
                   "entry_trailing_threshold_pct": -0.03433220505641055,
                   "filter_relative_volume_clip_pct": 0.22384370447150137,
                   "filter_rolling_window": 884.616692906096,
                   "n_positions": 1,
                   "total_wallet_exposure_limit": 1,
                   "unstuck_close_pct": 0.01667534784047706,
                   "unstuck_ema_dist": -0.09513197756016195,
                   "unstuck_loss_allowance_pct": 0.006353947506071362,
                   "unstuck_threshold": 0.945292344596977}},
 "live": {"approved_coins": ["POLYXUSDT"],
          "auto_gs": true,
          "coin_flags": {},
          "execution_delay_seconds": 2,
          "filter_by_min_effective_cost": true,
          "forced_mode_long": "",
          "forced_mode_short": "",
          "ignored_coins": [],
          "leverage": 10,
          "max_n_cancellations_per_batch": 5,
          "max_n_creations_per_batch": 3,
          "minimum_coin_age_days": 30,
          "ohlcv_rolling_window": 60,
          "pnls_max_lookback_days": 30,
          "price_distance_threshold": 0.002,
          "relative_volume_filter_clip_pct": 0.5,
          "time_in_force": "good_till_cancelled",
          "user": "hyperliquid_v7"},
 "optimize": {"bounds": {"long_close_grid_markup_range": [0, 0.06],
                         "long_close_grid_min_markup": [0.001, 0.06],
                         "long_close_grid_qty_pct": [0.05, 1],
                         "long_close_trailing_grid_ratio": [-1, 1],
                         "long_close_trailing_qty_pct": [0.05, 1],
                         "long_close_trailing_retracement_pct": [0, 0.3],
                         "long_close_trailing_threshold_pct": [-0.1, 0.1],
                         "long_ema_span_0": [200, 1440],
                         "long_ema_span_1": [200, 1440],
                         "long_entry_grid_double_down_factor": [0.1, 3],
                         "long_entry_grid_spacing_pct": [0.001, 0.12],
                         "long_entry_grid_spacing_weight": [0, 10],
                         "long_entry_initial_ema_dist": [-0.1, 0.003],
                         "long_entry_initial_qty_pct": [0.005, 0.1],
                         "long_entry_trailing_grid_ratio": [-1, 1],
                         "long_entry_trailing_retracement_pct": [0, 0.1],
                         "long_entry_trailing_threshold_pct": [-0.1, 0.1],
                         "long_filter_relative_volume_clip_pct": [0, 1],
                         "long_filter_rolling_window": [10, 1440],
                         "long_n_positions": [1, 1],
                         "long_total_wallet_exposure_limit": [2.5, 2.5],
                         "long_unstuck_close_pct": [0.001, 0.1],
                         "long_unstuck_ema_dist": [-0.1, 0.01],
                         "long_unstuck_loss_allowance_pct": [0, 0.05],
                         "long_unstuck_threshold": [0.4, 0.95],
                         "short_close_grid_markup_range": [0, 0.03],
                         "short_close_grid_min_markup": [0.001, 0.03],
                         "short_close_grid_qty_pct": [0.05, 1],
                         "short_close_trailing_grid_ratio": [-1, 1],
                         "short_close_trailing_qty_pct": [0.05, 1],
                         "short_close_trailing_retracement_pct": [0, 0.1],
                         "short_close_trailing_threshold_pct": [-0.1, 0.1],
                         "short_ema_span_0": [200, 1440],
                         "short_ema_span_1": [200, 1440],
                         "short_entry_grid_double_down_factor": [0.1, 3],
                         "short_entry_grid_spacing_pct": [0.001, 0.12],
                         "short_entry_grid_spacing_weight": [0, 10],
                         "short_entry_initial_ema_dist": [-0.1, 0.003],
                         "short_entry_initial_qty_pct": [0.005, 0.1],
                         "short_entry_trailing_grid_ratio": [-1, 1],
                         "short_entry_trailing_retracement_pct": [0, 0.1],
                         "short_entry_trailing_threshold_pct": [-0.1, 0.1],
                         "short_filter_relative_volume_clip_pct": [0, 1],
                         "short_filter_rolling_window": [10, 1440],
                         "short_n_positions": [1, 1],
                         "short_total_wallet_exposure_limit": [1, 1],
                         "short_unstuck_close_pct": [0.001, 0.1],
                         "short_unstuck_ema_dist": [-0.1, 0.01],
                         "short_unstuck_loss_allowance_pct": [0, 0.05],