{"analysis": {"adg": 0.003279790696901222,
              "drawdown_worst": 0.1724875983820076,
              "equity_balance_diff_max": 0.19274376039766405,
              "equity_balance_diff_mean": 0.007883144398206863,
              "loss_profit_ratio": 0.36546750344136936,
              "mdg": 0.0020506420217481715,
              "n_iters": 9489,
              "sharpe_ratio": 0.24821318415733043,
              "w_0": -0.0020506420217481715,
              "w_1": -0.24821318415733043},
 "backtest": {"base_dir": "backtests",
              "end_date": "now",
              "exchange": "binance",
              "start_date": "2021-05-01",
              "starting_balance": 100000,
              "symbols": ["PYTHUSDT"]},
 "bot": {"long": {"close_grid_markup_range": 0.03928300015346822,
                  "close_grid_min_markup": 0.022974057558392838,
                  "close_grid_qty_pct": 0.6066504746051484,
                  "close_trailing_grid_ratio": 0.15558843072038214,
                  "close_trailing_qty_pct": 0.9946317245045251,
                  "close_trailing_retracement_pct": 0.10128911027417625,
                  "close_trailing_threshold_pct": -0.02276980411519706,
                  "ema_span_0": 857.4462314300607,
                  "ema_span_1": 266.1515893573866,
                  "entry_grid_double_down_factor": 2.4381619548107785,
                  "entry_grid_spacing_pct": 0.10516570260075081,
                  "entry_grid_spacing_weight": 7.133889169348731,
                  "entry_initial_ema_dist": 0.0005974581986308083,
                  "entry_initial_qty_pct": 0.052797783981043706,
                  "entry_trailing_grid_ratio": -0.1051982549236492,
                  "entry_trailing_retracement_pct": 0.08142663022755049,
                  "entry_trailing_threshold_pct": -0.009428383501185952,
                  "filter_relative_volume_clip_pct": 0.909979951943005,
                  "filter_rolling_window": 638.7760210991436,
                  "n_positions": 1,
                  "total_wallet_exposure_limit": 2.5,
                  "unstuck_close_pct": 0.014311960659227699,
                  "unstuck_ema_dist": -0.07505622978835161,
                  "unstuck_loss_allowance_pct": 0.01769637888753938,
                  "unstuck_threshold": 0.5507172239575683},
         "short": {"close_grid_markup_range": 0.004854585603556289,
                   "close_grid_min_markup": 0.015901074952495188,
                   "close_grid_qty_pct": 0.1825900412701843,
                   "close_trailing_grid_ratio": 0.0375535999595709,
                   "close_trailing_qty_pct": 0.26267772114458154,
                   "close_trailing_retracement_pct": 0.034939128660237115,
                   "close_trailing_threshold_pct": 0.0004922079434688705,
                   "ema_span_0": 1221.793410463003,
                   "ema_span_1": 205.5357101347368,
                   "entry_grid_double_down_factor": 0.7897909457759845,
                   "entry_grid_spacing_pct": 0.05468644813285312,
                   "entry_grid_spacing_weight": 2.2630454662686117,
                   "entry_initial_ema_dist": -0.017659867611099347,
                   "entry_initial_qty_pct": 0.07236465079596621,
                   "entry_trailing_grid_ratio": -0.38155990078716395,
                   "entry_trailing_retracement_pct": 0.03572998951433974,
                   "entry_trailing_threshold_pct": 0.07573127050866013,
                   "filter_relative_volume_clip_pct": 0.07851893660967624,
                   "filter_rolling_window": 1045.8277717184892,
                   "n_positions": 1,
                   "total_wallet_exposure_limit": 1,
                   "unstuck_close_pct": 0.03131263655118615,
                   "unstuck_ema_dist": -0.02978241994649403,
                   "unstuck_loss_allowance_pct": 0.040983004689418574,
                   "unstuck_threshold": 0.4290423177563392}},
 "live": {"approved_coins": ["PYTHUSDT"],
          "auto_gs": true,
          "coin_flags": {},
          "execution_delay_seconds": 2,
          "filter_by_min_effective_cost": true,
          "forced_mode_long": "",
          "forced_mode_short": "",
          "ignored_coins": [],
          "leverage": 10,
          "max_n_cancellations_per_batch": 5,
          "max_n_creations_per_batch": 3,
          "minimum_coin_age_days": 30,
          "ohlcv_rolling_window": 60,
          "pnls_max_lookback_days": 30,
          "price_distance_threshold": 0.002,
          "relative_volume_filter_clip_pct": 0.5,
          "time_in_force": "good_till_cancelled",
          "user": "hyperliquid_v7"},
 "optimize": {"bounds": {"long_close_grid_markup_range": [0, 0.06],
                         "long_close_grid_min_markup": [0.001, 0.06],
                         "long_close_grid_qty_pct": [0.05, 1],
                         "long_close_trailing_grid_ratio": [-1, 1],
                         "long_close_trailing_qty_pct": [0.05, 1],
                         "long_close_trailing_retracement_pct": [0, 0.3],
                         "long_close_trailing_threshold_pct": [-0.1, 0.1],
                         "long_ema_span_0": [200, 1440],
                         "long_ema_span_1": [200, 1440],
                         "long_entry_grid_double_down_factor": [0.1, 3],
                         "long_entry_grid_spacing_pct": [0.001, 0.12],
                         "long_entry_grid_spacing_weight": [0, 10],
                         "long_entry_initial_ema_dist": [-0.1, 0.003],
                         "long_entry_initial_qty_pct": [0.005, 0.1],
                         "long_entry_trailing_grid_ratio": [-1, 1],
                         "long_entry_trailing_retracement_pct": [0, 0.1],
                         "long_entry_trailing_threshold_pct": [-0.1, 0.1],
                         "long_filter_relative_volume_clip_pct": [0, 1],
                         "long_filter_rolling_window": [10, 1440],
                         "long_n_positions": [1, 1],
                         "long_total_wallet_exposure_limit": [2.5, 2.5],
                         "long_unstuck_close_pct": [0.001, 0.1],
                         "long_unstuck_ema_dist": [-0.1, 0.01],
                         "long_unstuck_loss_allowance_pct": [0, 0.05],
                         "long_unstuck_threshold": [0.4, 0.95],
                         "short_close_grid_markup_range": [0, 0.03],
                         "short_close_grid_min_markup": [0.001, 0.03],
                         "short_close_grid_qty_pct": [0.05, 1],
                         "short_close_trailing_grid_ratio": [-1, 1],
                         "short_close_trailing_qty_pct": [0.05, 1],
                         "short_close_trailing_retracement_pct": [0, 0.1],
                         "short_close_trailing_threshold_pct": [-0.1, 0.1],
                         "short_ema_span_0": [200, 1440],
                         "short_ema_span_1": [200, 1440],
                         "short_entry_grid_double_down_factor": [0.1, 3],
                         "short_entry_grid_spacing_pct": [0.001, 0.12],
                         "short_entry_grid_spacing_weight": [0, 10],
                         "short_entry_initial_ema_dist": [-0.1, 0.003],
                         "short_entry_initial_qty_pct": [0.005, 0.1],
                         "short_entry_trailing_grid_ratio": [-1, 1],
                         "short_entry_trailing_retracement_pct": [0, 0.1],
                         "short_entry_trailing_threshold_pct": [-0.1, 0.1],
                         "short_filter_relative_volume_clip_pct": [0, 1],
                         "short_filter_rolling_window": [10, 1440],
                         "short_n_positions": [1, 1],
                         "short_total_wallet_exposure_limit": [1, 1],
                         "short_unstuck_close_pct": [0.001, 0.1],
                         "short_unstuck_ema_dist": [-0.1, 0.01],
                         "short_unstuck_loss_allowance_pct": [0, 0.05],