{"analysis": {"adg": 0.0031858119887995646,
              "drawdown_worst": 0.1886057858468417,
              "equity_balance_diff_max": 0.20217581688924086,
              "equity_balance_diff_mean": 0.009959659367217643,
              "loss_profit_ratio": 0.28286552780489743,
              "mdg": 0.001476376492882451,
              "n_iters": 9479,
              "sharpe_ratio": 0.24163511566974546,
              "w_0": -0.001476376492882451,
              "w_1": -0.24163511566974546},
 "backtest": {"base_dir": "backtests",
              "end_date": "now",
              "exchange": "binance",
              "start_date": "2021-05-01",
              "starting_balance": 100000,
              "symbols": ["RDNTUSDT"]},
 "bot": {"long": {"close_grid_markup_range": 0.007252151930415415,
                  "close_grid_min_markup": 0.02751549022621403,
                  "close_grid_qty_pct": 0.6830310991145557,
                  "close_trailing_grid_ratio": 0.7944745723129707,
                  "close_trailing_qty_pct": 0.34211561582867167,
                  "close_trailing_retracement_pct": 0.0267895685487318,
                  "close_trailing_threshold_pct": -0.009346892028194699,
                  "ema_span_0": 482.46054703283835,
                  "ema_span_1": 965.3308287917752,
                  "entry_grid_double_down_factor": 2.118239774701943,
                  "entry_grid_spacing_pct": 0.030315051930497057,
                  "entry_grid_spacing_weight": 3.0709171380687432,
                  "entry_initial_ema_dist": -0.07909017096983109,
                  "entry_initial_qty_pct": 0.009081488126824225,
                  "entry_trailing_grid_ratio": -0.33032297823967427,
                  "entry_trailing_retracement_pct": 0.06435820162223747,
                  "entry_trailing_threshold_pct": 0.03266613738626617,
                  "filter_relative_volume_clip_pct": 0.06764356105774783,
                  "filter_rolling_window": 1412.799114931569,
                  "n_positions": 1.0,
                  "total_wallet_exposure_limit": 2.5,
                  "unstuck_close_pct": 0.02037824231346843,
                  "unstuck_ema_dist": -0.04599800699148424,
                  "unstuck_loss_allowance_pct": 0.003312531015909559,
                  "unstuck_threshold": 0.8581858636703068},
         "short": {"close_grid_markup_range": 0.018192586453281565,
                   "close_grid_min_markup": 0.0028024173643553564,
                   "close_grid_qty_pct": 0.3559645792584189,
                   "close_trailing_grid_ratio": -0.08749381310799696,
                   "close_trailing_qty_pct": 0.9475111573955686,
                   "close_trailing_retracement_pct": 0.009163907435223738,
                   "close_trailing_threshold_pct": 0.004821465103565278,
                   "ema_span_0": 852.143010247335,
                   "ema_span_1": 1151.379723205994,
                   "entry_grid_double_down_factor": 0.4546418674902595,
                   "entry_grid_spacing_pct": 0.0144750854402124,
                   "entry_grid_spacing_weight": 1.937995601219928,
                   "entry_initial_ema_dist": -0.05062679732578545,
                   "entry_initial_qty_pct": 0.03553962930274027,
                   "entry_trailing_grid_ratio": -0.1398586405831328,
                   "entry_trailing_retracement_pct": 0.008774668220250671,
                   "entry_trailing_threshold_pct": 0.07602096456704904,
                   "filter_relative_volume_clip_pct": 0.7682551369090739,
                   "filter_rolling_window": 1094.8257705923838,
                   "n_positions": 1.0,
                   "total_wallet_exposure_limit": 1.0,
                   "unstuck_close_pct": 0.08375539735585662,
                   "unstuck_ema_dist": -0.05795158902772537,
                   "unstuck_loss_allowance_pct": 0.028152997844162624,
                   "unstuck_threshold": 0.7728841017855103}},
 "live": {"approved_coins": ["RDNTUSDT"],
          "auto_gs": true,
          "coin_flags": {},
          "execution_delay_seconds": 2,
          "filter_by_min_effective_cost": true,
          "forced_mode_long": "",
          "forced_mode_short": "",
          "ignored_coins": [],
          "leverage": 10,
          "max_n_cancellations_per_batch": 5,
          "max_n_creations_per_batch": 3,
          "minimum_coin_age_days": 30,
          "ohlcv_rolling_window": 60,
          "pnls_max_lookback_days": 30,
          "price_distance_threshold": 0.002,
          "relative_volume_filter_clip_pct": 0.5,
          "time_in_force": "good_till_cancelled",
          "user": "hyperliquid_v7"},
 "optimize": {"bounds": {"long_close_grid_markup_range": [0, 0.06],
                         "long_close_grid_min_markup": [0.001, 0.06],
                         "long_close_grid_qty_pct": [0.05, 1],
                         "long_close_trailing_grid_ratio": [-1, 1],
                         "long_close_trailing_qty_pct": [0.05, 1],
                         "long_close_trailing_retracement_pct": [0, 0.3],
                         "long_close_trailing_threshold_pct": [-0.1, 0.1],
                         "long_ema_span_0": [200, 1440],
                         "long_ema_span_1": [200, 1440],
                         "long_entry_grid_double_down_factor": [0.1, 3],
                         "long_entry_grid_spacing_pct": [0.001, 0.12],
                         "long_entry_grid_spacing_weight": [0, 10],
                         "long_entry_initial_ema_dist": [-0.1, 0.003],
                         "long_entry_initial_qty_pct": [0.005, 0.1],
                         "long_entry_trailing_grid_ratio": [-1, 1],
                         "long_entry_trailing_retracement_pct": [0, 0.1],
                         "long_entry_trailing_threshold_pct": [-0.1, 0.1],
                         "long_filter_relative_volume_clip_pct": [0.0, 1.0],
                         "long_filter_rolling_window": [10.0, 1440.0],
                         "long_n_positions": [1.0, 1.0],
                         "long_total_wallet_exposure_limit": [2.5, 2.5],
                         "long_unstuck_close_pct": [0.001, 0.1],
                         "long_unstuck_ema_dist": [-0.1, 0.01],
                         "long_unstuck_loss_allowance_pct": [0, 0.05],
                         "long_unstuck_threshold": [0.4, 0.95],
                         "short_close_grid_markup_range": [0, 0.03],
                         "short_close_grid_min_markup": [0.001, 0.03],
                         "short_close_grid_qty_pct": [0.05, 1],
                         "short_close_trailing_grid_ratio": [-1, 1],
                         "short_close_trailing_qty_pct": [0.05, 1],
                         "short_close_trailing_retracement_pct": [0, 0.1],
                         "short_close_trailing_threshold_pct": [-0.1, 0.1],
                         "short_ema_span_0": [200, 1440],
                         "short_ema_span_1": [200, 1440],
                         "short_entry_grid_double_down_factor": [0.1, 3],
                         "short_entry_grid_spacing_pct": [0.001, 0.12],
                         "short_entry_grid_spacing_weight": [0, 10],
                         "short_entry_initial_ema_dist": [-0.1, 0.003],
                         "short_entry_initial_qty_pct": [0.005, 0.1],
                         "short_entry_trailing_grid_ratio": [-1, 1],
                         "short_entry_trailing_retracement_pct": [0, 0.1],
                         "short_entry_trailing_threshold_pct": [-0.1, 0.1],
                         "short_filter_relative_volume_clip_pct": [0.0, 1.0],
                         "short_filter_rolling_window": [10.0, 1440.0],
                         "short_n_positions": [1.0, 1.0],
                         "short_total_wallet_exposure_limit": [1.0, 1.0],
                         "short_unstuck_close_pct": [0.001, 0.1],
                         "short_unstuck_ema_dist": [-0.1, 0.01],