{"analysis": {"adg": 0.0031858119887995646,
              "drawdown_worst": 0.1886057858468417,
              "equity_balance_diff_max": 0.20217581688924086,
              "equity_balance_diff_mean": 0.009959659367217643,
              "loss_profit_ratio": 0.28286552780489743,
              "mdg": 0.001476376492882451,
              "n_iters": 9479,
              "sharpe_ratio": 0.24163511566974546,
              "w_0": -0.001476376492882451,
              "w_1": -0.24163511566974546},
 "backtest": {"base_dir": "backtests",
              "end_date": "now",
              "exchange": "binance",
              "start_date": "2021-05-01",
              "starting_balance": 100000,
              "symbols": ["RDNTUSDT"]},
 "bot": {"long": {"close_grid_markup_range": 0.036149526111561844,
                  "close_grid_min_markup": 0.004712852582457653,
                  "close_grid_qty_pct": 0.12792844319472482,
                  "close_trailing_grid_ratio": 0.9276962422223187,
                  "close_trailing_qty_pct": 0.8276878859223474,
                  "close_trailing_retracement_pct": 0.02904320013735704,
                  "close_trailing_threshold_pct": -0.017432359882571823,
                  "ema_span_0": 1435.2723292028377,
                  "ema_span_1": 689.0408962171811,
                  "entry_grid_double_down_factor": 0.1345525098620019,
                  "entry_grid_spacing_pct": 0.06127295070934061,
                  "entry_grid_spacing_weight": 2.690736706070904,
                  "entry_initial_ema_dist": -0.0283037302013767,
                  "entry_initial_qty_pct": 0.012489649181652789,
                  "entry_trailing_grid_ratio": -0.25950699257916754,
                  "entry_trailing_retracement_pct": 0.09813089995272913,
                  "entry_trailing_threshold_pct": -0.00585872972519544,
                  "filter_relative_volume_clip_pct": 0.5629611832388639,
                  "filter_rolling_window": 951.5878181628541,
                  "n_positions": 1,
                  "total_wallet_exposure_limit": 2.5,
                  "unstuck_close_pct": 0.02071423526926712,
                  "unstuck_ema_dist": -0.06415800117682836,
                  "unstuck_loss_allowance_pct": 0.026341243914973347,
                  "unstuck_threshold": 0.5902486047297691},
         "short": {"close_grid_markup_range": 0.0033028491566659468,
                   "close_grid_min_markup": 0.0026632955959222373,
                   "close_grid_qty_pct": 0.3834652625874517,
                   "close_trailing_grid_ratio": 0.17308661947324427,
                   "close_trailing_qty_pct": 0.13035878720778632,
                   "close_trailing_retracement_pct": 0.02140032967060924,
                   "close_trailing_threshold_pct": 0.07240024541581822,
                   "ema_span_0": 541.1831644475426,
                   "ema_span_1": 715.7123819823325,
                   "entry_grid_double_down_factor": 1.3205359430842945,
                   "entry_grid_spacing_pct": 0.028936601698322118,
                   "entry_grid_spacing_weight": 3.3348991696588692,
                   "entry_initial_ema_dist": -0.029550138917092836,
                   "entry_initial_qty_pct": 0.08652437410035144,
                   "entry_trailing_grid_ratio": 0.1813033728164024,
                   "entry_trailing_retracement_pct": 0.013269708570741688,
                   "entry_trailing_threshold_pct": -0.0002346619933442061,
                   "filter_relative_volume_clip_pct": 0.8435713532868974,
                   "filter_rolling_window": 574.2436900548354,
                   "n_positions": 1,
                   "total_wallet_exposure_limit": 1,
                   "unstuck_close_pct": 0.09636725903860699,
                   "unstuck_ema_dist": -0.03467158167835438,
                   "unstuck_loss_allowance_pct": 0.002499088074295549,
                   "unstuck_threshold": 0.857064910295036}},
 "live": {"approved_coins": ["RDNTUSDT"],
          "auto_gs": true,
          "coin_flags": {},
          "execution_delay_seconds": 2,
          "filter_by_min_effective_cost": true,
          "forced_mode_long": "",
          "forced_mode_short": "",
          "ignored_coins": [],
          "leverage": 10,
          "max_n_cancellations_per_batch": 5,
          "max_n_creations_per_batch": 3,
          "minimum_coin_age_days": 30,
          "ohlcv_rolling_window": 60,
          "pnls_max_lookback_days": 30,
          "price_distance_threshold": 0.002,
          "relative_volume_filter_clip_pct": 0.5,
          "time_in_force": "good_till_cancelled",
          "user": "hyperliquid_v7"},
 "optimize": {"bounds": {"long_close_grid_markup_range": [0, 0.06],
                         "long_close_grid_min_markup": [0.001, 0.06],
                         "long_close_grid_qty_pct": [0.05, 1],
                         "long_close_trailing_grid_ratio": [-1, 1],
                         "long_close_trailing_qty_pct": [0.05, 1],
                         "long_close_trailing_retracement_pct": [0, 0.3],
                         "long_close_trailing_threshold_pct": [-0.1, 0.1],
                         "long_ema_span_0": [200, 1440],
                         "long_ema_span_1": [200, 1440],
                         "long_entry_grid_double_down_factor": [0.1, 3],
                         "long_entry_grid_spacing_pct": [0.001, 0.12],
                         "long_entry_grid_spacing_weight": [0, 10],
                         "long_entry_initial_ema_dist": [-0.1, 0.003],
                         "long_entry_initial_qty_pct": [0.005, 0.1],
                         "long_entry_trailing_grid_ratio": [-1, 1],
                         "long_entry_trailing_retracement_pct": [0, 0.1],
                         "long_entry_trailing_threshold_pct": [-0.1, 0.1],
                         "long_filter_relative_volume_clip_pct": [0, 1],
                         "long_filter_rolling_window": [10, 1440],
                         "long_n_positions": [1, 1],
                         "long_total_wallet_exposure_limit": [2.5, 2.5],
                         "long_unstuck_close_pct": [0.001, 0.1],
                         "long_unstuck_ema_dist": [-0.1, 0.01],
                         "long_unstuck_loss_allowance_pct": [0, 0.05],
                         "long_unstuck_threshold": [0.4, 0.95],
                         "short_close_grid_markup_range": [0, 0.03],
                         "short_close_grid_min_markup": [0.001, 0.03],
                         "short_close_grid_qty_pct": [0.05, 1],
                         "short_close_trailing_grid_ratio": [-1, 1],
                         "short_close_trailing_qty_pct": [0.05, 1],
                         "short_close_trailing_retracement_pct": [0, 0.1],
                         "short_close_trailing_threshold_pct": [-0.1, 0.1],
                         "short_ema_span_0": [200, 1440],
                         "short_ema_span_1": [200, 1440],
                         "short_entry_grid_double_down_factor": [0.1, 3],
                         "short_entry_grid_spacing_pct": [0.001, 0.12],
                         "short_entry_grid_spacing_weight": [0, 10],
                         "short_entry_initial_ema_dist": [-0.1, 0.003],
                         "short_entry_initial_qty_pct": [0.005, 0.1],
                         "short_entry_trailing_grid_ratio": [-1, 1],
                         "short_entry_trailing_retracement_pct": [0, 0.1],
                         "short_entry_trailing_threshold_pct": [-0.1, 0.1],
                         "short_filter_relative_volume_clip_pct": [0, 1],
                         "short_filter_rolling_window": [10, 1440],
                         "short_n_positions": [1, 1],
                         "short_total_wallet_exposure_limit": [1, 1],
                         "short_unstuck_close_pct": [0.001, 0.1],
                         "short_unstuck_ema_dist": [-0.1, 0.01],
                         "short_unstuck_loss_allowance_pct": [0, 0.05],