{"analysis": {"adg": 0.00037207812956369395,
              "drawdown_worst": 0.2286746114496993,
              "equity_balance_diff_max": 0.2583668636441334,
              "equity_balance_diff_mean": 0.002204707644165517,
              "loss_profit_ratio": 0.08360354950388607,
              "mdg": 0.0001534141379378244,
              "n_iters": 9548,
              "sharpe_ratio": 0.12684665850675253,
              "w_0": -0.0001534141379378244,
              "w_1": -0.12684665850675253},
 "backtest": {"base_dir": "backtests",
              "end_date": "now",
              "exchange": "binance",
              "start_date": "2021-05-01",
              "starting_balance": 100000,
              "symbols": ["RSRUSDT"]},
 "bot": {"long": {"close_grid_markup_range": 0.055715903936802647,
                  "close_grid_min_markup": 0.044232633646570305,
                  "close_grid_qty_pct": 0.9215592056384511,
                  "close_trailing_grid_ratio": 0.6780677579456631,
                  "close_trailing_qty_pct": 0.6505155164366954,
                  "close_trailing_retracement_pct": 0.1261627755758483,
                  "close_trailing_threshold_pct": -0.01904040138646292,
                  "ema_span_0": 762.1873486076881,
                  "ema_span_1": 571.4193540604267,
                  "entry_grid_double_down_factor": 0.28928888376582074,
                  "entry_grid_spacing_pct": 0.08904230257062251,
                  "entry_grid_spacing_weight": 5.6126403793859145,
                  "entry_initial_ema_dist": -0.02181657737013025,
                  "entry_initial_qty_pct": 0.005256465410905707,
                  "entry_trailing_grid_ratio": -0.49872175689894566,
                  "entry_trailing_retracement_pct": 0.04035086189027765,
                  "entry_trailing_threshold_pct": -0.009801860891039542,
                  "filter_relative_volume_clip_pct": 0.9230610546419522,
                  "filter_rolling_window": 1284.6133118809091,
                  "n_positions": 1.0,
                  "total_wallet_exposure_limit": 2.5,
                  "unstuck_close_pct": 0.008679234432910559,
                  "unstuck_ema_dist": -0.0761568927288723,
                  "unstuck_loss_allowance_pct": 0.04964861038020926,
                  "unstuck_threshold": 0.4560747346661222},
         "short": {"close_grid_markup_range": 0.0005504806839443724,
                   "close_grid_min_markup": 0.005495542295336256,
                   "close_grid_qty_pct": 0.4844890424131062,
                   "close_trailing_grid_ratio": 0.14223862260099984,
                   "close_trailing_qty_pct": 0.23894460908673046,
                   "close_trailing_retracement_pct": 0.018679335534660613,
                   "close_trailing_threshold_pct": 0.023778556538569657,
                   "ema_span_0": 1366.613475310049,
                   "ema_span_1": 694.0811111152948,
                   "entry_grid_double_down_factor": 0.5901641976867017,
                   "entry_grid_spacing_pct": 0.058816149544050164,
                   "entry_grid_spacing_weight": 7.5351364269925325,
                   "entry_initial_ema_dist": -0.05838179277248316,
                   "entry_initial_qty_pct": 0.015825117982547068,
                   "entry_trailing_grid_ratio": -0.7043309117964852,
                   "entry_trailing_retracement_pct": 0.04121366976162418,
                   "entry_trailing_threshold_pct": 0.057596002542074566,
                   "filter_relative_volume_clip_pct": 0.8156934511036138,
                   "filter_rolling_window": 366.52058038552104,
                   "n_positions": 1.0,
                   "total_wallet_exposure_limit": 1.0,
                   "unstuck_close_pct": 0.08361253369177307,
                   "unstuck_ema_dist": -0.07642655544699488,
                   "unstuck_loss_allowance_pct": 0.048157004293074374,
                   "unstuck_threshold": 0.6117314385633726}},
 "live": {"approved_coins": ["RSRUSDT"],
          "auto_gs": true,
          "coin_flags": {},
          "execution_delay_seconds": 2,
          "filter_by_min_effective_cost": true,
          "forced_mode_long": "",
          "forced_mode_short": "",
          "ignored_coins": [],
          "leverage": 10,
          "max_n_cancellations_per_batch": 5,
          "max_n_creations_per_batch": 3,
          "minimum_coin_age_days": 30,
          "ohlcv_rolling_window": 60,
          "pnls_max_lookback_days": 30,
          "price_distance_threshold": 0.002,
          "relative_volume_filter_clip_pct": 0.5,
          "time_in_force": "good_till_cancelled",
          "user": "hyperliquid_v7"},
 "optimize": {"bounds": {"long_close_grid_markup_range": [0, 0.06],
                         "long_close_grid_min_markup": [0.001, 0.06],
                         "long_close_grid_qty_pct": [0.05, 1],
                         "long_close_trailing_grid_ratio": [-1, 1],
                         "long_close_trailing_qty_pct": [0.05, 1],
                         "long_close_trailing_retracement_pct": [0, 0.3],
                         "long_close_trailing_threshold_pct": [-0.1, 0.1],
                         "long_ema_span_0": [200, 1440],
                         "long_ema_span_1": [200, 1440],
                         "long_entry_grid_double_down_factor": [0.1, 3],
                         "long_entry_grid_spacing_pct": [0.001, 0.12],
                         "long_entry_grid_spacing_weight": [0, 10],
                         "long_entry_initial_ema_dist": [-0.1, 0.003],
                         "long_entry_initial_qty_pct": [0.005, 0.1],
                         "long_entry_trailing_grid_ratio": [-1, 1],
                         "long_entry_trailing_retracement_pct": [0, 0.1],
                         "long_entry_trailing_threshold_pct": [-0.1, 0.1],
                         "long_filter_relative_volume_clip_pct": [0.0, 1.0],
                         "long_filter_rolling_window": [10.0, 1440.0],
                         "long_n_positions": [1.0, 1.0],
                         "long_total_wallet_exposure_limit": [2.5, 2.5],
                         "long_unstuck_close_pct": [0.001, 0.1],
                         "long_unstuck_ema_dist": [-0.1, 0.01],
                         "long_unstuck_loss_allowance_pct": [0, 0.05],
                         "long_unstuck_threshold": [0.4, 0.95],
                         "short_close_grid_markup_range": [0, 0.03],
                         "short_close_grid_min_markup": [0.001, 0.03],
                         "short_close_grid_qty_pct": [0.05, 1],
                         "short_close_trailing_grid_ratio": [-1, 1],
                         "short_close_trailing_qty_pct": [0.05, 1],
                         "short_close_trailing_retracement_pct": [0, 0.1],
                         "short_close_trailing_threshold_pct": [-0.1, 0.1],
                         "short_ema_span_0": [200, 1440],
                         "short_ema_span_1": [200, 1440],
                         "short_entry_grid_double_down_factor": [0.1, 3],
                         "short_entry_grid_spacing_pct": [0.001, 0.12],
                         "short_entry_grid_spacing_weight": [0, 10],
                         "short_entry_initial_ema_dist": [-0.1, 0.003],
                         "short_entry_initial_qty_pct": [0.005, 0.1],
                         "short_entry_trailing_grid_ratio": [-1, 1],
                         "short_entry_trailing_retracement_pct": [0, 0.1],
                         "short_entry_trailing_threshold_pct": [-0.1, 0.1],
                         "short_filter_relative_volume_clip_pct": [0.0, 1.0],
                         "short_filter_rolling_window": [10.0, 1440.0],
                         "short_n_positions": [1.0, 1.0],
                         "short_total_wallet_exposure_limit": [1.0, 1.0],
                         "short_unstuck_close_pct": [0.001, 0.1],
                         "short_unstuck_ema_dist": [-0.1, 0.01],