{"analysis": {"adg": 0.0007568465383444641,
              "drawdown_worst": 0.18346681578336288,
              "equity_balance_diff_max": 0.18765800213823014,
              "equity_balance_diff_mean": 0.009893214997419646,
              "loss_profit_ratio": 0.3542372251659243,
              "mdg": 0.0001376674380435229,
              "n_iters": 9534,
              "sharpe_ratio": 0.11104626025121807,
              "w_0": -0.0001376674380435229,
              "w_1": -0.11104626025121807},
 "backtest": {"base_dir": "backtests",
              "end_date": "now",
              "exchange": "binance",
              "start_date": "2021-05-01",
              "starting_balance": 100000,
              "symbols": ["RUNEUSDT"]},
 "bot": {"long": {"close_grid_markup_range": 0.02551707565253971,
                  "close_grid_min_markup": 0.0036203666188505397,
                  "close_grid_qty_pct": 0.5646955525878354,
                  "close_trailing_grid_ratio": 0.005758364189989568,
                  "close_trailing_qty_pct": 0.236409019791739,
                  "close_trailing_retracement_pct": 0.0717401088057345,
                  "close_trailing_threshold_pct": -0.038989916312720876,
                  "ema_span_0": 214.96660866606885,
                  "ema_span_1": 482.47907420404704,
                  "entry_grid_double_down_factor": 0.5035725661867385,
                  "entry_grid_spacing_pct": 0.10901735774069654,
                  "entry_grid_spacing_weight": 6.303577969225173,
                  "entry_initial_ema_dist": 0.0018558065963458449,
                  "entry_initial_qty_pct": 0.01242897281877636,
                  "entry_trailing_grid_ratio": -0.4504047757850418,
                  "entry_trailing_retracement_pct": 0.08971910558704668,
                  "entry_trailing_threshold_pct": 0.00822407168488654,
                  "filter_relative_volume_clip_pct": 0.27398748502086995,
                  "filter_rolling_window": 1275.6406407033426,
                  "n_positions": 1.0,
                  "total_wallet_exposure_limit": 2.5,
                  "unstuck_close_pct": 0.024157799498422953,
                  "unstuck_ema_dist": -0.027984670524666976,
                  "unstuck_loss_allowance_pct": 0.014127877770329332,
                  "unstuck_threshold": 0.6244142578792181},
         "short": {"close_grid_markup_range": 0.006852909264143071,
                   "close_grid_min_markup": 0.023508658797680364,
                   "close_grid_qty_pct": 0.2264113077318189,
                   "close_trailing_grid_ratio": 0.42471710081320335,
                   "close_trailing_qty_pct": 0.43257768644030853,
                   "close_trailing_retracement_pct": 0.05618067602459828,
                   "close_trailing_threshold_pct": -0.0009465059257982855,
                   "ema_span_0": 906.6147533718911,
                   "ema_span_1": 595.1688151477556,
                   "entry_grid_double_down_factor": 0.3884869956404515,
                   "entry_grid_spacing_pct": 0.06630838570780714,
                   "entry_grid_spacing_weight": 8.216098163129764,
                   "entry_initial_ema_dist": -0.02563690037802518,
                   "entry_initial_qty_pct": 0.006483898873412163,
                   "entry_trailing_grid_ratio": 0.5324023218324498,
                   "entry_trailing_retracement_pct": 0.07384897991182356,
                   "entry_trailing_threshold_pct": 0.07192404017097183,
                   "filter_relative_volume_clip_pct": 0.20323416951283663,
                   "filter_rolling_window": 667.4631928186074,
                   "n_positions": 1.0,
                   "total_wallet_exposure_limit": 1.0,
                   "unstuck_close_pct": 0.08755979742157106,
                   "unstuck_ema_dist": -0.004881879490969486,
                   "unstuck_loss_allowance_pct": 0.012984813708051443,
                   "unstuck_threshold": 0.541818537915804}},
 "live": {"approved_coins": ["RUNEUSDT"],
          "auto_gs": true,
          "coin_flags": {},
          "execution_delay_seconds": 2,
          "filter_by_min_effective_cost": true,
          "forced_mode_long": "",
          "forced_mode_short": "",
          "ignored_coins": [],
          "leverage": 10,
          "max_n_cancellations_per_batch": 5,
          "max_n_creations_per_batch": 3,
          "minimum_coin_age_days": 30,
          "ohlcv_rolling_window": 60,
          "pnls_max_lookback_days": 30,
          "price_distance_threshold": 0.002,
          "relative_volume_filter_clip_pct": 0.5,
          "time_in_force": "good_till_cancelled",
          "user": "hyperliquid_v7"},
 "optimize": {"bounds": {"long_close_grid_markup_range": [0, 0.06],
                         "long_close_grid_min_markup": [0.001, 0.06],
                         "long_close_grid_qty_pct": [0.05, 1],
                         "long_close_trailing_grid_ratio": [-1, 1],
                         "long_close_trailing_qty_pct": [0.05, 1],
                         "long_close_trailing_retracement_pct": [0, 0.3],
                         "long_close_trailing_threshold_pct": [-0.1, 0.1],
                         "long_ema_span_0": [200, 1440],
                         "long_ema_span_1": [200, 1440],
                         "long_entry_grid_double_down_factor": [0.1, 3],
                         "long_entry_grid_spacing_pct": [0.001, 0.12],
                         "long_entry_grid_spacing_weight": [0, 10],
                         "long_entry_initial_ema_dist": [-0.1, 0.003],
                         "long_entry_initial_qty_pct": [0.005, 0.1],
                         "long_entry_trailing_grid_ratio": [-1, 1],
                         "long_entry_trailing_retracement_pct": [0, 0.1],
                         "long_entry_trailing_threshold_pct": [-0.1, 0.1],
                         "long_filter_relative_volume_clip_pct": [0.0, 1.0],
                         "long_filter_rolling_window": [10.0, 1440.0],
                         "long_n_positions": [1.0, 1.0],
                         "long_total_wallet_exposure_limit": [2.5, 2.5],
                         "long_unstuck_close_pct": [0.001, 0.1],
                         "long_unstuck_ema_dist": [-0.1, 0.01],
                         "long_unstuck_loss_allowance_pct": [0, 0.05],
                         "long_unstuck_threshold": [0.4, 0.95],
                         "short_close_grid_markup_range": [0, 0.03],
                         "short_close_grid_min_markup": [0.001, 0.03],
                         "short_close_grid_qty_pct": [0.05, 1],
                         "short_close_trailing_grid_ratio": [-1, 1],
                         "short_close_trailing_qty_pct": [0.05, 1],
                         "short_close_trailing_retracement_pct": [0, 0.1],
                         "short_close_trailing_threshold_pct": [-0.1, 0.1],
                         "short_ema_span_0": [200, 1440],
                         "short_ema_span_1": [200, 1440],
                         "short_entry_grid_double_down_factor": [0.1, 3],
                         "short_entry_grid_spacing_pct": [0.001, 0.12],
                         "short_entry_grid_spacing_weight": [0, 10],
                         "short_entry_initial_ema_dist": [-0.1, 0.003],
                         "short_entry_initial_qty_pct": [0.005, 0.1],
                         "short_entry_trailing_grid_ratio": [-1, 1],
                         "short_entry_trailing_retracement_pct": [0, 0.1],
                         "short_entry_trailing_threshold_pct": [-0.1, 0.1],
                         "short_filter_relative_volume_clip_pct": [0.0, 1.0],
                         "short_filter_rolling_window": [10.0, 1440.0],
                         "short_n_positions": [1.0, 1.0],
                         "short_total_wallet_exposure_limit": [1.0, 1.0],
                         "short_unstuck_close_pct": [0.001, 0.1],
                         "short_unstuck_ema_dist": [-0.1, 0.01],