{"analysis": {"adg": 0.0016593023535617605,
              "drawdown_worst": 0.1093521139361068,
              "equity_balance_diff_max": 0.10064117068450039,
              "equity_balance_diff_mean": 0.00505015114090585,
              "loss_profit_ratio": 0.36704783429923493,
              "mdg": 0.0022431024717248934,
              "n_iters": 9504,
              "sharpe_ratio": 0.23176732909395492,
              "w_0": -0.0022431024717248934,
              "w_1": -0.23176732909395492},
 "backtest": {"base_dir": "backtests",
              "end_date": "now",
              "exchange": "binance",
              "start_date": "2021-05-01",
              "starting_balance": 100000,
              "symbols": ["SAGAUSDT"]},
 "bot": {"long": {"close_grid_markup_range": 0.008540102295548009,
                  "close_grid_min_markup": 0.044051319105312965,
                  "close_grid_qty_pct": 0.6481754062422553,
                  "close_trailing_grid_ratio": 0.7063470993210097,
                  "close_trailing_qty_pct": 0.7455443814647422,
                  "close_trailing_retracement_pct": 0.04537997606212579,
                  "close_trailing_threshold_pct": -0.039096436254486264,
                  "ema_span_0": 307.1258485813462,
                  "ema_span_1": 661.804916005838,
                  "entry_grid_double_down_factor": 2.6210736825757386,
                  "entry_grid_spacing_pct": 0.04189037946954575,
                  "entry_grid_spacing_weight": 6.030285246535573,
                  "entry_initial_ema_dist": -0.018448251297810858,
                  "entry_initial_qty_pct": 0.011023688069217483,
                  "entry_trailing_grid_ratio": -0.4608894356586604,
                  "entry_trailing_retracement_pct": 0.05802898807251682,
                  "entry_trailing_threshold_pct": -0.01235442799936619,
                  "filter_relative_volume_clip_pct": 0.5592376812816658,
                  "filter_rolling_window": 506.96956059480056,
                  "n_positions": 1,
                  "total_wallet_exposure_limit": 2.5,
                  "unstuck_close_pct": 0.04919488298097206,
                  "unstuck_ema_dist": -0.01245049674990683,
                  "unstuck_loss_allowance_pct": 0.04811907419229082,
                  "unstuck_threshold": 0.883954801992499},
         "short": {"close_grid_markup_range": 0.0027432103320999654,
                   "close_grid_min_markup": 0.005803645271146701,
                   "close_grid_qty_pct": 0.06045777993176696,
                   "close_trailing_grid_ratio": -0.6067557260034786,
                   "close_trailing_qty_pct": 0.7595388417493723,
                   "close_trailing_retracement_pct": 0.008865258694316255,
                   "close_trailing_threshold_pct": 0.0036339052443262326,
                   "ema_span_0": 1165.787906833265,
                   "ema_span_1": 782.8594683647353,
                   "entry_grid_double_down_factor": 2.8928485918438662,
                   "entry_grid_spacing_pct": 0.07979770717221141,
                   "entry_grid_spacing_weight": 4.620492518671597,
                   "entry_initial_ema_dist": -0.09522032942187092,
                   "entry_initial_qty_pct": 0.07149521760823314,
                   "entry_trailing_grid_ratio": -0.8836695033169495,
                   "entry_trailing_retracement_pct": 0.024534878280738838,
                   "entry_trailing_threshold_pct": 0.016061988601323754,
                   "filter_relative_volume_clip_pct": 0.3483862895045835,
                   "filter_rolling_window": 254.75177467666063,
                   "n_positions": 1,
                   "total_wallet_exposure_limit": 1,
                   "unstuck_close_pct": 0.08803555673260274,
                   "unstuck_ema_dist": -0.032227393126933485,
                   "unstuck_loss_allowance_pct": 0.01956522756543799,
                   "unstuck_threshold": 0.9128724022974682}},
 "live": {"approved_coins": ["SAGAUSDT"],
          "auto_gs": true,
          "coin_flags": {},
          "execution_delay_seconds": 2,
          "filter_by_min_effective_cost": true,
          "forced_mode_long": "",
          "forced_mode_short": "",
          "ignored_coins": [],
          "leverage": 10,
          "max_n_cancellations_per_batch": 5,
          "max_n_creations_per_batch": 3,
          "minimum_coin_age_days": 30,
          "ohlcv_rolling_window": 60,
          "pnls_max_lookback_days": 30,
          "price_distance_threshold": 0.002,
          "relative_volume_filter_clip_pct": 0.5,
          "time_in_force": "good_till_cancelled",
          "user": "hyperliquid_v7"},
 "optimize": {"bounds": {"long_close_grid_markup_range": [0, 0.06],
                         "long_close_grid_min_markup": [0.001, 0.06],
                         "long_close_grid_qty_pct": [0.05, 1],
                         "long_close_trailing_grid_ratio": [-1, 1],
                         "long_close_trailing_qty_pct": [0.05, 1],
                         "long_close_trailing_retracement_pct": [0, 0.3],
                         "long_close_trailing_threshold_pct": [-0.1, 0.1],
                         "long_ema_span_0": [200, 1440],
                         "long_ema_span_1": [200, 1440],
                         "long_entry_grid_double_down_factor": [0.1, 3],
                         "long_entry_grid_spacing_pct": [0.001, 0.12],
                         "long_entry_grid_spacing_weight": [0, 10],
                         "long_entry_initial_ema_dist": [-0.1, 0.003],
                         "long_entry_initial_qty_pct": [0.005, 0.1],
                         "long_entry_trailing_grid_ratio": [-1, 1],
                         "long_entry_trailing_retracement_pct": [0, 0.1],
                         "long_entry_trailing_threshold_pct": [-0.1, 0.1],
                         "long_filter_relative_volume_clip_pct": [0, 1],
                         "long_filter_rolling_window": [10, 1440],
                         "long_n_positions": [1, 1],
                         "long_total_wallet_exposure_limit": [2.5, 2.5],
                         "long_unstuck_close_pct": [0.001, 0.1],
                         "long_unstuck_ema_dist": [-0.1, 0.01],
                         "long_unstuck_loss_allowance_pct": [0, 0.05],
                         "long_unstuck_threshold": [0.4, 0.95],
                         "short_close_grid_markup_range": [0, 0.03],
                         "short_close_grid_min_markup": [0.001, 0.03],
                         "short_close_grid_qty_pct": [0.05, 1],
                         "short_close_trailing_grid_ratio": [-1, 1],
                         "short_close_trailing_qty_pct": [0.05, 1],
                         "short_close_trailing_retracement_pct": [0, 0.1],
                         "short_close_trailing_threshold_pct": [-0.1, 0.1],
                         "short_ema_span_0": [200, 1440],
                         "short_ema_span_1": [200, 1440],
                         "short_entry_grid_double_down_factor": [0.1, 3],
                         "short_entry_grid_spacing_pct": [0.001, 0.12],
                         "short_entry_grid_spacing_weight": [0, 10],
                         "short_entry_initial_ema_dist": [-0.1, 0.003],
                         "short_entry_initial_qty_pct": [0.005, 0.1],
                         "short_entry_trailing_grid_ratio": [-1, 1],
                         "short_entry_trailing_retracement_pct": [0, 0.1],
                         "short_entry_trailing_threshold_pct": [-0.1, 0.1],
                         "short_filter_relative_volume_clip_pct": [0, 1],
                         "short_filter_rolling_window": [10, 1440],
                         "short_n_positions": [1, 1],
                         "short_total_wallet_exposure_limit": [1, 1],
                         "short_unstuck_close_pct": [0.001, 0.1],
                         "short_unstuck_ema_dist": [-0.1, 0.01],
                         "short_unstuck_loss_allowance_pct": [0, 0.05],