{"analysis": {"adg": 0.0018598342026572726,
              "drawdown_worst": 0.16158935255049775,
              "equity_balance_diff_max": 0.12584089208687382,
              "equity_balance_diff_mean": 0.00471385354207339,
              "loss_profit_ratio": 0.46116602749154706,
              "mdg": 0.001582135928069224,
              "n_iters": 9514,
              "sharpe_ratio": 0.18221581407800855,
              "w_0": -0.001582135928069224,
              "w_1": -0.18221581407800855},
 "backtest": {"base_dir": "backtests",
              "end_date": "now",
              "exchange": "binance",
              "start_date": "2021-05-01",
              "starting_balance": 100000,
              "symbols": ["SEIUSDT"]},
 "bot": {"long": {"close_grid_markup_range": 0.031812537494130065,
                  "close_grid_min_markup": 0.01270173029588106,
                  "close_grid_qty_pct": 0.5281025788964683,
                  "close_trailing_grid_ratio": 0.5975836870703337,
                  "close_trailing_qty_pct": 0.9122382289808986,
                  "close_trailing_retracement_pct": 0.05199520411406601,
                  "close_trailing_threshold_pct": 0.009704342544257727,
                  "ema_span_0": 1381.1494078146582,
                  "ema_span_1": 351.20395663865565,
                  "entry_grid_double_down_factor": 0.8123171026374452,
                  "entry_grid_spacing_pct": 0.04948913184534997,
                  "entry_grid_spacing_weight": 4.421965807192989,
                  "entry_initial_ema_dist": -0.005352992477016684,
                  "entry_initial_qty_pct": 0.024079669756507157,
                  "entry_trailing_grid_ratio": -0.35997352436863395,
                  "entry_trailing_retracement_pct": 0.061778805474781304,
                  "entry_trailing_threshold_pct": -0.06235899380195703,
                  "filter_relative_volume_clip_pct": 0.6028341519160588,
                  "filter_rolling_window": 384.09973718578544,
                  "n_positions": 1,
                  "total_wallet_exposure_limit": 2.5,
                  "unstuck_close_pct": 0.05892220526922267,
                  "unstuck_ema_dist": -0.045345496899487435,
                  "unstuck_loss_allowance_pct": 0.0012678858230914733,
                  "unstuck_threshold": 0.8887163714482916},
         "short": {"close_grid_markup_range": 0.025663284738292685,
                   "close_grid_min_markup": 0.002621239846909585,
                   "close_grid_qty_pct": 0.32130366763509477,
                   "close_trailing_grid_ratio": 0.12242060884055755,
                   "close_trailing_qty_pct": 0.32743274173920234,
                   "close_trailing_retracement_pct": 0.06492607299200734,
                   "close_trailing_threshold_pct": -0.03792856432398274,
                   "ema_span_0": 1221.817524695683,
                   "ema_span_1": 1166.0038300878896,
                   "entry_grid_double_down_factor": 1.6452168006467147,
                   "entry_grid_spacing_pct": 0.11454562499234748,
                   "entry_grid_spacing_weight": 9.62748380102177,
                   "entry_initial_ema_dist": -0.0193883888225692,
                   "entry_initial_qty_pct": 0.006020716975991417,
                   "entry_trailing_grid_ratio": 0.15747006626809967,
                   "entry_trailing_retracement_pct": 0.08831120190575083,
                   "entry_trailing_threshold_pct": 0.06887339692797236,
                   "filter_relative_volume_clip_pct": 0.4344909940296825,
                   "filter_rolling_window": 248.04414755151754,
                   "n_positions": 1,
                   "total_wallet_exposure_limit": 1,
                   "unstuck_close_pct": 0.011681299977596071,
                   "unstuck_ema_dist": -0.08920402576329434,
                   "unstuck_loss_allowance_pct": 0.024111275736444514,
                   "unstuck_threshold": 0.8199291821656829}},
 "live": {"approved_coins": ["SEIUSDT"],
          "auto_gs": true,
          "coin_flags": {},
          "execution_delay_seconds": 2,
          "filter_by_min_effective_cost": true,
          "forced_mode_long": "",
          "forced_mode_short": "",
          "ignored_coins": [],
          "leverage": 10,
          "max_n_cancellations_per_batch": 5,
          "max_n_creations_per_batch": 3,
          "minimum_coin_age_days": 30,
          "ohlcv_rolling_window": 60,
          "pnls_max_lookback_days": 30,
          "price_distance_threshold": 0.002,
          "relative_volume_filter_clip_pct": 0.5,
          "time_in_force": "good_till_cancelled",
          "user": "hyperliquid_v7"},
 "optimize": {"bounds": {"long_close_grid_markup_range": [0, 0.06],
                         "long_close_grid_min_markup": [0.001, 0.06],
                         "long_close_grid_qty_pct": [0.05, 1],
                         "long_close_trailing_grid_ratio": [-1, 1],
                         "long_close_trailing_qty_pct": [0.05, 1],
                         "long_close_trailing_retracement_pct": [0, 0.3],
                         "long_close_trailing_threshold_pct": [-0.1, 0.1],
                         "long_ema_span_0": [200, 1440],
                         "long_ema_span_1": [200, 1440],
                         "long_entry_grid_double_down_factor": [0.1, 3],
                         "long_entry_grid_spacing_pct": [0.001, 0.12],
                         "long_entry_grid_spacing_weight": [0, 10],
                         "long_entry_initial_ema_dist": [-0.1, 0.003],
                         "long_entry_initial_qty_pct": [0.005, 0.1],
                         "long_entry_trailing_grid_ratio": [-1, 1],
                         "long_entry_trailing_retracement_pct": [0, 0.1],
                         "long_entry_trailing_threshold_pct": [-0.1, 0.1],
                         "long_filter_relative_volume_clip_pct": [0, 1],
                         "long_filter_rolling_window": [10, 1440],
                         "long_n_positions": [1, 1],
                         "long_total_wallet_exposure_limit": [2.5, 2.5],
                         "long_unstuck_close_pct": [0.001, 0.1],
                         "long_unstuck_ema_dist": [-0.1, 0.01],
                         "long_unstuck_loss_allowance_pct": [0, 0.05],
                         "long_unstuck_threshold": [0.4, 0.95],
                         "short_close_grid_markup_range": [0, 0.03],
                         "short_close_grid_min_markup": [0.001, 0.03],
                         "short_close_grid_qty_pct": [0.05, 1],
                         "short_close_trailing_grid_ratio": [-1, 1],
                         "short_close_trailing_qty_pct": [0.05, 1],
                         "short_close_trailing_retracement_pct": [0, 0.1],
                         "short_close_trailing_threshold_pct": [-0.1, 0.1],
                         "short_ema_span_0": [200, 1440],
                         "short_ema_span_1": [200, 1440],
                         "short_entry_grid_double_down_factor": [0.1, 3],
                         "short_entry_grid_spacing_pct": [0.001, 0.12],
                         "short_entry_grid_spacing_weight": [0, 10],
                         "short_entry_initial_ema_dist": [-0.1, 0.003],
                         "short_entry_initial_qty_pct": [0.005, 0.1],
                         "short_entry_trailing_grid_ratio": [-1, 1],
                         "short_entry_trailing_retracement_pct": [0, 0.1],
                         "short_entry_trailing_threshold_pct": [-0.1, 0.1],
                         "short_filter_relative_volume_clip_pct": [0, 1],
                         "short_filter_rolling_window": [10, 1440],
                         "short_n_positions": [1, 1],
                         "short_total_wallet_exposure_limit": [1, 1],
                         "short_unstuck_close_pct": [0.001, 0.1],
                         "short_unstuck_ema_dist": [-0.1, 0.01],
                         "short_unstuck_loss_allowance_pct": [0, 0.05],