{"analysis": {"adg": 0.0012334454601358234,
              "drawdown_worst": 0.14034381179483035,
              "equity_balance_diff_max": 0.14942629827135398,
              "equity_balance_diff_mean": 0.002538619308154251,
              "loss_profit_ratio": 0.4077638666213858,
              "mdg": 0.0009644406674442332,
              "n_iters": 9518,
              "sharpe_ratio": 0.21319325618328405,
              "w_0": -0.0009644406674442332,
              "w_1": -0.21319325618328405},
 "backtest": {"base_dir": "backtests",
              "end_date": "now",
              "exchange": "binance",
              "start_date": "2021-05-01",
              "starting_balance": 100000,
              "symbols": ["1000SHIBUSDT"]},
 "bot": {"long": {"close_grid_markup_range": 0.029966227304338726,
                  "close_grid_min_markup": 0.01535005181241381,
                  "close_grid_qty_pct": 0.9841045581163993,
                  "close_trailing_grid_ratio": -0.13682375666493896,
                  "close_trailing_qty_pct": 0.5966978302519672,
                  "close_trailing_retracement_pct": 0.07613534080303816,
                  "close_trailing_threshold_pct": 0.010832600332696554,
                  "ema_span_0": 295.4926506075811,
                  "ema_span_1": 650.8396409727169,
                  "entry_grid_double_down_factor": 0.690849065387021,
                  "entry_grid_spacing_pct": 0.10336214221057288,
                  "entry_grid_spacing_weight": 9.231195450671489,
                  "entry_initial_ema_dist": -0.05789346047857369,
                  "entry_initial_qty_pct": 0.008203157665711464,
                  "entry_trailing_grid_ratio": -0.11572114877014414,
                  "entry_trailing_retracement_pct": 0.05618475731736372,
                  "entry_trailing_threshold_pct": 0.03801551530296106,
                  "filter_relative_volume_clip_pct": 0.3445944652253373,
                  "filter_rolling_window": 624.1792596209531,
                  "n_positions": 1,
                  "total_wallet_exposure_limit": 3.70995436480211,
                  "unstuck_close_pct": 0.07522690242966493,
                  "unstuck_ema_dist": -0.02230905382968259,
                  "unstuck_loss_allowance_pct": 0.031918812235921065,
                  "unstuck_threshold": 0.5373010667766276},
         "short": {"close_grid_markup_range": 0.022402135134259336,
                   "close_grid_min_markup": 0.0018305242577454058,
                   "close_grid_qty_pct": 0.5562778588135888,
                   "close_trailing_grid_ratio": 0.5096996707490504,
                   "close_trailing_qty_pct": 0.1496899242556364,
                   "close_trailing_retracement_pct": 0.09405159105005978,
                   "close_trailing_threshold_pct": -0.05549346754117031,
                   "ema_span_0": 1397.4780071778869,
                   "ema_span_1": 464.29604715413694,
                   "entry_grid_double_down_factor": 0.8823569694369318,
                   "entry_grid_spacing_pct": 0.10910388215200251,
                   "entry_grid_spacing_weight": 9.918226452654885,
                   "entry_initial_ema_dist": -0.008425206226273099,
                   "entry_initial_qty_pct": 0.08194932093652164,
                   "entry_trailing_grid_ratio": -0.6952457915893326,
                   "entry_trailing_retracement_pct": 0.0506431569503108,
                   "entry_trailing_threshold_pct": -0.09320755681974488,
                   "filter_relative_volume_clip_pct": 0.24211549065396037,
                   "filter_rolling_window": 923.351506795884,
                   "n_positions": 1,
                   "total_wallet_exposure_limit": 1,
                   "unstuck_close_pct": 0.02924062672946342,
                   "unstuck_ema_dist": -0.023839322060942025,
                   "unstuck_loss_allowance_pct": 0.002470995919908324,
                   "unstuck_threshold": 0.757174095981506}},
 "live": {"approved_coins": ["1000SHIBUSDT"],
          "auto_gs": true,
          "coin_flags": {},
          "execution_delay_seconds": 2,
          "filter_by_min_effective_cost": true,
          "forced_mode_long": "",
          "forced_mode_short": "",
          "ignored_coins": [],
          "leverage": 10,
          "max_n_cancellations_per_batch": 5,
          "max_n_creations_per_batch": 3,
          "minimum_coin_age_days": 30,
          "ohlcv_rolling_window": 60,
          "pnls_max_lookback_days": 30,
          "price_distance_threshold": 0.002,
          "relative_volume_filter_clip_pct": 0.5,
          "time_in_force": "good_till_cancelled",
          "user": "hyperliquid_v7"},
 "lock_filepath": "optimize_results/2024-10-08T14_00_22_SHIB_8090b4ce_all_results.txt.lock",
 "optimize": {"bounds": {"long_close_grid_markup_range": [0, 0.06],
                         "long_close_grid_min_markup": [0.001, 0.06],
                         "long_close_grid_qty_pct": [0.05, 1],
                         "long_close_trailing_grid_ratio": [-1, 1],
                         "long_close_trailing_qty_pct": [0.05, 1],
                         "long_close_trailing_retracement_pct": [0, 0.3],
                         "long_close_trailing_threshold_pct": [-0.1, 0.1],
                         "long_ema_span_0": [200, 1440],
                         "long_ema_span_1": [200, 1440],
                         "long_entry_grid_double_down_factor": [0.1, 3],
                         "long_entry_grid_spacing_pct": [0.001, 0.12],
                         "long_entry_grid_spacing_weight": [0, 10],
                         "long_entry_initial_ema_dist": [-0.1, 0.003],
                         "long_entry_initial_qty_pct": [0.005, 0.1],
                         "long_entry_trailing_grid_ratio": [-1, 1],
                         "long_entry_trailing_retracement_pct": [0, 0.1],
                         "long_entry_trailing_threshold_pct": [-0.1, 0.1],
                         "long_filter_relative_volume_clip_pct": [0, 1],
                         "long_filter_rolling_window": [10, 1440],
                         "long_n_positions": [1, 1],
                         "long_total_wallet_exposure_limit": [3.5, 5.0],
                         "long_unstuck_close_pct": [0.001, 0.1],
                         "long_unstuck_ema_dist": [-0.1, 0.01],
                         "long_unstuck_loss_allowance_pct": [0, 0.05],
                         "long_unstuck_threshold": [0.4, 0.95],
                         "short_close_grid_markup_range": [0, 0.03],
                         "short_close_grid_min_markup": [0.001, 0.03],
                         "short_close_grid_qty_pct": [0.05, 1],
                         "short_close_trailing_grid_ratio": [-1, 1],
                         "short_close_trailing_qty_pct": [0.05, 1],
                         "short_close_trailing_retracement_pct": [0, 0.1],
                         "short_close_trailing_threshold_pct": [-0.1, 0.1],
                         "short_ema_span_0": [200, 1440],
                         "short_ema_span_1": [200, 1440],
                         "short_entry_grid_double_down_factor": [0.1, 3],
                         "short_entry_grid_spacing_pct": [0.001, 0.12],
                         "short_entry_grid_spacing_weight": [0, 10],
                         "short_entry_initial_ema_dist": [-0.1, 0.003],
                         "short_entry_initial_qty_pct": [0.005, 0.1],
                         "short_entry_trailing_grid_ratio": [-1, 1],
                         "short_entry_trailing_retracement_pct": [0, 0.1],
                         "short_entry_trailing_threshold_pct": [-0.1, 0.1],
                         "short_filter_relative_volume_clip_pct": [0, 1],
                         "short_filter_rolling_window": [10, 1440],
                         "short_n_positions": [1, 1],
                         "short_total_wallet_exposure_limit": [1, 1],
                         "short_unstuck_close_pct": [0.001, 0.1],