{"analysis": {"adg": 0.0012334454601358234,
              "drawdown_worst": 0.14034381179483035,
              "equity_balance_diff_max": 0.14942629827135398,
              "equity_balance_diff_mean": 0.002538619308154251,
              "loss_profit_ratio": 0.4077638666213858,
              "mdg": 0.0009644406674442332,
              "n_iters": 9518,
              "sharpe_ratio": 0.21319325618328405,
              "w_0": -0.0009644406674442332,
              "w_1": -0.21319325618328405},
 "backtest": {"base_dir": "backtests",
              "end_date": "now",
              "exchange": "binance",
              "start_date": "2021-05-01",
              "starting_balance": 100000,
              "symbols": ["1000SHIBUSDT"]},
 "bot": {"long": {"close_grid_markup_range": 0.015628592433577393,
                  "close_grid_min_markup": 0.005600926254942213,
                  "close_grid_qty_pct": 0.8233397090081244,
                  "close_trailing_grid_ratio": -0.5015481073457728,
                  "close_trailing_qty_pct": 0.4224903329123434,
                  "close_trailing_retracement_pct": 0.07196951880333419,
                  "close_trailing_threshold_pct": 0.09227592269896147,
                  "ema_span_0": 983.6046563563739,
                  "ema_span_1": 1271.3036627042175,
                  "entry_grid_double_down_factor": 1.7930620959175876,
                  "entry_grid_spacing_pct": 0.06846987246265411,
                  "entry_grid_spacing_weight": 9.237566165684965,
                  "entry_initial_ema_dist": -0.0428592144958538,
                  "entry_initial_qty_pct": 0.0060714254835714495,
                  "entry_trailing_grid_ratio": -0.6893030990674431,
                  "entry_trailing_retracement_pct": 0.0525345303694385,
                  "entry_trailing_threshold_pct": 0.0025281802837570297,
                  "filter_relative_volume_clip_pct": 0.7818921805173787,
                  "filter_rolling_window": 240.85241498662594,
                  "n_positions": 1,
                  "total_wallet_exposure_limit": 2.5,
                  "unstuck_close_pct": 0.06570254724622375,
                  "unstuck_ema_dist": -0.08887693591657288,
                  "unstuck_loss_allowance_pct": 0.045266696000340736,
                  "unstuck_threshold": 0.6651541087612531},
         "short": {"close_grid_markup_range": 0.027989346867317164,
                   "close_grid_min_markup": 0.017174263097468764,
                   "close_grid_qty_pct": 0.0945722881265112,
                   "close_trailing_grid_ratio": 0.2803223797810679,
                   "close_trailing_qty_pct": 0.7173942896875376,
                   "close_trailing_retracement_pct": 0.07167565173157944,
                   "close_trailing_threshold_pct": -0.07067054689089663,
                   "ema_span_0": 1168.5474046078107,
                   "ema_span_1": 1344.8337824125538,
                   "entry_grid_double_down_factor": 0.6546021696637325,
                   "entry_grid_spacing_pct": 0.04711444172331358,
                   "entry_grid_spacing_weight": 5.676968143921761,
                   "entry_initial_ema_dist": -0.07978025870201731,
                   "entry_initial_qty_pct": 0.060429461904151036,
                   "entry_trailing_grid_ratio": -0.016478953811888086,
                   "entry_trailing_retracement_pct": 0.046612008455959406,
                   "entry_trailing_threshold_pct": 0.09470350880738485,
                   "filter_relative_volume_clip_pct": 0.7821770262440513,
                   "filter_rolling_window": 179.20733408824566,
                   "n_positions": 1,
                   "total_wallet_exposure_limit": 1,
                   "unstuck_close_pct": 0.0032113545104019703,
                   "unstuck_ema_dist": -0.08020695905935593,
                   "unstuck_loss_allowance_pct": 0.036737714094237144,
                   "unstuck_threshold": 0.8033543325336743}},
 "live": {"approved_coins": ["1000SHIBUSDT"],
          "auto_gs": true,
          "coin_flags": {},
          "execution_delay_seconds": 2,
          "filter_by_min_effective_cost": true,
          "forced_mode_long": "",
          "forced_mode_short": "",
          "ignored_coins": [],
          "leverage": 10,
          "max_n_cancellations_per_batch": 5,
          "max_n_creations_per_batch": 3,
          "minimum_coin_age_days": 30,
          "ohlcv_rolling_window": 60,
          "pnls_max_lookback_days": 30,
          "price_distance_threshold": 0.002,
          "relative_volume_filter_clip_pct": 0.5,
          "time_in_force": "good_till_cancelled",
          "user": "hyperliquid_v7"},
 "optimize": {"bounds": {"long_close_grid_markup_range": [0, 0.06],
                         "long_close_grid_min_markup": [0.001, 0.06],
                         "long_close_grid_qty_pct": [0.05, 1],
                         "long_close_trailing_grid_ratio": [-1, 1],
                         "long_close_trailing_qty_pct": [0.05, 1],
                         "long_close_trailing_retracement_pct": [0, 0.3],
                         "long_close_trailing_threshold_pct": [-0.1, 0.1],
                         "long_ema_span_0": [200, 1440],
                         "long_ema_span_1": [200, 1440],
                         "long_entry_grid_double_down_factor": [0.1, 3],
                         "long_entry_grid_spacing_pct": [0.001, 0.12],
                         "long_entry_grid_spacing_weight": [0, 10],
                         "long_entry_initial_ema_dist": [-0.1, 0.003],
                         "long_entry_initial_qty_pct": [0.005, 0.1],
                         "long_entry_trailing_grid_ratio": [-1, 1],
                         "long_entry_trailing_retracement_pct": [0, 0.1],
                         "long_entry_trailing_threshold_pct": [-0.1, 0.1],
                         "long_filter_relative_volume_clip_pct": [0, 1],
                         "long_filter_rolling_window": [10, 1440],
                         "long_n_positions": [1, 1],
                         "long_total_wallet_exposure_limit": [2.5, 2.5],
                         "long_unstuck_close_pct": [0.001, 0.1],
                         "long_unstuck_ema_dist": [-0.1, 0.01],
                         "long_unstuck_loss_allowance_pct": [0, 0.05],
                         "long_unstuck_threshold": [0.4, 0.95],
                         "short_close_grid_markup_range": [0, 0.03],
                         "short_close_grid_min_markup": [0.001, 0.03],
                         "short_close_grid_qty_pct": [0.05, 1],
                         "short_close_trailing_grid_ratio": [-1, 1],
                         "short_close_trailing_qty_pct": [0.05, 1],
                         "short_close_trailing_retracement_pct": [0, 0.1],
                         "short_close_trailing_threshold_pct": [-0.1, 0.1],
                         "short_ema_span_0": [200, 1440],
                         "short_ema_span_1": [200, 1440],
                         "short_entry_grid_double_down_factor": [0.1, 3],
                         "short_entry_grid_spacing_pct": [0.001, 0.12],
                         "short_entry_grid_spacing_weight": [0, 10],
                         "short_entry_initial_ema_dist": [-0.1, 0.003],
                         "short_entry_initial_qty_pct": [0.005, 0.1],
                         "short_entry_trailing_grid_ratio": [-1, 1],
                         "short_entry_trailing_retracement_pct": [0, 0.1],
                         "short_entry_trailing_threshold_pct": [-0.1, 0.1],
                         "short_filter_relative_volume_clip_pct": [0, 1],
                         "short_filter_rolling_window": [10, 1440],
                         "short_n_positions": [1, 1],
                         "short_total_wallet_exposure_limit": [1, 1],
                         "short_unstuck_close_pct": [0.001, 0.1],
                         "short_unstuck_ema_dist": [-0.1, 0.01],
                         "short_unstuck_loss_allowance_pct": [0, 0.05],