{"analysis": {"adg": 0.000774190630479094,
              "drawdown_worst": 0.1864637576173959,
              "equity_balance_diff_max": 0.17237211678964248,
              "equity_balance_diff_mean": 0.005562373331384846,
              "loss_profit_ratio": 0.5088244120407894,
              "mdg": 0.00031571610303021534,
              "n_iters": 9473,
              "sharpe_ratio": 0.1201565608361197,
              "w_0": -0.00031571610303021534,
              "w_1": -0.1201565608361197},
 "backtest": {"base_dir": "backtests",
              "end_date": "now",
              "exchange": "binance",
              "start_date": "2021-05-01",
              "starting_balance": 100000,
              "symbols": ["SNXUSDT"]},
 "bot": {"long": {"close_grid_markup_range": 0.040981919133958294,
                  "close_grid_min_markup": 0.0035607282466250897,
                  "close_grid_qty_pct": 0.5610353739270966,
                  "close_trailing_grid_ratio": -0.1257899794089934,
                  "close_trailing_qty_pct": 0.44205720899092327,
                  "close_trailing_retracement_pct": 0.0702300552865107,
                  "close_trailing_threshold_pct": 0.044090931561071654,
                  "ema_span_0": 951.9803021201569,
                  "ema_span_1": 1199.1198771027662,
                  "entry_grid_double_down_factor": 0.5344973805894402,
                  "entry_grid_spacing_pct": 0.11080628879688348,
                  "entry_grid_spacing_weight": 3.251487253138213,
                  "entry_initial_ema_dist": -0.028517612404447352,
                  "entry_initial_qty_pct": 0.006131167304961601,
                  "entry_trailing_grid_ratio": -0.20695869264998284,
                  "entry_trailing_retracement_pct": 0.0797650961583507,
                  "entry_trailing_threshold_pct": -0.014786706955378957,
                  "filter_relative_volume_clip_pct": 0.10759203324727847,
                  "filter_rolling_window": 1210.665156435387,
                  "n_positions": 1,
                  "total_wallet_exposure_limit": 2.5,
                  "unstuck_close_pct": 0.055781980457519795,
                  "unstuck_ema_dist": -0.046520063514890665,
                  "unstuck_loss_allowance_pct": 0.02936178416721032,
                  "unstuck_threshold": 0.4623756300283706},
         "short": {"close_grid_markup_range": 0.002553555090280022,
                   "close_grid_min_markup": 0.02195890508274129,
                   "close_grid_qty_pct": 0.923972104644051,
                   "close_trailing_grid_ratio": -0.939346959220619,
                   "close_trailing_qty_pct": 0.7409996231062402,
                   "close_trailing_retracement_pct": 0.0030420556238450885,
                   "close_trailing_threshold_pct": -0.03506025632392904,
                   "ema_span_0": 1072.630018360252,
                   "ema_span_1": 736.3836505332652,
                   "entry_grid_double_down_factor": 2.896152138719527,
                   "entry_grid_spacing_pct": 0.11747534107128572,
                   "entry_grid_spacing_weight": 1.5759904610242472,
                   "entry_initial_ema_dist": -0.02597426901353097,
                   "entry_initial_qty_pct": 0.04255138665561237,
                   "entry_trailing_grid_ratio": -0.08174029972145735,
                   "entry_trailing_retracement_pct": 0.08501482090273264,
                   "entry_trailing_threshold_pct": 0.09901489689225773,
                   "filter_relative_volume_clip_pct": 0.833892880601703,
                   "filter_rolling_window": 81.22235871310124,
                   "n_positions": 1,
                   "total_wallet_exposure_limit": 1,
                   "unstuck_close_pct": 0.08951265542594121,
                   "unstuck_ema_dist": -0.07619937835130502,
                   "unstuck_loss_allowance_pct": 0.02195575153425612,
                   "unstuck_threshold": 0.7036166351514818}},
 "live": {"approved_coins": ["SNXUSDT"],
          "auto_gs": true,
          "coin_flags": {},
          "execution_delay_seconds": 2,
          "filter_by_min_effective_cost": true,
          "forced_mode_long": "",
          "forced_mode_short": "",
          "ignored_coins": [],
          "leverage": 10,
          "max_n_cancellations_per_batch": 5,
          "max_n_creations_per_batch": 3,
          "minimum_coin_age_days": 30,
          "ohlcv_rolling_window": 60,
          "pnls_max_lookback_days": 30,
          "price_distance_threshold": 0.002,
          "relative_volume_filter_clip_pct": 0.5,
          "time_in_force": "good_till_cancelled",
          "user": "hyperliquid_v7"},
 "optimize": {"bounds": {"long_close_grid_markup_range": [0, 0.06],
                         "long_close_grid_min_markup": [0.001, 0.06],
                         "long_close_grid_qty_pct": [0.05, 1],
                         "long_close_trailing_grid_ratio": [-1, 1],
                         "long_close_trailing_qty_pct": [0.05, 1],
                         "long_close_trailing_retracement_pct": [0, 0.3],
                         "long_close_trailing_threshold_pct": [-0.1, 0.1],
                         "long_ema_span_0": [200, 1440],
                         "long_ema_span_1": [200, 1440],
                         "long_entry_grid_double_down_factor": [0.1, 3],
                         "long_entry_grid_spacing_pct": [0.001, 0.12],
                         "long_entry_grid_spacing_weight": [0, 10],
                         "long_entry_initial_ema_dist": [-0.1, 0.003],
                         "long_entry_initial_qty_pct": [0.005, 0.1],
                         "long_entry_trailing_grid_ratio": [-1, 1],
                         "long_entry_trailing_retracement_pct": [0, 0.1],
                         "long_entry_trailing_threshold_pct": [-0.1, 0.1],
                         "long_filter_relative_volume_clip_pct": [0, 1],
                         "long_filter_rolling_window": [10, 1440],
                         "long_n_positions": [1, 1],
                         "long_total_wallet_exposure_limit": [2.5, 2.5],
                         "long_unstuck_close_pct": [0.001, 0.1],
                         "long_unstuck_ema_dist": [-0.1, 0.01],
                         "long_unstuck_loss_allowance_pct": [0, 0.05],
                         "long_unstuck_threshold": [0.4, 0.95],
                         "short_close_grid_markup_range": [0, 0.03],
                         "short_close_grid_min_markup": [0.001, 0.03],
                         "short_close_grid_qty_pct": [0.05, 1],
                         "short_close_trailing_grid_ratio": [-1, 1],
                         "short_close_trailing_qty_pct": [0.05, 1],
                         "short_close_trailing_retracement_pct": [0, 0.1],
                         "short_close_trailing_threshold_pct": [-0.1, 0.1],
                         "short_ema_span_0": [200, 1440],
                         "short_ema_span_1": [200, 1440],
                         "short_entry_grid_double_down_factor": [0.1, 3],
                         "short_entry_grid_spacing_pct": [0.001, 0.12],
                         "short_entry_grid_spacing_weight": [0, 10],
                         "short_entry_initial_ema_dist": [-0.1, 0.003],
                         "short_entry_initial_qty_pct": [0.005, 0.1],
                         "short_entry_trailing_grid_ratio": [-1, 1],
                         "short_entry_trailing_retracement_pct": [0, 0.1],
                         "short_entry_trailing_threshold_pct": [-0.1, 0.1],
                         "short_filter_relative_volume_clip_pct": [0, 1],
                         "short_filter_rolling_window": [10, 1440],
                         "short_n_positions": [1, 1],
                         "short_total_wallet_exposure_limit": [1, 1],
                         "short_unstuck_close_pct": [0.001, 0.1],
                         "short_unstuck_ema_dist": [-0.1, 0.01],
                         "short_unstuck_loss_allowance_pct": [0, 0.05],