{"analysis": {"adg": 0.0006826779070921356,
              "drawdown_worst": 0.16690603966764073,
              "equity_balance_diff_max": 0.18120894374887606,
              "equity_balance_diff_mean": 0.0027613346384440514,
              "loss_profit_ratio": 0.41548843451424416,
              "mdg": 0.0006524935163934156,
              "n_iters": 9481,
              "sharpe_ratio": 0.16054114307585463,
              "w_0": -0.0006524935163934156,
              "w_1": -0.16054114307585463},
 "backtest": {"base_dir": "backtests",
              "end_date": "now",
              "exchange": "binance",
              "start_date": "2021-05-01",
              "starting_balance": 100000,
              "symbols": ["SOLUSDT"]},
 "bot": {"long": {"close_grid_markup_range": 0.0019898094378876293,
                  "close_grid_min_markup": 0.031379893747047895,
                  "close_grid_qty_pct": 0.7573799814307212,
                  "close_trailing_grid_ratio": -0.910181795572831,
                  "close_trailing_qty_pct": 0.5455807568138763,
                  "close_trailing_retracement_pct": 0.010617441098121808,
                  "close_trailing_threshold_pct": -0.09426889770632238,
                  "ema_span_0": 589.8625521684219,
                  "ema_span_1": 935.2912585144036,
                  "entry_grid_double_down_factor": 2.812977303345611,
                  "entry_grid_spacing_pct": 0.0888315066522296,
                  "entry_grid_spacing_weight": 7.438900561525022,
                  "entry_initial_ema_dist": -0.027097139511776343,
                  "entry_initial_qty_pct": 0.011979796219667976,
                  "entry_trailing_grid_ratio": -0.8259337380711025,
                  "entry_trailing_retracement_pct": 0.023368405308299124,
                  "entry_trailing_threshold_pct": 0.0961377185784607,
                  "filter_relative_volume_clip_pct": 0.4253827252592547,
                  "filter_rolling_window": 735.8618830713192,
                  "n_positions": 1,
                  "total_wallet_exposure_limit": 2.5,
                  "unstuck_close_pct": 0.05047203883951964,
                  "unstuck_ema_dist": -0.028410143998840415,
                  "unstuck_loss_allowance_pct": 0.049700798283854604,
                  "unstuck_threshold": 0.4366751864653811},
         "short": {"close_grid_markup_range": 0.0028275897267729536,
                   "close_grid_min_markup": 0.004418426696273256,
                   "close_grid_qty_pct": 0.6153181142174222,
                   "close_trailing_grid_ratio": 0.6607558104250718,
                   "close_trailing_qty_pct": 0.8769092419738949,
                   "close_trailing_retracement_pct": 0.08577462588252063,
                   "close_trailing_threshold_pct": -0.020477352906577217,
                   "ema_span_0": 207.08021120366018,
                   "ema_span_1": 645.5427612268132,
                   "entry_grid_double_down_factor": 1.9432108648058404,
                   "entry_grid_spacing_pct": 0.09379760536981539,
                   "entry_grid_spacing_weight": 6.698432858646804,
                   "entry_initial_ema_dist": -0.044526009450774034,
                   "entry_initial_qty_pct": 0.005770082856783934,
                   "entry_trailing_grid_ratio": -0.7591922894788578,
                   "entry_trailing_retracement_pct": 0.03573088609326179,
                   "entry_trailing_threshold_pct": -0.028932653506490772,
                   "filter_relative_volume_clip_pct": 0.4155217567135815,
                   "filter_rolling_window": 837.583429714156,
                   "n_positions": 1,
                   "total_wallet_exposure_limit": 1,
                   "unstuck_close_pct": 0.0024436532772028514,
                   "unstuck_ema_dist": -0.05003434093025813,
                   "unstuck_loss_allowance_pct": 0.026521584822841504,
                   "unstuck_threshold": 0.5962618280744107}},
 "live": {"approved_coins": ["SOLUSDT"],
          "auto_gs": true,
          "coin_flags": {},
          "execution_delay_seconds": 2,
          "filter_by_min_effective_cost": true,
          "forced_mode_long": "",
          "forced_mode_short": "",
          "ignored_coins": [],
          "leverage": 10,
          "max_n_cancellations_per_batch": 5,
          "max_n_creations_per_batch": 3,
          "minimum_coin_age_days": 30,
          "ohlcv_rolling_window": 60,
          "pnls_max_lookback_days": 30,
          "price_distance_threshold": 0.002,
          "relative_volume_filter_clip_pct": 0.5,
          "time_in_force": "good_till_cancelled",
          "user": "hyperliquid_v7"},
 "optimize": {"bounds": {"long_close_grid_markup_range": [0, 0.06],
                         "long_close_grid_min_markup": [0.001, 0.06],
                         "long_close_grid_qty_pct": [0.05, 1],
                         "long_close_trailing_grid_ratio": [-1, 1],
                         "long_close_trailing_qty_pct": [0.05, 1],
                         "long_close_trailing_retracement_pct": [0, 0.3],
                         "long_close_trailing_threshold_pct": [-0.1, 0.1],
                         "long_ema_span_0": [200, 1440],
                         "long_ema_span_1": [200, 1440],
                         "long_entry_grid_double_down_factor": [0.1, 3],
                         "long_entry_grid_spacing_pct": [0.001, 0.12],
                         "long_entry_grid_spacing_weight": [0, 10],
                         "long_entry_initial_ema_dist": [-0.1, 0.003],
                         "long_entry_initial_qty_pct": [0.005, 0.1],
                         "long_entry_trailing_grid_ratio": [-1, 1],
                         "long_entry_trailing_retracement_pct": [0, 0.1],
                         "long_entry_trailing_threshold_pct": [-0.1, 0.1],
                         "long_filter_relative_volume_clip_pct": [0, 1],
                         "long_filter_rolling_window": [10, 1440],
                         "long_n_positions": [1, 1],
                         "long_total_wallet_exposure_limit": [2.5, 2.5],
                         "long_unstuck_close_pct": [0.001, 0.1],
                         "long_unstuck_ema_dist": [-0.1, 0.01],
                         "long_unstuck_loss_allowance_pct": [0, 0.05],
                         "long_unstuck_threshold": [0.4, 0.95],
                         "short_close_grid_markup_range": [0, 0.03],
                         "short_close_grid_min_markup": [0.001, 0.03],
                         "short_close_grid_qty_pct": [0.05, 1],
                         "short_close_trailing_grid_ratio": [-1, 1],
                         "short_close_trailing_qty_pct": [0.05, 1],
                         "short_close_trailing_retracement_pct": [0, 0.1],
                         "short_close_trailing_threshold_pct": [-0.1, 0.1],
                         "short_ema_span_0": [200, 1440],
                         "short_ema_span_1": [200, 1440],
                         "short_entry_grid_double_down_factor": [0.1, 3],
                         "short_entry_grid_spacing_pct": [0.001, 0.12],
                         "short_entry_grid_spacing_weight": [0, 10],
                         "short_entry_initial_ema_dist": [-0.1, 0.003],
                         "short_entry_initial_qty_pct": [0.005, 0.1],
                         "short_entry_trailing_grid_ratio": [-1, 1],
                         "short_entry_trailing_retracement_pct": [0, 0.1],
                         "short_entry_trailing_threshold_pct": [-0.1, 0.1],
                         "short_filter_relative_volume_clip_pct": [0, 1],
                         "short_filter_rolling_window": [10, 1440],
                         "short_n_positions": [1, 1],
                         "short_total_wallet_exposure_limit": [1, 1],
                         "short_unstuck_close_pct": [0.001, 0.1],
                         "short_unstuck_ema_dist": [-0.1, 0.01],
                         "short_unstuck_loss_allowance_pct": [0, 0.05],