{"analysis": {"adg": 0.0006826779070921356,
              "drawdown_worst": 0.16690603966764073,
              "equity_balance_diff_max": 0.18120894374887606,
              "equity_balance_diff_mean": 0.0027613346384440514,
              "loss_profit_ratio": 0.41548843451424416,
              "mdg": 0.0006524935163934156,
              "n_iters": 9481,
              "sharpe_ratio": 0.16054114307585463,
              "w_0": -0.0006524935163934156,
              "w_1": -0.16054114307585463},
 "backtest": {"base_dir": "backtests",
              "end_date": "now",
              "exchange": "binance",
              "start_date": "2021-05-01",
              "starting_balance": 100000,
              "symbols": ["SOLUSDT"]},
 "bot": {"long": {"close_grid_markup_range": 0.032283915424290474,
                  "close_grid_min_markup": 0.012314195477024177,
                  "close_grid_qty_pct": 0.43904495493490553,
                  "close_trailing_grid_ratio": 0.055027172632122534,
                  "close_trailing_qty_pct": 0.7695528189212196,
                  "close_trailing_retracement_pct": 0.15798924947478807,
                  "close_trailing_threshold_pct": -0.02055804363847298,
                  "ema_span_0": 667.5807640420929,
                  "ema_span_1": 1057.601614269664,
                  "entry_grid_double_down_factor": 2.245768652021649,
                  "entry_grid_spacing_pct": 0.07823482694721749,
                  "entry_grid_spacing_weight": 6.0952770981794915,
                  "entry_initial_ema_dist": -0.09902828491415427,
                  "entry_initial_qty_pct": 0.008593568598149129,
                  "entry_trailing_grid_ratio": -0.6361240081307655,
                  "entry_trailing_retracement_pct": 0.07186321794792866,
                  "entry_trailing_threshold_pct": -0.058344751461558,
                  "filter_relative_volume_clip_pct": 0.7198413648059486,
                  "filter_rolling_window": 876.0776153513339,
                  "n_positions": 1.0,
                  "total_wallet_exposure_limit": 2.5,
                  "unstuck_close_pct": 0.05943273732524271,
                  "unstuck_ema_dist": -0.01692757743858975,
                  "unstuck_loss_allowance_pct": 0.017392897741674747,
                  "unstuck_threshold": 0.5336750192635363},
         "short": {"close_grid_markup_range": 0.02197227449959647,
                   "close_grid_min_markup": 0.02390900293765011,
                   "close_grid_qty_pct": 0.9881068345525507,
                   "close_trailing_grid_ratio": -0.90074366910946,
                   "close_trailing_qty_pct": 0.7008894218325938,
                   "close_trailing_retracement_pct": 0.007412396786714563,
                   "close_trailing_threshold_pct": -0.018988287494236304,
                   "ema_span_0": 1088.7309094630612,
                   "ema_span_1": 895.5355003541706,
                   "entry_grid_double_down_factor": 0.3939405483085109,
                   "entry_grid_spacing_pct": 0.07953218825193072,
                   "entry_grid_spacing_weight": 8.175988593826418,
                   "entry_initial_ema_dist": -0.007240445649769511,
                   "entry_initial_qty_pct": 0.008872676684003622,
                   "entry_trailing_grid_ratio": 0.9298732750045762,
                   "entry_trailing_retracement_pct": 0.008688390714502985,
                   "entry_trailing_threshold_pct": 0.04385353680633447,
                   "filter_relative_volume_clip_pct": 0.301070193766294,
                   "filter_rolling_window": 475.7388449279224,
                   "n_positions": 1.0,
                   "total_wallet_exposure_limit": 1.0,
                   "unstuck_close_pct": 0.05575509200033851,
                   "unstuck_ema_dist": -0.08460147224474157,
                   "unstuck_loss_allowance_pct": 0.03862805876907568,
                   "unstuck_threshold": 0.6206869116861887}},
 "live": {"approved_coins": ["SOLUSDT"],
          "auto_gs": true,
          "coin_flags": {},
          "execution_delay_seconds": 2,
          "filter_by_min_effective_cost": true,
          "forced_mode_long": "",
          "forced_mode_short": "",
          "ignored_coins": [],
          "leverage": 10,
          "max_n_cancellations_per_batch": 5,
          "max_n_creations_per_batch": 3,
          "minimum_coin_age_days": 30,
          "ohlcv_rolling_window": 60,
          "pnls_max_lookback_days": 30,
          "price_distance_threshold": 0.002,
          "relative_volume_filter_clip_pct": 0.5,
          "time_in_force": "good_till_cancelled",
          "user": "hyperliquid_v7"},
 "optimize": {"bounds": {"long_close_grid_markup_range": [0, 0.06],
                         "long_close_grid_min_markup": [0.001, 0.06],
                         "long_close_grid_qty_pct": [0.05, 1],
                         "long_close_trailing_grid_ratio": [-1, 1],
                         "long_close_trailing_qty_pct": [0.05, 1],
                         "long_close_trailing_retracement_pct": [0, 0.3],
                         "long_close_trailing_threshold_pct": [-0.1, 0.1],
                         "long_ema_span_0": [200, 1440],
                         "long_ema_span_1": [200, 1440],
                         "long_entry_grid_double_down_factor": [0.1, 3],
                         "long_entry_grid_spacing_pct": [0.001, 0.12],
                         "long_entry_grid_spacing_weight": [0, 10],
                         "long_entry_initial_ema_dist": [-0.1, 0.003],
                         "long_entry_initial_qty_pct": [0.005, 0.1],
                         "long_entry_trailing_grid_ratio": [-1, 1],
                         "long_entry_trailing_retracement_pct": [0, 0.1],
                         "long_entry_trailing_threshold_pct": [-0.1, 0.1],
                         "long_filter_relative_volume_clip_pct": [0.0, 1.0],
                         "long_filter_rolling_window": [10.0, 1440.0],
                         "long_n_positions": [1.0, 1.0],
                         "long_total_wallet_exposure_limit": [2.5, 2.5],
                         "long_unstuck_close_pct": [0.001, 0.1],
                         "long_unstuck_ema_dist": [-0.1, 0.01],
                         "long_unstuck_loss_allowance_pct": [0, 0.05],
                         "long_unstuck_threshold": [0.4, 0.95],
                         "short_close_grid_markup_range": [0, 0.03],
                         "short_close_grid_min_markup": [0.001, 0.03],
                         "short_close_grid_qty_pct": [0.05, 1],
                         "short_close_trailing_grid_ratio": [-1, 1],
                         "short_close_trailing_qty_pct": [0.05, 1],
                         "short_close_trailing_retracement_pct": [0, 0.1],
                         "short_close_trailing_threshold_pct": [-0.1, 0.1],
                         "short_ema_span_0": [200, 1440],
                         "short_ema_span_1": [200, 1440],
                         "short_entry_grid_double_down_factor": [0.1, 3],
                         "short_entry_grid_spacing_pct": [0.001, 0.12],
                         "short_entry_grid_spacing_weight": [0, 10],
                         "short_entry_initial_ema_dist": [-0.1, 0.003],
                         "short_entry_initial_qty_pct": [0.005, 0.1],
                         "short_entry_trailing_grid_ratio": [-1, 1],
                         "short_entry_trailing_retracement_pct": [0, 0.1],
                         "short_entry_trailing_threshold_pct": [-0.1, 0.1],
                         "short_filter_relative_volume_clip_pct": [0.0, 1.0],
                         "short_filter_rolling_window": [10.0, 1440.0],
                         "short_n_positions": [1.0, 1.0],
                         "short_total_wallet_exposure_limit": [1.0, 1.0],
                         "short_unstuck_close_pct": [0.001, 0.1],
                         "short_unstuck_ema_dist": [-0.1, 0.01],