{"analysis": {"adg": 0.007933720387938152,
              "drawdown_worst": 0.18930091754945147,
              "equity_balance_diff_max": 0.26110938597254646,
              "equity_balance_diff_mean": 0.009839012088790126,
              "loss_profit_ratio": 0.2950681779998954,
              "mdg": 0.0068502955769266525,
              "n_iters": 9480,
              "sharpe_ratio": 0.3452807916395336,
              "w_0": -0.0068502955769266525,
              "w_1": -0.3452807916395336},
 "backtest": {"base_dir": "backtests",
              "end_date": "now",
              "exchange": "binance",
              "start_date": "2021-05-01",
              "starting_balance": 100000,
              "symbols": ["STRKUSDT"]},
 "bot": {"long": {"close_grid_markup_range": 0.04572264623079099,
                  "close_grid_min_markup": 0.015381986605740172,
                  "close_grid_qty_pct": 0.7258642382180631,
                  "close_trailing_grid_ratio": 0.5276487317284486,
                  "close_trailing_qty_pct": 0.7516627319774882,
                  "close_trailing_retracement_pct": 0.13580708410636613,
                  "close_trailing_threshold_pct": -0.02109954032102419,
                  "ema_span_0": 241.8883504908107,
                  "ema_span_1": 1434.157505273371,
                  "entry_grid_double_down_factor": 2.559010660834716,
                  "entry_grid_spacing_pct": 0.11402405442304578,
                  "entry_grid_spacing_weight": 5.2391258728899635,
                  "entry_initial_ema_dist": -0.016087141368712324,
                  "entry_initial_qty_pct": 0.01667489270567378,
                  "entry_trailing_grid_ratio": -0.6318707729129522,
                  "entry_trailing_retracement_pct": 0.07784726590199242,
                  "entry_trailing_threshold_pct": 0.07036301665884984,
                  "filter_relative_volume_clip_pct": 0.6760137014223944,
                  "filter_rolling_window": 724.4692484430241,
                  "n_positions": 1,
                  "total_wallet_exposure_limit": 4.206255365159943,
                  "unstuck_close_pct": 0.034995908155902034,
                  "unstuck_ema_dist": -0.08373911648445723,
                  "unstuck_loss_allowance_pct": 0.033537708980112164,
                  "unstuck_threshold": 0.4175221746755485},
         "short": {"close_grid_markup_range": 0.01328743162571019,
                   "close_grid_min_markup": 0.006057120367779811,
                   "close_grid_qty_pct": 0.11125278959101496,
                   "close_trailing_grid_ratio": -0.036895853041334775,
                   "close_trailing_qty_pct": 0.333553424688507,
                   "close_trailing_retracement_pct": 0.004697287736799477,
                   "close_trailing_threshold_pct": 0.03662127201084192,
                   "ema_span_0": 1134.9502059621543,
                   "ema_span_1": 390.24391508150256,
                   "entry_grid_double_down_factor": 0.25375387865795407,
                   "entry_grid_spacing_pct": 0.03103585545289754,
                   "entry_grid_spacing_weight": 2.6512397081301944,
                   "entry_initial_ema_dist": -0.04851249373367049,
                   "entry_initial_qty_pct": 0.07990123803333188,
                   "entry_trailing_grid_ratio": 0.0023356374949774633,
                   "entry_trailing_retracement_pct": 0.09692822329594289,
                   "entry_trailing_threshold_pct": 0.01728346933270948,
                   "filter_relative_volume_clip_pct": 0.9908483311375534,
                   "filter_rolling_window": 1125.3637384836989,
                   "n_positions": 1,
                   "total_wallet_exposure_limit": 1,
                   "unstuck_close_pct": 0.004531901133688121,
                   "unstuck_ema_dist": -0.00216411315992086,
                   "unstuck_loss_allowance_pct": 0.03463210032673683,
                   "unstuck_threshold": 0.5748271567502079}},
 "live": {"approved_coins": ["STRKUSDT"],
          "auto_gs": true,
          "coin_flags": {},
          "execution_delay_seconds": 2,
          "filter_by_min_effective_cost": true,
          "forced_mode_long": "",
          "forced_mode_short": "",
          "ignored_coins": [],
          "leverage": 10,
          "max_n_cancellations_per_batch": 5,
          "max_n_creations_per_batch": 3,
          "minimum_coin_age_days": 30,
          "ohlcv_rolling_window": 60,
          "pnls_max_lookback_days": 30,
          "price_distance_threshold": 0.002,
          "relative_volume_filter_clip_pct": 0.5,
          "time_in_force": "good_till_cancelled",
          "user": "hyperliquid_v7"},
 "lock_filepath": "optimize_results/2024-10-08T16_13_31_STRK_806e418b_all_results.txt.lock",
 "optimize": {"bounds": {"long_close_grid_markup_range": [0, 0.06],
                         "long_close_grid_min_markup": [0.001, 0.06],
                         "long_close_grid_qty_pct": [0.05, 1],
                         "long_close_trailing_grid_ratio": [-1, 1],
                         "long_close_trailing_qty_pct": [0.05, 1],
                         "long_close_trailing_retracement_pct": [0, 0.3],
                         "long_close_trailing_threshold_pct": [-0.1, 0.1],
                         "long_ema_span_0": [200, 1440],
                         "long_ema_span_1": [200, 1440],
                         "long_entry_grid_double_down_factor": [0.1, 3],
                         "long_entry_grid_spacing_pct": [0.001, 0.12],
                         "long_entry_grid_spacing_weight": [0, 10],
                         "long_entry_initial_ema_dist": [-0.1, 0.003],
                         "long_entry_initial_qty_pct": [0.005, 0.1],
                         "long_entry_trailing_grid_ratio": [-1, 1],
                         "long_entry_trailing_retracement_pct": [0, 0.1],
                         "long_entry_trailing_threshold_pct": [-0.1, 0.1],
                         "long_filter_relative_volume_clip_pct": [0, 1],
                         "long_filter_rolling_window": [10, 1440],
                         "long_n_positions": [1, 1],
                         "long_total_wallet_exposure_limit": [3.5, 5.0],
                         "long_unstuck_close_pct": [0.001, 0.1],
                         "long_unstuck_ema_dist": [-0.1, 0.01],
                         "long_unstuck_loss_allowance_pct": [0, 0.05],
                         "long_unstuck_threshold": [0.4, 0.95],
                         "short_close_grid_markup_range": [0, 0.03],
                         "short_close_grid_min_markup": [0.001, 0.03],
                         "short_close_grid_qty_pct": [0.05, 1],
                         "short_close_trailing_grid_ratio": [-1, 1],
                         "short_close_trailing_qty_pct": [0.05, 1],
                         "short_close_trailing_retracement_pct": [0, 0.1],
                         "short_close_trailing_threshold_pct": [-0.1, 0.1],
                         "short_ema_span_0": [200, 1440],
                         "short_ema_span_1": [200, 1440],
                         "short_entry_grid_double_down_factor": [0.1, 3],
                         "short_entry_grid_spacing_pct": [0.001, 0.12],
                         "short_entry_grid_spacing_weight": [0, 10],
                         "short_entry_initial_ema_dist": [-0.1, 0.003],
                         "short_entry_initial_qty_pct": [0.005, 0.1],
                         "short_entry_trailing_grid_ratio": [-1, 1],
                         "short_entry_trailing_retracement_pct": [0, 0.1],
                         "short_entry_trailing_threshold_pct": [-0.1, 0.1],
                         "short_filter_relative_volume_clip_pct": [0, 1],
                         "short_filter_rolling_window": [10, 1440],
                         "short_n_positions": [1, 1],
                         "short_total_wallet_exposure_limit": [1, 1],
                         "short_unstuck_close_pct": [0.001, 0.1],