{"analysis": {"adg": 0.007933720387938152,
              "drawdown_worst": 0.18930091754945147,
              "equity_balance_diff_max": 0.26110938597254646,
              "equity_balance_diff_mean": 0.009839012088790126,
              "loss_profit_ratio": 0.2950681779998954,
              "mdg": 0.0068502955769266525,
              "n_iters": 9480,
              "sharpe_ratio": 0.3452807916395336,
              "w_0": -0.0068502955769266525,
              "w_1": -0.3452807916395336},
 "backtest": {"base_dir": "backtests",
              "end_date": "now",
              "exchange": "binance",
              "start_date": "2021-05-01",
              "starting_balance": 100000,
              "symbols": ["STRKUSDT"]},
 "bot": {"long": {"close_grid_markup_range": 0.04422280059620253,
                  "close_grid_min_markup": 0.04342981829565875,
                  "close_grid_qty_pct": 0.5839547627712331,
                  "close_trailing_grid_ratio": 0.9973383768385397,
                  "close_trailing_qty_pct": 0.3586525709743252,
                  "close_trailing_retracement_pct": 0.07392882190820076,
                  "close_trailing_threshold_pct": -0.057112672964419624,
                  "ema_span_0": 250.96555744107349,
                  "ema_span_1": 1405.9955335419281,
                  "entry_grid_double_down_factor": 1.6597248948289858,
                  "entry_grid_spacing_pct": 0.05439857835195781,
                  "entry_grid_spacing_weight": 9.661109768693901,
                  "entry_initial_ema_dist": -0.012143476610853049,
                  "entry_initial_qty_pct": 0.009781993299170053,
                  "entry_trailing_grid_ratio": -0.27250714568333323,
                  "entry_trailing_retracement_pct": 0.07600511364856616,
                  "entry_trailing_threshold_pct": -0.09136034785263,
                  "filter_relative_volume_clip_pct": 0.07702366212729256,
                  "filter_rolling_window": 156.06764683644235,
                  "n_positions": 1,
                  "total_wallet_exposure_limit": 2.5,
                  "unstuck_close_pct": 0.037415050251424525,
                  "unstuck_ema_dist": 0.0021542454028496555,
                  "unstuck_loss_allowance_pct": 0.03870422773506617,
                  "unstuck_threshold": 0.5046932401032516},
         "short": {"close_grid_markup_range": 0.016793099272910464,
                   "close_grid_min_markup": 0.02888544541957325,
                   "close_grid_qty_pct": 0.29878180544152916,
                   "close_trailing_grid_ratio": -0.04699874433300505,
                   "close_trailing_qty_pct": 0.251778322305067,
                   "close_trailing_retracement_pct": 0.02844849940180528,
                   "close_trailing_threshold_pct": 0.040421421557534684,
                   "ema_span_0": 355.0340210002478,
                   "ema_span_1": 504.19037849908676,
                   "entry_grid_double_down_factor": 1.5130715214453188,
                   "entry_grid_spacing_pct": 0.0046124586218091145,
                   "entry_grid_spacing_weight": 2.2793627336800055,
                   "entry_initial_ema_dist": 0.0010224373292617452,
                   "entry_initial_qty_pct": 0.05804449059924116,
                   "entry_trailing_grid_ratio": -0.5841777811618329,
                   "entry_trailing_retracement_pct": 0.0029669105292861077,
                   "entry_trailing_threshold_pct": 0.07175987758386793,
                   "filter_relative_volume_clip_pct": 0.27465490418118005,
                   "filter_rolling_window": 1114.1938964666065,
                   "n_positions": 1,
                   "total_wallet_exposure_limit": 1,
                   "unstuck_close_pct": 0.06996970569047184,
                   "unstuck_ema_dist": -0.06544910568100962,
                   "unstuck_loss_allowance_pct": 0.033177592858833045,
                   "unstuck_threshold": 0.5583045720958252}},
 "live": {"approved_coins": ["STRKUSDT"],
          "auto_gs": true,
          "coin_flags": {},
          "execution_delay_seconds": 2,
          "filter_by_min_effective_cost": true,
          "forced_mode_long": "",
          "forced_mode_short": "",
          "ignored_coins": [],
          "leverage": 10,
          "max_n_cancellations_per_batch": 5,
          "max_n_creations_per_batch": 3,
          "minimum_coin_age_days": 30,
          "ohlcv_rolling_window": 60,
          "pnls_max_lookback_days": 30,
          "price_distance_threshold": 0.002,
          "relative_volume_filter_clip_pct": 0.5,
          "time_in_force": "good_till_cancelled",
          "user": "hyperliquid_v7"},
 "optimize": {"bounds": {"long_close_grid_markup_range": [0, 0.06],
                         "long_close_grid_min_markup": [0.001, 0.06],
                         "long_close_grid_qty_pct": [0.05, 1],
                         "long_close_trailing_grid_ratio": [-1, 1],
                         "long_close_trailing_qty_pct": [0.05, 1],
                         "long_close_trailing_retracement_pct": [0, 0.3],
                         "long_close_trailing_threshold_pct": [-0.1, 0.1],
                         "long_ema_span_0": [200, 1440],
                         "long_ema_span_1": [200, 1440],
                         "long_entry_grid_double_down_factor": [0.1, 3],
                         "long_entry_grid_spacing_pct": [0.001, 0.12],
                         "long_entry_grid_spacing_weight": [0, 10],
                         "long_entry_initial_ema_dist": [-0.1, 0.003],
                         "long_entry_initial_qty_pct": [0.005, 0.1],
                         "long_entry_trailing_grid_ratio": [-1, 1],
                         "long_entry_trailing_retracement_pct": [0, 0.1],
                         "long_entry_trailing_threshold_pct": [-0.1, 0.1],
                         "long_filter_relative_volume_clip_pct": [0, 1],
                         "long_filter_rolling_window": [10, 1440],
                         "long_n_positions": [1, 1],
                         "long_total_wallet_exposure_limit": [2.5, 2.5],
                         "long_unstuck_close_pct": [0.001, 0.1],
                         "long_unstuck_ema_dist": [-0.1, 0.01],
                         "long_unstuck_loss_allowance_pct": [0, 0.05],
                         "long_unstuck_threshold": [0.4, 0.95],
                         "short_close_grid_markup_range": [0, 0.03],
                         "short_close_grid_min_markup": [0.001, 0.03],
                         "short_close_grid_qty_pct": [0.05, 1],
                         "short_close_trailing_grid_ratio": [-1, 1],
                         "short_close_trailing_qty_pct": [0.05, 1],
                         "short_close_trailing_retracement_pct": [0, 0.1],
                         "short_close_trailing_threshold_pct": [-0.1, 0.1],
                         "short_ema_span_0": [200, 1440],
                         "short_ema_span_1": [200, 1440],
                         "short_entry_grid_double_down_factor": [0.1, 3],
                         "short_entry_grid_spacing_pct": [0.001, 0.12],
                         "short_entry_grid_spacing_weight": [0, 10],
                         "short_entry_initial_ema_dist": [-0.1, 0.003],
                         "short_entry_initial_qty_pct": [0.005, 0.1],
                         "short_entry_trailing_grid_ratio": [-1, 1],
                         "short_entry_trailing_retracement_pct": [0, 0.1],
                         "short_entry_trailing_threshold_pct": [-0.1, 0.1],
                         "short_filter_relative_volume_clip_pct": [0, 1],
                         "short_filter_rolling_window": [10, 1440],
                         "short_n_positions": [1, 1],
                         "short_total_wallet_exposure_limit": [1, 1],
                         "short_unstuck_close_pct": [0.001, 0.1],
                         "short_unstuck_ema_dist": [-0.1, 0.01],
                         "short_unstuck_loss_allowance_pct": [0, 0.05],