{"analysis": {"adg": 0.007933720387938152,
              "drawdown_worst": 0.18930091754945147,
              "equity_balance_diff_max": 0.26110938597254646,
              "equity_balance_diff_mean": 0.009839012088790126,
              "loss_profit_ratio": 0.2950681779998954,
              "mdg": 0.0068502955769266525,
              "n_iters": 9480,
              "sharpe_ratio": 0.3452807916395336,
              "w_0": -0.0068502955769266525,
              "w_1": -0.3452807916395336},
 "backtest": {"base_dir": "backtests",
              "end_date": "now",
              "exchange": "binance",
              "start_date": "2021-05-01",
              "starting_balance": 100000,
              "symbols": ["STRKUSDT"]},
 "bot": {"long": {"close_grid_markup_range": 0.018270965951076266,
                  "close_grid_min_markup": 0.0278690257022302,
                  "close_grid_qty_pct": 0.27548551287773976,
                  "close_trailing_grid_ratio": 0.9383411761426534,
                  "close_trailing_qty_pct": 0.4861634902328551,
                  "close_trailing_retracement_pct": 0.069593282002084,
                  "close_trailing_threshold_pct": 0.000491128668695634,
                  "ema_span_0": 1329.194546142376,
                  "ema_span_1": 1051.1422436545124,
                  "entry_grid_double_down_factor": 2.7400417223584936,
                  "entry_grid_spacing_pct": 0.08109912865776156,
                  "entry_grid_spacing_weight": 0.4708823638210107,
                  "entry_initial_ema_dist": -0.057371472875151486,
                  "entry_initial_qty_pct": 0.021171899496329215,
                  "entry_trailing_grid_ratio": -0.1746286673845956,
                  "entry_trailing_retracement_pct": 0.032844030995614365,
                  "entry_trailing_threshold_pct": -0.04275420402627822,
                  "filter_relative_volume_clip_pct": 0.2624082986327265,
                  "filter_rolling_window": 273.53488396576034,
                  "n_positions": 1.0,
                  "total_wallet_exposure_limit": 2.5,
                  "unstuck_close_pct": 0.0722508671125891,
                  "unstuck_ema_dist": -0.07004103345138162,
                  "unstuck_loss_allowance_pct": 0.012719134566284691,
                  "unstuck_threshold": 0.6667395589616365},
         "short": {"close_grid_markup_range": 0.02920198406422554,
                   "close_grid_min_markup": 0.01591005024638102,
                   "close_grid_qty_pct": 0.6877330222392066,
                   "close_trailing_grid_ratio": -0.024351238400469197,
                   "close_trailing_qty_pct": 0.34937669777037617,
                   "close_trailing_retracement_pct": 0.03790569307694133,
                   "close_trailing_threshold_pct": 0.07878528565526186,
                   "ema_span_0": 1030.846909792719,
                   "ema_span_1": 727.0969080504865,
                   "entry_grid_double_down_factor": 2.030154059262701,
                   "entry_grid_spacing_pct": 0.03074662863918344,
                   "entry_grid_spacing_weight": 2.079305186294887,
                   "entry_initial_ema_dist": -0.029047242295115627,
                   "entry_initial_qty_pct": 0.09521288587341487,
                   "entry_trailing_grid_ratio": 0.06493466905722947,
                   "entry_trailing_retracement_pct": 0.07118936620094787,
                   "entry_trailing_threshold_pct": 0.024409230299762396,
                   "filter_relative_volume_clip_pct": 0.40734116380283003,
                   "filter_rolling_window": 93.4763173399715,
                   "n_positions": 1.0,
                   "total_wallet_exposure_limit": 1.0,
                   "unstuck_close_pct": 0.03459666195317336,
                   "unstuck_ema_dist": -0.003334114449971809,
                   "unstuck_loss_allowance_pct": 0.04089685662557711,
                   "unstuck_threshold": 0.43784577321984114}},
 "live": {"approved_coins": ["STRKUSDT"],
          "auto_gs": true,
          "coin_flags": {},
          "execution_delay_seconds": 2,
          "filter_by_min_effective_cost": true,
          "forced_mode_long": "",
          "forced_mode_short": "",
          "ignored_coins": [],
          "leverage": 10,
          "max_n_cancellations_per_batch": 5,
          "max_n_creations_per_batch": 3,
          "minimum_coin_age_days": 30,
          "ohlcv_rolling_window": 60,
          "pnls_max_lookback_days": 30,
          "price_distance_threshold": 0.002,
          "relative_volume_filter_clip_pct": 0.5,
          "time_in_force": "good_till_cancelled",
          "user": "hyperliquid_v7"},
 "optimize": {"bounds": {"long_close_grid_markup_range": [0, 0.06],
                         "long_close_grid_min_markup": [0.001, 0.06],
                         "long_close_grid_qty_pct": [0.05, 1],
                         "long_close_trailing_grid_ratio": [-1, 1],
                         "long_close_trailing_qty_pct": [0.05, 1],
                         "long_close_trailing_retracement_pct": [0, 0.3],
                         "long_close_trailing_threshold_pct": [-0.1, 0.1],
                         "long_ema_span_0": [200, 1440],
                         "long_ema_span_1": [200, 1440],
                         "long_entry_grid_double_down_factor": [0.1, 3],
                         "long_entry_grid_spacing_pct": [0.001, 0.12],
                         "long_entry_grid_spacing_weight": [0, 10],
                         "long_entry_initial_ema_dist": [-0.1, 0.003],
                         "long_entry_initial_qty_pct": [0.005, 0.1],
                         "long_entry_trailing_grid_ratio": [-1, 1],
                         "long_entry_trailing_retracement_pct": [0, 0.1],
                         "long_entry_trailing_threshold_pct": [-0.1, 0.1],
                         "long_filter_relative_volume_clip_pct": [0.0, 1.0],
                         "long_filter_rolling_window": [10.0, 1440.0],
                         "long_n_positions": [1.0, 1.0],
                         "long_total_wallet_exposure_limit": [2.5, 2.5],
                         "long_unstuck_close_pct": [0.001, 0.1],
                         "long_unstuck_ema_dist": [-0.1, 0.01],
                         "long_unstuck_loss_allowance_pct": [0, 0.05],
                         "long_unstuck_threshold": [0.4, 0.95],
                         "short_close_grid_markup_range": [0, 0.03],
                         "short_close_grid_min_markup": [0.001, 0.03],
                         "short_close_grid_qty_pct": [0.05, 1],
                         "short_close_trailing_grid_ratio": [-1, 1],
                         "short_close_trailing_qty_pct": [0.05, 1],
                         "short_close_trailing_retracement_pct": [0, 0.1],
                         "short_close_trailing_threshold_pct": [-0.1, 0.1],
                         "short_ema_span_0": [200, 1440],
                         "short_ema_span_1": [200, 1440],
                         "short_entry_grid_double_down_factor": [0.1, 3],
                         "short_entry_grid_spacing_pct": [0.001, 0.12],
                         "short_entry_grid_spacing_weight": [0, 10],
                         "short_entry_initial_ema_dist": [-0.1, 0.003],
                         "short_entry_initial_qty_pct": [0.005, 0.1],
                         "short_entry_trailing_grid_ratio": [-1, 1],
                         "short_entry_trailing_retracement_pct": [0, 0.1],
                         "short_entry_trailing_threshold_pct": [-0.1, 0.1],
                         "short_filter_relative_volume_clip_pct": [0.0, 1.0],
                         "short_filter_rolling_window": [10.0, 1440.0],
                         "short_n_positions": [1.0, 1.0],
                         "short_total_wallet_exposure_limit": [1.0, 1.0],
                         "short_unstuck_close_pct": [0.001, 0.1],
                         "short_unstuck_ema_dist": [-0.1, 0.01],