{
    "analysis": {
        "adg": 0.0008947446117797866,
        "drawdown_worst": 0.1311190704234932,
        "equity_balance_diff_max": 0.12304991964069247,
        "equity_balance_diff_mean": 0.009067489940246158,
        "loss_profit_ratio": 0.5197840666553393,
        "mdg": 0.0009914133676644358,
        "n_iters": 9531,
        "sharpe_ratio": 0.13483948549612831,
        "w_0": -0.0009914133676644358,
        "w_1": -0.13483948549612831
    },
    "backtest": {
        "base_dir": "backtests",
        "end_date": "now",
        "exchange": "binance",
        "start_date": "2021-05-01",
        "starting_balance": 100000,
        "symbols": [
            "STXUSDT"
        ]
    },
    "bot": {
        "long": {
            "close_grid_markup_range": 0.018537961727181414,
            "close_grid_min_markup": 0.05695449966437292,
            "close_grid_qty_pct": 0.5551725294533879,
            "close_trailing_grid_ratio": -0.019041380869408098,
            "close_trailing_qty_pct": 0.6844235446143186,
            "close_trailing_retracement_pct": 0.004846852027493997,
            "close_trailing_threshold_pct": 0.010484211828224746,
            "ema_span_0": 671.6142029058708,
            "ema_span_1": 837.4475054078449,
            "entry_grid_double_down_factor": 1.8832421573710447,
            "entry_grid_spacing_pct": 0.027573771210820698,
            "entry_grid_spacing_weight": 2.402309400702708,
            "entry_initial_ema_dist": -0.0967794851767249,
            "entry_initial_qty_pct": 0.024449084610760865,
            "entry_trailing_grid_ratio": -0.3468689284773476,
            "entry_trailing_retracement_pct": 0.04946064046970891,
            "entry_trailing_threshold_pct": 0.008852799142696141,
            "n_positions": 13.388057944112633,
            "total_wallet_exposure_limit": 3.9239432615745047,
            "unstuck_close_pct": 0.08048419335130023,
            "unstuck_ema_dist": 0.009797078601342718,
            "unstuck_loss_allowance_pct": 0.020397842765014346,
            "unstuck_threshold": 0.4800479641382593
        },
        "short": {
            "close_grid_markup_range": 0.009874813352322851,
            "close_grid_min_markup": 0.004807582781964314,
            "close_grid_qty_pct": 0.7681371694374138,
            "close_trailing_grid_ratio": 0.053151269266779044,
            "close_trailing_qty_pct": 0.8833906237044786,
            "close_trailing_retracement_pct": 0.034430739327664585,
            "close_trailing_threshold_pct": -0.021657884777132624,
            "ema_span_0": 1248.7148560353635,
            "ema_span_1": 916.5212315785093,
            "entry_grid_double_down_factor": 0.3094136572265064,
            "entry_grid_spacing_pct": 0.07493105302882407,
            "entry_grid_spacing_weight": 0.6122060864139511,
            "entry_initial_ema_dist": -0.07760811470870338,
            "entry_initial_qty_pct": 0.057893719810157625,
            "entry_trailing_grid_ratio": 0.509277185439186,
            "entry_trailing_retracement_pct": 0.018530972536075864,
            "entry_trailing_threshold_pct": -0.08844267244184555,
            "n_positions": 0,
            "total_wallet_exposure_limit": 1.064649401919493,
            "unstuck_close_pct": 0.022329265985054456,
            "unstuck_ema_dist": 0.0026572318045014615,
            "unstuck_loss_allowance_pct": 0.018863443414072773,
            "unstuck_threshold": 0.7589992102600518
        }
    },
    "live": {
        "approved_coins": [
            "STXUSDT"
        ],
        "auto_gs": true,
        "coin_flags": {},
        "execution_delay_seconds": 2,
        "filter_by_min_effective_cost": true,
        "forced_mode_long": "",
        "forced_mode_short": "",
        "ignored_coins": [
            "COIN1",
            "COIN2"
        ],
        "leverage": 10,
        "max_n_cancellations_per_batch": 5,
        "max_n_creations_per_batch": 3,
        "minimum_coin_age_days": 30,
        "ohlcv_rolling_window": 60,
        "pnls_max_lookback_days": 30,
        "price_distance_threshold": 0.002,
        "relative_volume_filter_clip_pct": 0.5,
        "time_in_force": "good_till_cancelled",
        "user": "hyperliquid_v7"
    },
    "optimize": {
        "bounds": {
            "long_close_grid_markup_range": [
                0,
                0.06
            ],
            "long_close_grid_min_markup": [
                0.001,
                0.06
            ],
            "long_close_grid_qty_pct": [
                0.05,
                1
            ],
            "long_close_trailing_grid_ratio": [
                -1,
                1
            ],
            "long_close_trailing_qty_pct": [
                0.05,
                1
            ],
            "long_close_trailing_retracement_pct": [
                0,
                0.3
            ],
            "long_close_trailing_threshold_pct": [
                -0.1,
                0.1
            ],
            "long_ema_span_0": [
                200,
                1440
            ],
            "long_ema_span_1": [
                200,
                1440
            ],
            "long_entry_grid_double_down_factor": [
                0.1,
                3
            ],
            "long_entry_grid_spacing_pct": [
                0.001,
                0.12
            ],
            "long_entry_grid_spacing_weight": [
                0,
                10
            ],
            "long_entry_initial_ema_dist": [
                -0.1,
                0.003
            ],
            "long_entry_initial_qty_pct": [
                0.005,
                0.1
            ],
            "long_entry_trailing_grid_ratio": [
                -1,
                1
            ],
            "long_entry_trailing_retracement_pct": [
                0,
                0.1
            ],
            "long_entry_trailing_threshold_pct": [
                -0.1,
                0.1
            ],
            "long_n_positions": [
                1,
                20
            ],
            "long_total_wallet_exposure_limit": [
                2,
                4
            ],
            "long_unstuck_close_pct": [
                0.001,
                0.1
            ],
            "long_unstuck_ema_dist": [
                -0.1,
                0.01
            ],
            "long_unstuck_loss_allowance_pct": [
                0,
                0.05
            ],
            "long_unstuck_threshold": [
                0.4,
                0.95
            ],
            "short_close_grid_markup_range": [
                0,
                0.03
            ],
            "short_close_grid_min_markup": [
                0.001,
                0.03
            ],
            "short_close_grid_qty_pct": [
                0.05,
                1
            ],
            "short_close_trailing_grid_ratio": [
                -1,
                1
            ],
            "short_close_trailing_qty_pct": [
                0.05,
                1
            ],
            "short_close_trailing_retracement_pct": [
                0,
                0.1
            ],
            "short_close_trailing_threshold_pct": [
                -0.1,
                0.1
            ],
            "short_ema_span_0": [
                200,
                1440
            ],
            "short_ema_span_1": [
                200,
                1440
            ],
            "short_entry_grid_double_down_factor": [
                0.1,
                3
            ],
            "short_entry_grid_spacing_pct": [
                0.001,
                0.12
            ],
            "short_entry_grid_spacing_weight": [
                0,
                10
            ],
            "short_entry_initial_ema_dist": [
                -0.1,
                0.003
            ],
            "short_entry_initial_qty_pct": [
                0.005,
                0.1
            ],