{"analysis": {"adg": 0.0008947446117797866,
              "drawdown_worst": 0.1311190704234932,
              "equity_balance_diff_max": 0.12304991964069247,
              "equity_balance_diff_mean": 0.009067489940246158,
              "loss_profit_ratio": 0.5197840666553393,
              "mdg": 0.0009914133676644358,
              "n_iters": 9531,
              "sharpe_ratio": 0.13483948549612831,
              "w_0": -0.0009914133676644358,
              "w_1": -0.13483948549612831},
 "backtest": {"base_dir": "backtests",
              "end_date": "now",
              "exchange": "binance",
              "start_date": "2021-05-01",
              "starting_balance": 100000,
              "symbols": ["STXUSDT"]},
 "bot": {"long": {"close_grid_markup_range": 0.044998103380887805,
                  "close_grid_min_markup": 0.007169321005606286,
                  "close_grid_qty_pct": 0.33076852125936257,
                  "close_trailing_grid_ratio": -0.3932938602467913,
                  "close_trailing_qty_pct": 0.4104104139035891,
                  "close_trailing_retracement_pct": 0.1560449599926346,
                  "close_trailing_threshold_pct": -0.09199853103866114,
                  "ema_span_0": 488.24858484350364,
                  "ema_span_1": 974.6035150152795,
                  "entry_grid_double_down_factor": 1.7798436468478511,
                  "entry_grid_spacing_pct": 0.08947630619598164,
                  "entry_grid_spacing_weight": 3.4696704940358387,
                  "entry_initial_ema_dist": -0.0033181224270660073,
                  "entry_initial_qty_pct": 0.006630714085896065,
                  "entry_trailing_grid_ratio": 0.06794392592649873,
                  "entry_trailing_retracement_pct": 0.06057821976022921,
                  "entry_trailing_threshold_pct": -0.004763178994639016,
                  "filter_relative_volume_clip_pct": 0.2717951259971771,
                  "filter_rolling_window": 1302.374439150035,
                  "n_positions": 1,
                  "total_wallet_exposure_limit": 2.5,
                  "unstuck_close_pct": 0.0701554957022663,
                  "unstuck_ema_dist": 0.006344431471545825,
                  "unstuck_loss_allowance_pct": 0.0310640133384438,
                  "unstuck_threshold": 0.4053221636260189},
         "short": {"close_grid_markup_range": 0.018095389770575718,
                   "close_grid_min_markup": 0.005602881808895014,
                   "close_grid_qty_pct": 0.5217858581688838,
                   "close_trailing_grid_ratio": 0.7543788633210115,
                   "close_trailing_qty_pct": 0.9534577564831348,
                   "close_trailing_retracement_pct": 0.07047232179328011,
                   "close_trailing_threshold_pct": -0.03283261900524656,
                   "ema_span_0": 953.5683997768657,
                   "ema_span_1": 1107.7118739189589,
                   "entry_grid_double_down_factor": 0.32003993082567783,
                   "entry_grid_spacing_pct": 0.09735058849740882,
                   "entry_grid_spacing_weight": 5.977003395107212,
                   "entry_initial_ema_dist": -0.03092609626477144,
                   "entry_initial_qty_pct": 0.056463454550985864,
                   "entry_trailing_grid_ratio": -0.9273978010448708,
                   "entry_trailing_retracement_pct": 0.0054025384665276925,
                   "entry_trailing_threshold_pct": 0.04532599910658716,
                   "filter_relative_volume_clip_pct": 0.22512859927850973,
                   "filter_rolling_window": 582.8116612730048,
                   "n_positions": 1,
                   "total_wallet_exposure_limit": 1,
                   "unstuck_close_pct": 0.03855055204383236,
                   "unstuck_ema_dist": -0.014669749426634696,
                   "unstuck_loss_allowance_pct": 0.04434391673871198,
                   "unstuck_threshold": 0.69673908179681}},
 "live": {"approved_coins": ["STXUSDT"],
          "auto_gs": true,
          "coin_flags": {},
          "execution_delay_seconds": 2,
          "filter_by_min_effective_cost": true,
          "forced_mode_long": "",
          "forced_mode_short": "",
          "ignored_coins": [],
          "leverage": 10,
          "max_n_cancellations_per_batch": 5,
          "max_n_creations_per_batch": 3,
          "minimum_coin_age_days": 30,
          "ohlcv_rolling_window": 60,
          "pnls_max_lookback_days": 30,
          "price_distance_threshold": 0.002,
          "relative_volume_filter_clip_pct": 0.5,
          "time_in_force": "good_till_cancelled",
          "user": "hyperliquid_v7"},
 "optimize": {"bounds": {"long_close_grid_markup_range": [0, 0.06],
                         "long_close_grid_min_markup": [0.001, 0.06],
                         "long_close_grid_qty_pct": [0.05, 1],
                         "long_close_trailing_grid_ratio": [-1, 1],
                         "long_close_trailing_qty_pct": [0.05, 1],
                         "long_close_trailing_retracement_pct": [0, 0.3],
                         "long_close_trailing_threshold_pct": [-0.1, 0.1],
                         "long_ema_span_0": [200, 1440],
                         "long_ema_span_1": [200, 1440],
                         "long_entry_grid_double_down_factor": [0.1, 3],
                         "long_entry_grid_spacing_pct": [0.001, 0.12],
                         "long_entry_grid_spacing_weight": [0, 10],
                         "long_entry_initial_ema_dist": [-0.1, 0.003],
                         "long_entry_initial_qty_pct": [0.005, 0.1],
                         "long_entry_trailing_grid_ratio": [-1, 1],
                         "long_entry_trailing_retracement_pct": [0, 0.1],
                         "long_entry_trailing_threshold_pct": [-0.1, 0.1],
                         "long_filter_relative_volume_clip_pct": [0, 1],
                         "long_filter_rolling_window": [10, 1440],
                         "long_n_positions": [1, 1],
                         "long_total_wallet_exposure_limit": [2.5, 2.5],
                         "long_unstuck_close_pct": [0.001, 0.1],
                         "long_unstuck_ema_dist": [-0.1, 0.01],
                         "long_unstuck_loss_allowance_pct": [0, 0.05],
                         "long_unstuck_threshold": [0.4, 0.95],
                         "short_close_grid_markup_range": [0, 0.03],
                         "short_close_grid_min_markup": [0.001, 0.03],
                         "short_close_grid_qty_pct": [0.05, 1],
                         "short_close_trailing_grid_ratio": [-1, 1],
                         "short_close_trailing_qty_pct": [0.05, 1],
                         "short_close_trailing_retracement_pct": [0, 0.1],
                         "short_close_trailing_threshold_pct": [-0.1, 0.1],
                         "short_ema_span_0": [200, 1440],
                         "short_ema_span_1": [200, 1440],
                         "short_entry_grid_double_down_factor": [0.1, 3],
                         "short_entry_grid_spacing_pct": [0.001, 0.12],
                         "short_entry_grid_spacing_weight": [0, 10],
                         "short_entry_initial_ema_dist": [-0.1, 0.003],
                         "short_entry_initial_qty_pct": [0.005, 0.1],
                         "short_entry_trailing_grid_ratio": [-1, 1],
                         "short_entry_trailing_retracement_pct": [0, 0.1],
                         "short_entry_trailing_threshold_pct": [-0.1, 0.1],
                         "short_filter_relative_volume_clip_pct": [0, 1],
                         "short_filter_rolling_window": [10, 1440],
                         "short_n_positions": [1, 1],
                         "short_total_wallet_exposure_limit": [1, 1],
                         "short_unstuck_close_pct": [0.001, 0.1],
                         "short_unstuck_ema_dist": [-0.1, 0.01],
                         "short_unstuck_loss_allowance_pct": [0, 0.05],