{"analysis": {"adg": 0.0008734903539515832,
              "drawdown_worst": 0.10242041122197941,
              "equity_balance_diff_max": 0.10248979360194774,
              "equity_balance_diff_mean": 0.0019272415891846027,
              "loss_profit_ratio": 0.20447348462543266,
              "mdg": 0.0008763562857357105,
              "n_iters": 9463,
              "sharpe_ratio": 0.23791599855198764,
              "w_0": -0.0008763562857357105,
              "w_1": -0.23791599855198764},
 "backtest": {"base_dir": "backtests",
              "end_date": "now",
              "exchange": "binance",
              "start_date": "2021-05-01",
              "starting_balance": 100000,
              "symbols": ["SUIUSDT"]},
 "bot": {"long": {"close_grid_markup_range": 0.009388602339971863,
                  "close_grid_min_markup": 0.01130371283876849,
                  "close_grid_qty_pct": 0.2398108910287291,
                  "close_trailing_grid_ratio": -0.25333174500789585,
                  "close_trailing_qty_pct": 0.8935349351915436,
                  "close_trailing_retracement_pct": 0.17733914977448376,
                  "close_trailing_threshold_pct": -0.036664279332277346,
                  "ema_span_0": 470.12118858819406,
                  "ema_span_1": 1353.142072566792,
                  "entry_grid_double_down_factor": 2.171621102483057,
                  "entry_grid_spacing_pct": 0.08341743206903342,
                  "entry_grid_spacing_weight": 9.325126124066376,
                  "entry_initial_ema_dist": -0.014570908577784855,
                  "entry_initial_qty_pct": 0.01099269384937614,
                  "entry_trailing_grid_ratio": -0.5660518868927074,
                  "entry_trailing_retracement_pct": 0.09363635561970052,
                  "entry_trailing_threshold_pct": -0.04502153407114007,
                  "filter_relative_volume_clip_pct": 0.24408457117688412,
                  "filter_rolling_window": 25.45336398992748,
                  "n_positions": 1,
                  "total_wallet_exposure_limit": 2.5,
                  "unstuck_close_pct": 0.044931030344813626,
                  "unstuck_ema_dist": -0.08589061848304574,
                  "unstuck_loss_allowance_pct": 0.025637437427430007,
                  "unstuck_threshold": 0.8044914504235812},
         "short": {"close_grid_markup_range": 0.026206182565961734,
                   "close_grid_min_markup": 0.004990159613312401,
                   "close_grid_qty_pct": 0.1726530551532952,
                   "close_trailing_grid_ratio": -0.8471406677931634,
                   "close_trailing_qty_pct": 0.5469301154675201,
                   "close_trailing_retracement_pct": 0.00040979380142477234,
                   "close_trailing_threshold_pct": -0.0033726505865081247,
                   "ema_span_0": 968.5164972503089,
                   "ema_span_1": 1408.748490660731,
                   "entry_grid_double_down_factor": 1.1960401971241228,
                   "entry_grid_spacing_pct": 0.11219501200680941,
                   "entry_grid_spacing_weight": 0.0997155622047492,
                   "entry_initial_ema_dist": -0.02365046334883402,
                   "entry_initial_qty_pct": 0.02611759308274867,
                   "entry_trailing_grid_ratio": 0.4320506179708501,
                   "entry_trailing_retracement_pct": 0.02796303709463356,
                   "entry_trailing_threshold_pct": 0.0585355874918074,
                   "filter_relative_volume_clip_pct": 0.34833489233291975,
                   "filter_rolling_window": 1374.7242490503186,
                   "n_positions": 1,
                   "total_wallet_exposure_limit": 1,
                   "unstuck_close_pct": 0.04623170917624267,
                   "unstuck_ema_dist": -0.017678752826174385,
                   "unstuck_loss_allowance_pct": 0.016311104618284902,
                   "unstuck_threshold": 0.7218624557437727}},
 "live": {"approved_coins": ["SUIUSDT"],
          "auto_gs": true,
          "coin_flags": {},
          "execution_delay_seconds": 2,
          "filter_by_min_effective_cost": true,
          "forced_mode_long": "",
          "forced_mode_short": "",
          "ignored_coins": [],
          "leverage": 10,
          "max_n_cancellations_per_batch": 5,
          "max_n_creations_per_batch": 3,
          "minimum_coin_age_days": 30,
          "ohlcv_rolling_window": 60,
          "pnls_max_lookback_days": 30,
          "price_distance_threshold": 0.002,
          "relative_volume_filter_clip_pct": 0.5,
          "time_in_force": "good_till_cancelled",
          "user": "hyperliquid_v7"},
 "optimize": {"bounds": {"long_close_grid_markup_range": [0, 0.06],
                         "long_close_grid_min_markup": [0.001, 0.06],
                         "long_close_grid_qty_pct": [0.05, 1],
                         "long_close_trailing_grid_ratio": [-1, 1],
                         "long_close_trailing_qty_pct": [0.05, 1],
                         "long_close_trailing_retracement_pct": [0, 0.3],
                         "long_close_trailing_threshold_pct": [-0.1, 0.1],
                         "long_ema_span_0": [200, 1440],
                         "long_ema_span_1": [200, 1440],
                         "long_entry_grid_double_down_factor": [0.1, 3],
                         "long_entry_grid_spacing_pct": [0.001, 0.12],
                         "long_entry_grid_spacing_weight": [0, 10],
                         "long_entry_initial_ema_dist": [-0.1, 0.003],
                         "long_entry_initial_qty_pct": [0.005, 0.1],
                         "long_entry_trailing_grid_ratio": [-1, 1],
                         "long_entry_trailing_retracement_pct": [0, 0.1],
                         "long_entry_trailing_threshold_pct": [-0.1, 0.1],
                         "long_filter_relative_volume_clip_pct": [0, 1],
                         "long_filter_rolling_window": [10, 1440],
                         "long_n_positions": [1, 1],
                         "long_total_wallet_exposure_limit": [2.5, 2.5],
                         "long_unstuck_close_pct": [0.001, 0.1],
                         "long_unstuck_ema_dist": [-0.1, 0.01],
                         "long_unstuck_loss_allowance_pct": [0, 0.05],
                         "long_unstuck_threshold": [0.4, 0.95],
                         "short_close_grid_markup_range": [0, 0.03],
                         "short_close_grid_min_markup": [0.001, 0.03],
                         "short_close_grid_qty_pct": [0.05, 1],
                         "short_close_trailing_grid_ratio": [-1, 1],
                         "short_close_trailing_qty_pct": [0.05, 1],
                         "short_close_trailing_retracement_pct": [0, 0.1],
                         "short_close_trailing_threshold_pct": [-0.1, 0.1],
                         "short_ema_span_0": [200, 1440],
                         "short_ema_span_1": [200, 1440],
                         "short_entry_grid_double_down_factor": [0.1, 3],
                         "short_entry_grid_spacing_pct": [0.001, 0.12],
                         "short_entry_grid_spacing_weight": [0, 10],
                         "short_entry_initial_ema_dist": [-0.1, 0.003],
                         "short_entry_initial_qty_pct": [0.005, 0.1],
                         "short_entry_trailing_grid_ratio": [-1, 1],
                         "short_entry_trailing_retracement_pct": [0, 0.1],
                         "short_entry_trailing_threshold_pct": [-0.1, 0.1],
                         "short_filter_relative_volume_clip_pct": [0, 1],
                         "short_filter_rolling_window": [10, 1440],
                         "short_n_positions": [1, 1],
                         "short_total_wallet_exposure_limit": [1, 1],
                         "short_unstuck_close_pct": [0.001, 0.1],
                         "short_unstuck_ema_dist": [-0.1, 0.01],
                         "short_unstuck_loss_allowance_pct": [0, 0.05],