{"analysis": {"adg": 0.0034159573892055465,
              "drawdown_worst": 0.23353472625196564,
              "equity_balance_diff_max": 0.22777821109938945,
              "equity_balance_diff_mean": 0.008770423825022813,
              "loss_profit_ratio": 0.15579252274125252,
              "mdg": 0.0015128132856305682,
              "n_iters": 9526,
              "sharpe_ratio": 0.22653281684433274,
              "w_0": -0.0015128132856305682,
              "w_1": -0.22653281684433274},
 "backtest": {"base_dir": "backtests",
              "end_date": "now",
              "exchange": "binance",
              "start_date": "2021-05-01",
              "starting_balance": 100000,
              "symbols": ["SUPERUSDT"]},
 "bot": {"long": {"close_grid_markup_range": 0.003579832011310794,
                  "close_grid_min_markup": 0.0159895690115556,
                  "close_grid_qty_pct": 0.37585664616192754,
                  "close_trailing_grid_ratio": -0.12352734995358677,
                  "close_trailing_qty_pct": 0.18607863582631526,
                  "close_trailing_retracement_pct": 0.2390870827939876,
                  "close_trailing_threshold_pct": 0.04164241330514043,
                  "ema_span_0": 537.1463009517472,
                  "ema_span_1": 621.1425105852309,
                  "entry_grid_double_down_factor": 0.2759420050137053,
                  "entry_grid_spacing_pct": 0.0823841603427538,
                  "entry_grid_spacing_weight": 8.113704937323222,
                  "entry_initial_ema_dist": -0.07643552694367478,
                  "entry_initial_qty_pct": 0.00864526379431643,
                  "entry_trailing_grid_ratio": -0.3179992009913942,
                  "entry_trailing_retracement_pct": 0.07033088101384632,
                  "entry_trailing_threshold_pct": -0.034685440811865094,
                  "filter_relative_volume_clip_pct": 0.9191402154981574,
                  "filter_rolling_window": 1359.5516276294616,
                  "n_positions": 1,
                  "total_wallet_exposure_limit": 2.5,
                  "unstuck_close_pct": 0.0626641715366016,
                  "unstuck_ema_dist": -0.06860000637643977,
                  "unstuck_loss_allowance_pct": 0.012675196462975208,
                  "unstuck_threshold": 0.49967234157986784},
         "short": {"close_grid_markup_range": 0.02389631637101701,
                   "close_grid_min_markup": 0.0022883041033843108,
                   "close_grid_qty_pct": 0.5480686079031503,
                   "close_trailing_grid_ratio": 0.058636274207556675,
                   "close_trailing_qty_pct": 0.525361994435172,
                   "close_trailing_retracement_pct": 0.08836735955573502,
                   "close_trailing_threshold_pct": -0.06532341207556486,
                   "ema_span_0": 815.6701885380357,
                   "ema_span_1": 1130.345713179008,
                   "entry_grid_double_down_factor": 0.8432117434350145,
                   "entry_grid_spacing_pct": 0.007155718272250082,
                   "entry_grid_spacing_weight": 3.738429140376427,
                   "entry_initial_ema_dist": -0.0858936426556466,
                   "entry_initial_qty_pct": 0.008422387154102665,
                   "entry_trailing_grid_ratio": 0.5933249258249572,
                   "entry_trailing_retracement_pct": 0.02206675611993425,
                   "entry_trailing_threshold_pct": 0.013382420469466406,
                   "filter_relative_volume_clip_pct": 0.6384501769992786,
                   "filter_rolling_window": 1120.1099383973917,
                   "n_positions": 1,
                   "total_wallet_exposure_limit": 1,
                   "unstuck_close_pct": 0.07784703839254206,
                   "unstuck_ema_dist": -0.06785909225623381,
                   "unstuck_loss_allowance_pct": 0.009465956592868509,
                   "unstuck_threshold": 0.6078547275482167}},
 "live": {"approved_coins": ["SUPERUSDT"],
          "auto_gs": true,
          "coin_flags": {},
          "execution_delay_seconds": 2,
          "filter_by_min_effective_cost": true,
          "forced_mode_long": "",
          "forced_mode_short": "",
          "ignored_coins": [],
          "leverage": 10,
          "max_n_cancellations_per_batch": 5,
          "max_n_creations_per_batch": 3,
          "minimum_coin_age_days": 30,
          "ohlcv_rolling_window": 60,
          "pnls_max_lookback_days": 30,
          "price_distance_threshold": 0.002,
          "relative_volume_filter_clip_pct": 0.5,
          "time_in_force": "good_till_cancelled",
          "user": "hyperliquid_v7"},
 "optimize": {"bounds": {"long_close_grid_markup_range": [0, 0.06],
                         "long_close_grid_min_markup": [0.001, 0.06],
                         "long_close_grid_qty_pct": [0.05, 1],
                         "long_close_trailing_grid_ratio": [-1, 1],
                         "long_close_trailing_qty_pct": [0.05, 1],
                         "long_close_trailing_retracement_pct": [0, 0.3],
                         "long_close_trailing_threshold_pct": [-0.1, 0.1],
                         "long_ema_span_0": [200, 1440],
                         "long_ema_span_1": [200, 1440],
                         "long_entry_grid_double_down_factor": [0.1, 3],
                         "long_entry_grid_spacing_pct": [0.001, 0.12],
                         "long_entry_grid_spacing_weight": [0, 10],
                         "long_entry_initial_ema_dist": [-0.1, 0.003],
                         "long_entry_initial_qty_pct": [0.005, 0.1],
                         "long_entry_trailing_grid_ratio": [-1, 1],
                         "long_entry_trailing_retracement_pct": [0, 0.1],
                         "long_entry_trailing_threshold_pct": [-0.1, 0.1],
                         "long_filter_relative_volume_clip_pct": [0, 1],
                         "long_filter_rolling_window": [10, 1440],
                         "long_n_positions": [1, 1],
                         "long_total_wallet_exposure_limit": [2.5, 2.5],
                         "long_unstuck_close_pct": [0.001, 0.1],
                         "long_unstuck_ema_dist": [-0.1, 0.01],
                         "long_unstuck_loss_allowance_pct": [0, 0.05],
                         "long_unstuck_threshold": [0.4, 0.95],
                         "short_close_grid_markup_range": [0, 0.03],
                         "short_close_grid_min_markup": [0.001, 0.03],
                         "short_close_grid_qty_pct": [0.05, 1],
                         "short_close_trailing_grid_ratio": [-1, 1],
                         "short_close_trailing_qty_pct": [0.05, 1],
                         "short_close_trailing_retracement_pct": [0, 0.1],
                         "short_close_trailing_threshold_pct": [-0.1, 0.1],
                         "short_ema_span_0": [200, 1440],
                         "short_ema_span_1": [200, 1440],
                         "short_entry_grid_double_down_factor": [0.1, 3],
                         "short_entry_grid_spacing_pct": [0.001, 0.12],
                         "short_entry_grid_spacing_weight": [0, 10],
                         "short_entry_initial_ema_dist": [-0.1, 0.003],
                         "short_entry_initial_qty_pct": [0.005, 0.1],
                         "short_entry_trailing_grid_ratio": [-1, 1],
                         "short_entry_trailing_retracement_pct": [0, 0.1],
                         "short_entry_trailing_threshold_pct": [-0.1, 0.1],
                         "short_filter_relative_volume_clip_pct": [0, 1],
                         "short_filter_rolling_window": [10, 1440],
                         "short_n_positions": [1, 1],
                         "short_total_wallet_exposure_limit": [1, 1],
                         "short_unstuck_close_pct": [0.001, 0.1],
                         "short_unstuck_ema_dist": [-0.1, 0.01],
                         "short_unstuck_loss_allowance_pct": [0, 0.05],