{"analysis": {"adg": 0.0034159573892055465,
              "drawdown_worst": 0.23353472625196564,
              "equity_balance_diff_max": 0.22777821109938945,
              "equity_balance_diff_mean": 0.008770423825022813,
              "loss_profit_ratio": 0.15579252274125252,
              "mdg": 0.0015128132856305682,
              "n_iters": 9526,
              "sharpe_ratio": 0.22653281684433274,
              "w_0": -0.0015128132856305682,
              "w_1": -0.22653281684433274},
 "backtest": {"base_dir": "backtests",
              "end_date": "now",
              "exchange": "binance",
              "start_date": "2021-05-01",
              "starting_balance": 100000,
              "symbols": ["SUPERUSDT"]},
 "bot": {"long": {"close_grid_markup_range": 0.02736165647778652,
                  "close_grid_min_markup": 0.01149026971300266,
                  "close_grid_qty_pct": 0.643638598741313,
                  "close_trailing_grid_ratio": -0.3201335232081706,
                  "close_trailing_qty_pct": 0.4332841008265047,
                  "close_trailing_retracement_pct": 0.15420296167347997,
                  "close_trailing_threshold_pct": 0.08541765743316501,
                  "ema_span_0": 409.59971932086347,
                  "ema_span_1": 1020.2603635776948,
                  "entry_grid_double_down_factor": 1.8207140341809955,
                  "entry_grid_spacing_pct": 0.06785776801278108,
                  "entry_grid_spacing_weight": 6.149242986633693,
                  "entry_initial_ema_dist": -0.05761912974691999,
                  "entry_initial_qty_pct": 0.02003253356496231,
                  "entry_trailing_grid_ratio": -0.2997985070022454,
                  "entry_trailing_retracement_pct": 0.07477733293042785,
                  "entry_trailing_threshold_pct": -0.09298389119308484,
                  "filter_relative_volume_clip_pct": 0.035051492982379806,
                  "filter_rolling_window": 1235.8160074314333,
                  "n_positions": 1.0,
                  "total_wallet_exposure_limit": 2.5,
                  "unstuck_close_pct": 0.015979460128474572,
                  "unstuck_ema_dist": -0.05408497770600265,
                  "unstuck_loss_allowance_pct": 0.022959324364317565,
                  "unstuck_threshold": 0.4344271931416697},
         "short": {"close_grid_markup_range": 0.011331326291939895,
                   "close_grid_min_markup": 0.02044061488427334,
                   "close_grid_qty_pct": 0.2240134742470288,
                   "close_trailing_grid_ratio": 0.33153471933032086,
                   "close_trailing_qty_pct": 0.8319213845263607,
                   "close_trailing_retracement_pct": 0.05439106393963062,
                   "close_trailing_threshold_pct": -0.04548880164986253,
                   "ema_span_0": 856.7816084287732,
                   "ema_span_1": 769.4643351589317,
                   "entry_grid_double_down_factor": 0.29131191858548555,
                   "entry_grid_spacing_pct": 0.0806131714115661,
                   "entry_grid_spacing_weight": 1.033339825398274,
                   "entry_initial_ema_dist": -0.08351138539447245,
                   "entry_initial_qty_pct": 0.015239313409106342,
                   "entry_trailing_grid_ratio": 0.6920902097141532,
                   "entry_trailing_retracement_pct": 0.05399839088702848,
                   "entry_trailing_threshold_pct": 0.05938498337211812,
                   "filter_relative_volume_clip_pct": 0.44404251380587156,
                   "filter_rolling_window": 508.482869415278,
                   "n_positions": 1.0,
                   "total_wallet_exposure_limit": 1.0,
                   "unstuck_close_pct": 0.012519009977793708,
                   "unstuck_ema_dist": -0.06928407543994176,
                   "unstuck_loss_allowance_pct": 0.010399448439515005,
                   "unstuck_threshold": 0.9293271983848815}},
 "live": {"approved_coins": ["SUPERUSDT"],
          "auto_gs": true,
          "coin_flags": {},
          "execution_delay_seconds": 2,
          "filter_by_min_effective_cost": true,
          "forced_mode_long": "",
          "forced_mode_short": "",
          "ignored_coins": [],
          "leverage": 10,
          "max_n_cancellations_per_batch": 5,
          "max_n_creations_per_batch": 3,
          "minimum_coin_age_days": 30,
          "ohlcv_rolling_window": 60,
          "pnls_max_lookback_days": 30,
          "price_distance_threshold": 0.002,
          "relative_volume_filter_clip_pct": 0.5,
          "time_in_force": "good_till_cancelled",
          "user": "hyperliquid_v7"},
 "optimize": {"bounds": {"long_close_grid_markup_range": [0, 0.06],
                         "long_close_grid_min_markup": [0.001, 0.06],
                         "long_close_grid_qty_pct": [0.05, 1],
                         "long_close_trailing_grid_ratio": [-1, 1],
                         "long_close_trailing_qty_pct": [0.05, 1],
                         "long_close_trailing_retracement_pct": [0, 0.3],
                         "long_close_trailing_threshold_pct": [-0.1, 0.1],
                         "long_ema_span_0": [200, 1440],
                         "long_ema_span_1": [200, 1440],
                         "long_entry_grid_double_down_factor": [0.1, 3],
                         "long_entry_grid_spacing_pct": [0.001, 0.12],
                         "long_entry_grid_spacing_weight": [0, 10],
                         "long_entry_initial_ema_dist": [-0.1, 0.003],
                         "long_entry_initial_qty_pct": [0.005, 0.1],
                         "long_entry_trailing_grid_ratio": [-1, 1],
                         "long_entry_trailing_retracement_pct": [0, 0.1],
                         "long_entry_trailing_threshold_pct": [-0.1, 0.1],
                         "long_filter_relative_volume_clip_pct": [0.0, 1.0],
                         "long_filter_rolling_window": [10.0, 1440.0],
                         "long_n_positions": [1.0, 1.0],
                         "long_total_wallet_exposure_limit": [2.5, 2.5],
                         "long_unstuck_close_pct": [0.001, 0.1],
                         "long_unstuck_ema_dist": [-0.1, 0.01],
                         "long_unstuck_loss_allowance_pct": [0, 0.05],
                         "long_unstuck_threshold": [0.4, 0.95],
                         "short_close_grid_markup_range": [0, 0.03],
                         "short_close_grid_min_markup": [0.001, 0.03],
                         "short_close_grid_qty_pct": [0.05, 1],
                         "short_close_trailing_grid_ratio": [-1, 1],
                         "short_close_trailing_qty_pct": [0.05, 1],
                         "short_close_trailing_retracement_pct": [0, 0.1],
                         "short_close_trailing_threshold_pct": [-0.1, 0.1],
                         "short_ema_span_0": [200, 1440],
                         "short_ema_span_1": [200, 1440],
                         "short_entry_grid_double_down_factor": [0.1, 3],
                         "short_entry_grid_spacing_pct": [0.001, 0.12],
                         "short_entry_grid_spacing_weight": [0, 10],
                         "short_entry_initial_ema_dist": [-0.1, 0.003],
                         "short_entry_initial_qty_pct": [0.005, 0.1],
                         "short_entry_trailing_grid_ratio": [-1, 1],
                         "short_entry_trailing_retracement_pct": [0, 0.1],
                         "short_entry_trailing_threshold_pct": [-0.1, 0.1],
                         "short_filter_relative_volume_clip_pct": [0.0, 1.0],
                         "short_filter_rolling_window": [10.0, 1440.0],
                         "short_n_positions": [1.0, 1.0],
                         "short_total_wallet_exposure_limit": [1.0, 1.0],
                         "short_unstuck_close_pct": [0.001, 0.1],
                         "short_unstuck_ema_dist": [-0.1, 0.01],