{
    "analysis": {
        "adg": 0.0005710800702018193,
        "drawdown_worst": 0.19310854866146202,
        "equity_balance_diff_max": 0.1811182484559366,
        "equity_balance_diff_mean": 0.009171075090524254,
        "loss_profit_ratio": 0.39755730453992066,
        "mdg": 0.00022914562827009612,
        "n_iters": 9478,
        "sharpe_ratio": 0.12037567750741004,
        "w_0": -0.00022914562827009612,
        "w_1": -0.12037567750741004
    },
    "backtest": {
        "base_dir": "backtests",
        "end_date": "now",
        "exchange": "binance",
        "start_date": "2021-05-01",
        "starting_balance": 100000,
        "symbols": [
            "SUSHIUSDT"
        ]
    },
    "bot": {
        "long": {
            "close_grid_markup_range": 0.00601573598654624,
            "close_grid_min_markup": 0.005744692696540805,
            "close_grid_qty_pct": 0.32106472562677213,
            "close_trailing_grid_ratio": -0.2511370112274488,
            "close_trailing_qty_pct": 0.33880149493899747,
            "close_trailing_retracement_pct": 0.14442343627202145,
            "close_trailing_threshold_pct": -0.0007066736630188669,
            "ema_span_0": 763.8898562303966,
            "ema_span_1": 1103.623195337302,
            "entry_grid_double_down_factor": 2.5618627820216915,
            "entry_grid_spacing_pct": 0.0939820509937887,
            "entry_grid_spacing_weight": 5.909190517173948,
            "entry_initial_ema_dist": -0.061110362435484816,
            "entry_initial_qty_pct": 0.0279250251161186,
            "entry_trailing_grid_ratio": 0.01709802240061331,
            "entry_trailing_retracement_pct": 0.08488571990929233,
            "entry_trailing_threshold_pct": 0.06734102714874303,
            "n_positions": 6.3788547507521836,
            "total_wallet_exposure_limit": 3.1113368792466876,
            "unstuck_close_pct": 0.030009855330385585,
            "unstuck_ema_dist": -0.0401380274078876,
            "unstuck_loss_allowance_pct": 0.045047765226331624,
            "unstuck_threshold": 0.41671720025957654
        },
        "short": {
            "close_grid_markup_range": 0.012607045978439983,
            "close_grid_min_markup": 0.003264499015168674,
            "close_grid_qty_pct": 0.1926680755971446,
            "close_trailing_grid_ratio": -0.6649094899087213,
            "close_trailing_qty_pct": 0.09107963606409396,
            "close_trailing_retracement_pct": 0.07682509402436069,
            "close_trailing_threshold_pct": -0.06349235048631041,
            "ema_span_0": 621.5893174636989,
            "ema_span_1": 1385.4939055856066,
            "entry_grid_double_down_factor": 0.7899884001608717,
            "entry_grid_spacing_pct": 0.08191271166117323,
            "entry_grid_spacing_weight": 9.989237836388472,
            "entry_initial_ema_dist": -0.03173859560938762,
            "entry_initial_qty_pct": 0.09967036004309976,
            "entry_trailing_grid_ratio": 0.2443596829785892,
            "entry_trailing_retracement_pct": 0.09169367405940693,
            "entry_trailing_threshold_pct": 0.09718203608601678,
            "n_positions": 0,
            "total_wallet_exposure_limit": 3.56676814661479,
            "unstuck_close_pct": 0.07132414781692956,
            "unstuck_ema_dist": -0.033220725490457695,
            "unstuck_loss_allowance_pct": 0.025309010735754974,
            "unstuck_threshold": 0.7101702152571289
        }
    },
    "live": {
        "approved_coins": [
            "SUSHIUSDT"
        ],
        "auto_gs": true,
        "coin_flags": {},
        "execution_delay_seconds": 2,
        "filter_by_min_effective_cost": true,
        "forced_mode_long": "",
        "forced_mode_short": "",
        "ignored_coins": [
            "COIN1",
            "COIN2"
        ],
        "leverage": 10,
        "max_n_cancellations_per_batch": 5,
        "max_n_creations_per_batch": 3,
        "minimum_coin_age_days": 30,
        "ohlcv_rolling_window": 60,
        "pnls_max_lookback_days": 30,
        "price_distance_threshold": 0.002,
        "relative_volume_filter_clip_pct": 0.5,
        "time_in_force": "good_till_cancelled",
        "user": "hyperliquid_v7"
    },
    "optimize": {
        "bounds": {
            "long_close_grid_markup_range": [
                0,
                0.06
            ],
            "long_close_grid_min_markup": [
                0.001,
                0.06
            ],
            "long_close_grid_qty_pct": [
                0.05,
                1
            ],
            "long_close_trailing_grid_ratio": [
                -1,
                1
            ],
            "long_close_trailing_qty_pct": [
                0.05,
                1
            ],
            "long_close_trailing_retracement_pct": [
                0,
                0.3
            ],
            "long_close_trailing_threshold_pct": [
                -0.1,
                0.1
            ],
            "long_ema_span_0": [
                200,
                1440
            ],
            "long_ema_span_1": [
                200,
                1440
            ],
            "long_entry_grid_double_down_factor": [
                0.1,
                3
            ],
            "long_entry_grid_spacing_pct": [
                0.001,
                0.12
            ],
            "long_entry_grid_spacing_weight": [
                0,
                10
            ],
            "long_entry_initial_ema_dist": [
                -0.1,
                0.003
            ],
            "long_entry_initial_qty_pct": [
                0.005,
                0.1
            ],
            "long_entry_trailing_grid_ratio": [
                -1,
                1
            ],
            "long_entry_trailing_retracement_pct": [
                0,
                0.1
            ],
            "long_entry_trailing_threshold_pct": [
                -0.1,
                0.1
            ],
            "long_n_positions": [
                1,
                20
            ],
            "long_total_wallet_exposure_limit": [
                2,
                4
            ],
            "long_unstuck_close_pct": [
                0.001,
                0.1
            ],
            "long_unstuck_ema_dist": [
                -0.1,
                0.01
            ],
            "long_unstuck_loss_allowance_pct": [
                0,
                0.05
            ],
            "long_unstuck_threshold": [
                0.4,
                0.95
            ],
            "short_close_grid_markup_range": [
                0,
                0.03
            ],
            "short_close_grid_min_markup": [
                0.001,
                0.03
            ],
            "short_close_grid_qty_pct": [
                0.05,
                1
            ],
            "short_close_trailing_grid_ratio": [
                -1,
                1
            ],
            "short_close_trailing_qty_pct": [
                0.05,
                1
            ],
            "short_close_trailing_retracement_pct": [
                0,
                0.1
            ],
            "short_close_trailing_threshold_pct": [
                -0.1,
                0.1
            ],
            "short_ema_span_0": [
                200,
                1440
            ],
            "short_ema_span_1": [
                200,
                1440
            ],
            "short_entry_grid_double_down_factor": [
                0.1,
                3
            ],
            "short_entry_grid_spacing_pct": [
                0.001,
                0.12
            ],
            "short_entry_grid_spacing_weight": [
                0,
                10
            ],
            "short_entry_initial_ema_dist": [
                -0.1,
                0.003
            ],
            "short_entry_initial_qty_pct": [
                0.005,
                0.1
            ],