{"analysis": {"adg": 0.0005710800702018193,
              "drawdown_worst": 0.19310854866146202,
              "equity_balance_diff_max": 0.1811182484559366,
              "equity_balance_diff_mean": 0.009171075090524254,
              "loss_profit_ratio": 0.39755730453992066,
              "mdg": 0.00022914562827009612,
              "n_iters": 9478,
              "sharpe_ratio": 0.12037567750741004,
              "w_0": -0.00022914562827009612,
              "w_1": -0.12037567750741004},
 "backtest": {"base_dir": "backtests",
              "end_date": "now",
              "exchange": "binance",
              "start_date": "2021-05-01",
              "starting_balance": 100000,
              "symbols": ["SUSHIUSDT"]},
 "bot": {"long": {"close_grid_markup_range": 0.0010393673240031327,
                  "close_grid_min_markup": 0.03458704300956304,
                  "close_grid_qty_pct": 0.9695726128182065,
                  "close_trailing_grid_ratio": 0.8344873691358284,
                  "close_trailing_qty_pct": 0.8293273837723387,
                  "close_trailing_retracement_pct": 0.11130180241505593,
                  "close_trailing_threshold_pct": -0.09001400635613306,
                  "ema_span_0": 1141.8751079204044,
                  "ema_span_1": 904.0869400285337,
                  "entry_grid_double_down_factor": 1.181054123211216,
                  "entry_grid_spacing_pct": 0.09322719779581941,
                  "entry_grid_spacing_weight": 9.255458882054675,
                  "entry_initial_ema_dist": -0.045212766221800434,
                  "entry_initial_qty_pct": 0.00629683550160973,
                  "entry_trailing_grid_ratio": -0.39546547452969794,
                  "entry_trailing_retracement_pct": 0.09424555150290326,
                  "entry_trailing_threshold_pct": 0.03736265484743603,
                  "filter_relative_volume_clip_pct": 0.6835004867174486,
                  "filter_rolling_window": 658.0418531308119,
                  "n_positions": 1,
                  "total_wallet_exposure_limit": 2.5,
                  "unstuck_close_pct": 0.03776387786736536,
                  "unstuck_ema_dist": -0.0980225637364893,
                  "unstuck_loss_allowance_pct": 0.0472545511677153,
                  "unstuck_threshold": 0.7221407785130068},
         "short": {"close_grid_markup_range": 0.028964907952880082,
                   "close_grid_min_markup": 0.019423783157622384,
                   "close_grid_qty_pct": 0.5940865002368204,
                   "close_trailing_grid_ratio": -0.52122251105211,
                   "close_trailing_qty_pct": 0.8257027698990147,
                   "close_trailing_retracement_pct": 0.00416943163437683,
                   "close_trailing_threshold_pct": -0.07854895397644195,
                   "ema_span_0": 1214.5285953985344,
                   "ema_span_1": 756.8951388386841,
                   "entry_grid_double_down_factor": 2.973363554784636,
                   "entry_grid_spacing_pct": 0.11747250062896056,
                   "entry_grid_spacing_weight": 5.3596849391376375,
                   "entry_initial_ema_dist": -0.04072771366223928,
                   "entry_initial_qty_pct": 0.04594622636748734,
                   "entry_trailing_grid_ratio": 0.11592254775867625,
                   "entry_trailing_retracement_pct": 0.07029322912814817,
                   "entry_trailing_threshold_pct": -0.06830175365180698,
                   "filter_relative_volume_clip_pct": 0.9295836048924248,
                   "filter_rolling_window": 377.72589963132395,
                   "n_positions": 1,
                   "total_wallet_exposure_limit": 1,
                   "unstuck_close_pct": 0.06994939139830206,
                   "unstuck_ema_dist": -0.06309192880476805,
                   "unstuck_loss_allowance_pct": 0.04501728422393384,
                   "unstuck_threshold": 0.42443654295093514}},
 "live": {"approved_coins": ["SUSHIUSDT"],
          "auto_gs": true,
          "coin_flags": {},
          "execution_delay_seconds": 2,
          "filter_by_min_effective_cost": true,
          "forced_mode_long": "",
          "forced_mode_short": "",
          "ignored_coins": [],
          "leverage": 10,
          "max_n_cancellations_per_batch": 5,
          "max_n_creations_per_batch": 3,
          "minimum_coin_age_days": 30,
          "ohlcv_rolling_window": 60,
          "pnls_max_lookback_days": 30,
          "price_distance_threshold": 0.002,
          "relative_volume_filter_clip_pct": 0.5,
          "time_in_force": "good_till_cancelled",
          "user": "hyperliquid_v7"},
 "optimize": {"bounds": {"long_close_grid_markup_range": [0, 0.06],
                         "long_close_grid_min_markup": [0.001, 0.06],
                         "long_close_grid_qty_pct": [0.05, 1],
                         "long_close_trailing_grid_ratio": [-1, 1],
                         "long_close_trailing_qty_pct": [0.05, 1],
                         "long_close_trailing_retracement_pct": [0, 0.3],
                         "long_close_trailing_threshold_pct": [-0.1, 0.1],
                         "long_ema_span_0": [200, 1440],
                         "long_ema_span_1": [200, 1440],
                         "long_entry_grid_double_down_factor": [0.1, 3],
                         "long_entry_grid_spacing_pct": [0.001, 0.12],
                         "long_entry_grid_spacing_weight": [0, 10],
                         "long_entry_initial_ema_dist": [-0.1, 0.003],
                         "long_entry_initial_qty_pct": [0.005, 0.1],
                         "long_entry_trailing_grid_ratio": [-1, 1],
                         "long_entry_trailing_retracement_pct": [0, 0.1],
                         "long_entry_trailing_threshold_pct": [-0.1, 0.1],
                         "long_filter_relative_volume_clip_pct": [0, 1],
                         "long_filter_rolling_window": [10, 1440],
                         "long_n_positions": [1, 1],
                         "long_total_wallet_exposure_limit": [2.5, 2.5],
                         "long_unstuck_close_pct": [0.001, 0.1],
                         "long_unstuck_ema_dist": [-0.1, 0.01],
                         "long_unstuck_loss_allowance_pct": [0, 0.05],
                         "long_unstuck_threshold": [0.4, 0.95],
                         "short_close_grid_markup_range": [0, 0.03],
                         "short_close_grid_min_markup": [0.001, 0.03],
                         "short_close_grid_qty_pct": [0.05, 1],
                         "short_close_trailing_grid_ratio": [-1, 1],
                         "short_close_trailing_qty_pct": [0.05, 1],
                         "short_close_trailing_retracement_pct": [0, 0.1],
                         "short_close_trailing_threshold_pct": [-0.1, 0.1],
                         "short_ema_span_0": [200, 1440],
                         "short_ema_span_1": [200, 1440],
                         "short_entry_grid_double_down_factor": [0.1, 3],
                         "short_entry_grid_spacing_pct": [0.001, 0.12],
                         "short_entry_grid_spacing_weight": [0, 10],
                         "short_entry_initial_ema_dist": [-0.1, 0.003],
                         "short_entry_initial_qty_pct": [0.005, 0.1],
                         "short_entry_trailing_grid_ratio": [-1, 1],
                         "short_entry_trailing_retracement_pct": [0, 0.1],
                         "short_entry_trailing_threshold_pct": [-0.1, 0.1],
                         "short_filter_relative_volume_clip_pct": [0, 1],
                         "short_filter_rolling_window": [10, 1440],
                         "short_n_positions": [1, 1],
                         "short_total_wallet_exposure_limit": [1, 1],
                         "short_unstuck_close_pct": [0.001, 0.1],
                         "short_unstuck_ema_dist": [-0.1, 0.01],
                         "short_unstuck_loss_allowance_pct": [0, 0.05],