{"analysis": {"adg": 0.0026050423476078536,
              "drawdown_worst": 0.09082677854796188,
              "equity_balance_diff_max": 0.10414176735997659,
              "equity_balance_diff_mean": 0.0039024441497845066,
              "loss_profit_ratio": 0.330965894742085,
              "mdg": 0.0009058600721290346,
              "n_iters": 9515,
              "sharpe_ratio": 0.440496676888774,
              "w_0": -0.0009058600721290346,
              "w_1": -0.440496676888774},
 "backtest": {"base_dir": "backtests",
              "end_date": "now",
              "exchange": "binance",
              "start_date": "2021-05-01",
              "starting_balance": 100000,
              "symbols": ["TAOUSDT"]},
 "bot": {"long": {"close_grid_markup_range": 0.03173622120350253,
                  "close_grid_min_markup": 0.010875982074238937,
                  "close_grid_qty_pct": 0.11941547128551502,
                  "close_trailing_grid_ratio": -0.05175663970968296,
                  "close_trailing_qty_pct": 0.3514659514472831,
                  "close_trailing_retracement_pct": 0.008305800077564235,
                  "close_trailing_threshold_pct": -0.04365292150014055,
                  "ema_span_0": 573.4071329887549,
                  "ema_span_1": 662.0616133998665,
                  "entry_grid_double_down_factor": 1.7552699671193315,
                  "entry_grid_spacing_pct": 0.08827856381607882,
                  "entry_grid_spacing_weight": 6.004480936223009,
                  "entry_initial_ema_dist": -0.001076946574270811,
                  "entry_initial_qty_pct": 0.03112928608942494,
                  "entry_trailing_grid_ratio": -0.6459808934753486,
                  "entry_trailing_retracement_pct": 0.09654619267426817,
                  "entry_trailing_threshold_pct": -0.04599795956810102,
                  "filter_relative_volume_clip_pct": 0.9774859369648236,
                  "filter_rolling_window": 957.8921023950827,
                  "n_positions": 1,
                  "total_wallet_exposure_limit": 2.5,
                  "unstuck_close_pct": 0.021888949882829467,
                  "unstuck_ema_dist": -0.05352860026051903,
                  "unstuck_loss_allowance_pct": 0.04469775039018871,
                  "unstuck_threshold": 0.5718649543251878},
         "short": {"close_grid_markup_range": 0.005567629755508692,
                   "close_grid_min_markup": 0.0013381400923424954,
                   "close_grid_qty_pct": 0.15607626261086666,
                   "close_trailing_grid_ratio": 0.07139979375809663,
                   "close_trailing_qty_pct": 0.15327975529003485,
                   "close_trailing_retracement_pct": 0.09894090844432857,
                   "close_trailing_threshold_pct": -0.09635283670287842,
                   "ema_span_0": 953.3684907028878,
                   "ema_span_1": 1380.4112960138357,
                   "entry_grid_double_down_factor": 0.29728923815068636,
                   "entry_grid_spacing_pct": 0.044728963409579076,
                   "entry_grid_spacing_weight": 1.4421510781925404,
                   "entry_initial_ema_dist": -0.011064113338201278,
                   "entry_initial_qty_pct": 0.01044918148287383,
                   "entry_trailing_grid_ratio": 0.7345957060891806,
                   "entry_trailing_retracement_pct": 0.09144660743947375,
                   "entry_trailing_threshold_pct": 0.040618026602901716,
                   "filter_relative_volume_clip_pct": 0.12483278878100161,
                   "filter_rolling_window": 1229.4428632884703,
                   "n_positions": 1,
                   "total_wallet_exposure_limit": 1,
                   "unstuck_close_pct": 0.08101454577984404,
                   "unstuck_ema_dist": -0.04738093018034705,
                   "unstuck_loss_allowance_pct": 0.0496837350817631,
                   "unstuck_threshold": 0.7504025486473388}},
 "live": {"approved_coins": ["TAOUSDT"],
          "auto_gs": true,
          "coin_flags": {},
          "execution_delay_seconds": 2,
          "filter_by_min_effective_cost": true,
          "forced_mode_long": "",
          "forced_mode_short": "",
          "ignored_coins": [],
          "leverage": 10,
          "max_n_cancellations_per_batch": 5,
          "max_n_creations_per_batch": 3,
          "minimum_coin_age_days": 30,
          "ohlcv_rolling_window": 60,
          "pnls_max_lookback_days": 30,
          "price_distance_threshold": 0.002,
          "relative_volume_filter_clip_pct": 0.5,
          "time_in_force": "good_till_cancelled",
          "user": "hyperliquid_v7"},
 "optimize": {"bounds": {"long_close_grid_markup_range": [0, 0.06],
                         "long_close_grid_min_markup": [0.001, 0.06],
                         "long_close_grid_qty_pct": [0.05, 1],
                         "long_close_trailing_grid_ratio": [-1, 1],
                         "long_close_trailing_qty_pct": [0.05, 1],
                         "long_close_trailing_retracement_pct": [0, 0.3],
                         "long_close_trailing_threshold_pct": [-0.1, 0.1],
                         "long_ema_span_0": [200, 1440],
                         "long_ema_span_1": [200, 1440],
                         "long_entry_grid_double_down_factor": [0.1, 3],
                         "long_entry_grid_spacing_pct": [0.001, 0.12],
                         "long_entry_grid_spacing_weight": [0, 10],
                         "long_entry_initial_ema_dist": [-0.1, 0.003],
                         "long_entry_initial_qty_pct": [0.005, 0.1],
                         "long_entry_trailing_grid_ratio": [-1, 1],
                         "long_entry_trailing_retracement_pct": [0, 0.1],
                         "long_entry_trailing_threshold_pct": [-0.1, 0.1],
                         "long_filter_relative_volume_clip_pct": [0, 1],
                         "long_filter_rolling_window": [10, 1440],
                         "long_n_positions": [1, 1],
                         "long_total_wallet_exposure_limit": [2.5, 2.5],
                         "long_unstuck_close_pct": [0.001, 0.1],
                         "long_unstuck_ema_dist": [-0.1, 0.01],
                         "long_unstuck_loss_allowance_pct": [0, 0.05],
                         "long_unstuck_threshold": [0.4, 0.95],
                         "short_close_grid_markup_range": [0, 0.03],
                         "short_close_grid_min_markup": [0.001, 0.03],
                         "short_close_grid_qty_pct": [0.05, 1],
                         "short_close_trailing_grid_ratio": [-1, 1],
                         "short_close_trailing_qty_pct": [0.05, 1],
                         "short_close_trailing_retracement_pct": [0, 0.1],
                         "short_close_trailing_threshold_pct": [-0.1, 0.1],
                         "short_ema_span_0": [200, 1440],
                         "short_ema_span_1": [200, 1440],
                         "short_entry_grid_double_down_factor": [0.1, 3],
                         "short_entry_grid_spacing_pct": [0.001, 0.12],
                         "short_entry_grid_spacing_weight": [0, 10],
                         "short_entry_initial_ema_dist": [-0.1, 0.003],
                         "short_entry_initial_qty_pct": [0.005, 0.1],
                         "short_entry_trailing_grid_ratio": [-1, 1],
                         "short_entry_trailing_retracement_pct": [0, 0.1],
                         "short_entry_trailing_threshold_pct": [-0.1, 0.1],
                         "short_filter_relative_volume_clip_pct": [0, 1],
                         "short_filter_rolling_window": [10, 1440],
                         "short_n_positions": [1, 1],
                         "short_total_wallet_exposure_limit": [1, 1],
                         "short_unstuck_close_pct": [0.001, 0.1],
                         "short_unstuck_ema_dist": [-0.1, 0.01],
                         "short_unstuck_loss_allowance_pct": [0, 0.05],