{"analysis": {"adg": 0.0026050423476078536,
              "drawdown_worst": 0.09082677854796188,
              "equity_balance_diff_max": 0.10414176735997659,
              "equity_balance_diff_mean": 0.0039024441497845066,
              "loss_profit_ratio": 0.330965894742085,
              "mdg": 0.0009058600721290346,
              "n_iters": 9515,
              "sharpe_ratio": 0.440496676888774,
              "w_0": -0.0009058600721290346,
              "w_1": -0.440496676888774},
 "backtest": {"base_dir": "backtests",
              "end_date": "now",
              "exchange": "binance",
              "start_date": "2021-05-01",
              "starting_balance": 100000,
              "symbols": ["TAOUSDT"]},
 "bot": {"long": {"close_grid_markup_range": 0.0012107927110524119,
                  "close_grid_min_markup": 0.040982833127926194,
                  "close_grid_qty_pct": 0.6585822000487463,
                  "close_trailing_grid_ratio": -0.9070339374509464,
                  "close_trailing_qty_pct": 0.5573665082533762,
                  "close_trailing_retracement_pct": 0.04150141825536898,
                  "close_trailing_threshold_pct": -0.06234766539280747,
                  "ema_span_0": 1170.9096923178338,
                  "ema_span_1": 709.4114462625855,
                  "entry_grid_double_down_factor": 2.7739682051884413,
                  "entry_grid_spacing_pct": 0.06755570945207832,
                  "entry_grid_spacing_weight": 5.111566362844044,
                  "entry_initial_ema_dist": -0.02789749119654272,
                  "entry_initial_qty_pct": 0.0156801807001651,
                  "entry_trailing_grid_ratio": -0.7132705144663715,
                  "entry_trailing_retracement_pct": 0.09035491924574027,
                  "entry_trailing_threshold_pct": 0.01294997091454149,
                  "filter_relative_volume_clip_pct": 0.6576394612272981,
                  "filter_rolling_window": 655.6390122565849,
                  "n_positions": 1.0,
                  "total_wallet_exposure_limit": 2.5,
                  "unstuck_close_pct": 0.062380236491874075,
                  "unstuck_ema_dist": -0.057169558167803974,
                  "unstuck_loss_allowance_pct": 0.022229470001300555,
                  "unstuck_threshold": 0.9193330720748873},
         "short": {"close_grid_markup_range": 0.016964012623157453,
                   "close_grid_min_markup": 0.021901798845979894,
                   "close_grid_qty_pct": 0.7825404807737384,
                   "close_trailing_grid_ratio": -0.9972087709391593,
                   "close_trailing_qty_pct": 0.6523172111004405,
                   "close_trailing_retracement_pct": 0.053683443703791765,
                   "close_trailing_threshold_pct": -0.07403782410426187,
                   "ema_span_0": 776.301704069911,
                   "ema_span_1": 1091.1561341745146,
                   "entry_grid_double_down_factor": 0.4543723567863458,
                   "entry_grid_spacing_pct": 0.10308480734053244,
                   "entry_grid_spacing_weight": 6.918444670239588,
                   "entry_initial_ema_dist": -0.013794461266358343,
                   "entry_initial_qty_pct": 0.0583827871679385,
                   "entry_trailing_grid_ratio": -0.9001521162282243,
                   "entry_trailing_retracement_pct": 0.09572003442320763,
                   "entry_trailing_threshold_pct": 0.05317690341305236,
                   "filter_relative_volume_clip_pct": 0.8985654633050746,
                   "filter_rolling_window": 238.47848310271235,
                   "n_positions": 1.0,
                   "total_wallet_exposure_limit": 1.0,
                   "unstuck_close_pct": 0.04302670415541561,
                   "unstuck_ema_dist": -0.014011801345009588,
                   "unstuck_loss_allowance_pct": 0.002615131856557848,
                   "unstuck_threshold": 0.5505221724498488}},
 "live": {"approved_coins": ["TAOUSDT"],
          "auto_gs": true,
          "coin_flags": {},
          "execution_delay_seconds": 2,
          "filter_by_min_effective_cost": true,
          "forced_mode_long": "",
          "forced_mode_short": "",
          "ignored_coins": [],
          "leverage": 10,
          "max_n_cancellations_per_batch": 5,
          "max_n_creations_per_batch": 3,
          "minimum_coin_age_days": 30,
          "ohlcv_rolling_window": 60,
          "pnls_max_lookback_days": 30,
          "price_distance_threshold": 0.002,
          "relative_volume_filter_clip_pct": 0.5,
          "time_in_force": "good_till_cancelled",
          "user": "hyperliquid_v7"},
 "optimize": {"bounds": {"long_close_grid_markup_range": [0, 0.06],
                         "long_close_grid_min_markup": [0.001, 0.06],
                         "long_close_grid_qty_pct": [0.05, 1],
                         "long_close_trailing_grid_ratio": [-1, 1],
                         "long_close_trailing_qty_pct": [0.05, 1],
                         "long_close_trailing_retracement_pct": [0, 0.3],
                         "long_close_trailing_threshold_pct": [-0.1, 0.1],
                         "long_ema_span_0": [200, 1440],
                         "long_ema_span_1": [200, 1440],
                         "long_entry_grid_double_down_factor": [0.1, 3],
                         "long_entry_grid_spacing_pct": [0.001, 0.12],
                         "long_entry_grid_spacing_weight": [0, 10],
                         "long_entry_initial_ema_dist": [-0.1, 0.003],
                         "long_entry_initial_qty_pct": [0.005, 0.1],
                         "long_entry_trailing_grid_ratio": [-1, 1],
                         "long_entry_trailing_retracement_pct": [0, 0.1],
                         "long_entry_trailing_threshold_pct": [-0.1, 0.1],
                         "long_filter_relative_volume_clip_pct": [0.0, 1.0],
                         "long_filter_rolling_window": [10.0, 1440.0],
                         "long_n_positions": [1.0, 1.0],
                         "long_total_wallet_exposure_limit": [2.5, 2.5],
                         "long_unstuck_close_pct": [0.001, 0.1],
                         "long_unstuck_ema_dist": [-0.1, 0.01],
                         "long_unstuck_loss_allowance_pct": [0, 0.05],
                         "long_unstuck_threshold": [0.4, 0.95],
                         "short_close_grid_markup_range": [0, 0.03],
                         "short_close_grid_min_markup": [0.001, 0.03],
                         "short_close_grid_qty_pct": [0.05, 1],
                         "short_close_trailing_grid_ratio": [-1, 1],
                         "short_close_trailing_qty_pct": [0.05, 1],
                         "short_close_trailing_retracement_pct": [0, 0.1],
                         "short_close_trailing_threshold_pct": [-0.1, 0.1],
                         "short_ema_span_0": [200, 1440],
                         "short_ema_span_1": [200, 1440],
                         "short_entry_grid_double_down_factor": [0.1, 3],
                         "short_entry_grid_spacing_pct": [0.001, 0.12],
                         "short_entry_grid_spacing_weight": [0, 10],
                         "short_entry_initial_ema_dist": [-0.1, 0.003],
                         "short_entry_initial_qty_pct": [0.005, 0.1],
                         "short_entry_trailing_grid_ratio": [-1, 1],
                         "short_entry_trailing_retracement_pct": [0, 0.1],
                         "short_entry_trailing_threshold_pct": [-0.1, 0.1],
                         "short_filter_relative_volume_clip_pct": [0.0, 1.0],
                         "short_filter_rolling_window": [10.0, 1440.0],
                         "short_n_positions": [1.0, 1.0],
                         "short_total_wallet_exposure_limit": [1.0, 1.0],
                         "short_unstuck_close_pct": [0.001, 0.1],
                         "short_unstuck_ema_dist": [-0.1, 0.01],