{
    "analysis": {
        "adg": 0.002307647299215676,
        "drawdown_worst": 0.10162351194360827,
        "equity_balance_diff_max": 0.10752382566180653,
        "equity_balance_diff_mean": 0.008429845297311007,
        "loss_profit_ratio": 0.3546472869470568,
        "mdg": 0.002173505749135613,
        "n_iters": 9485,
        "sharpe_ratio": 0.24673161246393271,
        "w_0": -0.002173505749135613,
        "w_1": -0.24673161246393271
    },
    "backtest": {
        "base_dir": "backtests",
        "end_date": "now",
        "exchange": "binance",
        "start_date": "2021-05-01",
        "starting_balance": 100000,
        "symbols": [
            "TIAUSDT"
        ]
    },
    "bot": {
        "long": {
            "close_grid_markup_range": 0.035044826599275665,
            "close_grid_min_markup": 0.007872901664448158,
            "close_grid_qty_pct": 0.5271465277746457,
            "close_trailing_grid_ratio": 0.22457619610226798,
            "close_trailing_qty_pct": 0.2812696268556968,
            "close_trailing_retracement_pct": 0.03149779052294989,
            "close_trailing_threshold_pct": 0.014208097808028432,
            "ema_span_0": 391.6299504330692,
            "ema_span_1": 242.32560066149614,
            "entry_grid_double_down_factor": 1.0213297238363994,
            "entry_grid_spacing_pct": 0.04515278639320188,
            "entry_grid_spacing_weight": 4.299709018871747,
            "entry_initial_ema_dist": -0.0029039318060350774,
            "entry_initial_qty_pct": 0.016176531064023232,
            "entry_trailing_grid_ratio": -0.008168182080475817,
            "entry_trailing_retracement_pct": 0.06286106994536603,
            "entry_trailing_threshold_pct": -0.020985920178024774,
            "n_positions": 6.833460013184425,
            "total_wallet_exposure_limit": 2.3225105839712903,
            "unstuck_close_pct": 0.08869328813195831,
            "unstuck_ema_dist": -0.02355358783981502,
            "unstuck_loss_allowance_pct": 0.035356124869418096,
            "unstuck_threshold": 0.9472777903022586
        },
        "short": {
            "close_grid_markup_range": 0.017541928528658775,
            "close_grid_min_markup": 0.018792951815535138,
            "close_grid_qty_pct": 0.8366063920667239,
            "close_trailing_grid_ratio": -0.118800818212612,
            "close_trailing_qty_pct": 0.1052639334242565,
            "close_trailing_retracement_pct": 0.016865984061076228,
            "close_trailing_threshold_pct": -0.09968230571018738,
            "ema_span_0": 1411.4406179495115,
            "ema_span_1": 990.3157142371545,
            "entry_grid_double_down_factor": 0.4989202852605271,
            "entry_grid_spacing_pct": 0.051666796689891915,
            "entry_grid_spacing_weight": 2.9985910485416882,
            "entry_initial_ema_dist": -0.02896498724767256,
            "entry_initial_qty_pct": 0.07661468373213934,
            "entry_trailing_grid_ratio": 0.8203361989634341,
            "entry_trailing_retracement_pct": 0.04188170323253808,
            "entry_trailing_threshold_pct": -0.01333957166656374,
            "n_positions": 0,
            "total_wallet_exposure_limit": 3.6901813825306657,
            "unstuck_close_pct": 0.06651651720244237,
            "unstuck_ema_dist": 0.0009421957856108969,
            "unstuck_loss_allowance_pct": 0.020465986423957555,
            "unstuck_threshold": 0.47967355217394936
        }
    },
    "live": {
        "approved_coins": [
            "TIAUSDT"
        ],
        "auto_gs": true,
        "coin_flags": {},
        "execution_delay_seconds": 2,
        "filter_by_min_effective_cost": true,
        "forced_mode_long": "",
        "forced_mode_short": "",
        "ignored_coins": [
            "COIN1",
            "COIN2"
        ],
        "leverage": 10,
        "max_n_cancellations_per_batch": 5,
        "max_n_creations_per_batch": 3,
        "minimum_coin_age_days": 30,
        "ohlcv_rolling_window": 60,
        "pnls_max_lookback_days": 30,
        "price_distance_threshold": 0.002,
        "relative_volume_filter_clip_pct": 0.5,
        "time_in_force": "good_till_cancelled",
        "user": "hyperliquid_v7"
    },
    "optimize": {
        "bounds": {
            "long_close_grid_markup_range": [
                0,
                0.06
            ],
            "long_close_grid_min_markup": [
                0.001,
                0.06
            ],
            "long_close_grid_qty_pct": [
                0.05,
                1
            ],
            "long_close_trailing_grid_ratio": [
                -1,
                1
            ],
            "long_close_trailing_qty_pct": [
                0.05,
                1
            ],
            "long_close_trailing_retracement_pct": [
                0,
                0.3
            ],
            "long_close_trailing_threshold_pct": [
                -0.1,
                0.1
            ],
            "long_ema_span_0": [
                200,
                1440
            ],
            "long_ema_span_1": [
                200,
                1440
            ],
            "long_entry_grid_double_down_factor": [
                0.1,
                3
            ],
            "long_entry_grid_spacing_pct": [
                0.001,
                0.12
            ],
            "long_entry_grid_spacing_weight": [
                0,
                10
            ],
            "long_entry_initial_ema_dist": [
                -0.1,
                0.003
            ],
            "long_entry_initial_qty_pct": [
                0.005,
                0.1
            ],
            "long_entry_trailing_grid_ratio": [
                -1,
                1
            ],
            "long_entry_trailing_retracement_pct": [
                0,
                0.1
            ],
            "long_entry_trailing_threshold_pct": [
                -0.1,
                0.1
            ],
            "long_n_positions": [
                1,
                20
            ],
            "long_total_wallet_exposure_limit": [
                2,
                4
            ],
            "long_unstuck_close_pct": [
                0.001,
                0.1
            ],
            "long_unstuck_ema_dist": [
                -0.1,
                0.01
            ],
            "long_unstuck_loss_allowance_pct": [
                0,
                0.05
            ],
            "long_unstuck_threshold": [
                0.4,
                0.95
            ],
            "short_close_grid_markup_range": [
                0,
                0.03
            ],
            "short_close_grid_min_markup": [
                0.001,
                0.03
            ],
            "short_close_grid_qty_pct": [
                0.05,
                1
            ],
            "short_close_trailing_grid_ratio": [
                -1,
                1
            ],
            "short_close_trailing_qty_pct": [
                0.05,
                1
            ],
            "short_close_trailing_retracement_pct": [
                0,
                0.1
            ],
            "short_close_trailing_threshold_pct": [
                -0.1,
                0.1
            ],
            "short_ema_span_0": [
                200,
                1440
            ],
            "short_ema_span_1": [
                200,
                1440
            ],
            "short_entry_grid_double_down_factor": [
                0.1,
                3
            ],
            "short_entry_grid_spacing_pct": [
                0.001,
                0.12
            ],
            "short_entry_grid_spacing_weight": [
                0,
                10
            ],
            "short_entry_initial_ema_dist": [
                -0.1,
                0.003
            ],
            "short_entry_initial_qty_pct": [
                0.005,
                0.1
            ],