{"analysis": {"adg": 0.0038201401440848956,
              "drawdown_worst": 0.1923225773723303,
              "equity_balance_diff_max": 0.2116299661968578,
              "equity_balance_diff_mean": 0.006023544223558317,
              "loss_profit_ratio": 0.10460351370364837,
              "mdg": 0.003081852075379872,
              "n_iters": 9481,
              "sharpe_ratio": 0.3275246113991274,
              "w_0": -0.003081852075379872,
              "w_1": -0.3275246113991274},
 "backtest": {"base_dir": "backtests",
              "end_date": "now",
              "exchange": "binance",
              "start_date": "2021-05-01",
              "starting_balance": 100000,
              "symbols": ["TNSRUSDT"]},
 "bot": {"long": {"close_grid_markup_range": 0.011139670344045192,
                  "close_grid_min_markup": 0.006029632242973971,
                  "close_grid_qty_pct": 0.05050576573380172,
                  "close_trailing_grid_ratio": 0.18807453505286056,
                  "close_trailing_qty_pct": 0.20024892669474434,
                  "close_trailing_retracement_pct": 0.07008063552705229,
                  "close_trailing_threshold_pct": -0.05443301329079525,
                  "ema_span_0": 451.8474234508875,
                  "ema_span_1": 1240.7530655298258,
                  "entry_grid_double_down_factor": 2.072029901042107,
                  "entry_grid_spacing_pct": 0.11501955280555541,
                  "entry_grid_spacing_weight": 6.433774313525117,
                  "entry_initial_ema_dist": -0.022622121576419223,
                  "entry_initial_qty_pct": 0.01120900470133283,
                  "entry_trailing_grid_ratio": -0.043758793123991446,
                  "entry_trailing_retracement_pct": 0.03878188557237192,
                  "entry_trailing_threshold_pct": -0.04022589590703214,
                  "filter_relative_volume_clip_pct": 0.8321330942930845,
                  "filter_rolling_window": 671.4831763379832,
                  "n_positions": 1,
                  "total_wallet_exposure_limit": 2.5,
                  "unstuck_close_pct": 0.035028238996265046,
                  "unstuck_ema_dist": -0.09811086194809016,
                  "unstuck_loss_allowance_pct": 0.04226890561734202,
                  "unstuck_threshold": 0.5274187648004884},
         "short": {"close_grid_markup_range": 0.0176739349253886,
                   "close_grid_min_markup": 0.012324346955400238,
                   "close_grid_qty_pct": 0.7820923623771483,
                   "close_trailing_grid_ratio": 0.11085745687856279,
                   "close_trailing_qty_pct": 0.6753864544244074,
                   "close_trailing_retracement_pct": 0.026841523303347256,
                   "close_trailing_threshold_pct": 0.016356708271602925,
                   "ema_span_0": 245.57348380276358,
                   "ema_span_1": 968.2104354056448,
                   "entry_grid_double_down_factor": 2.459188004931635,
                   "entry_grid_spacing_pct": 0.08105136930404647,
                   "entry_grid_spacing_weight": 3.899796498954158,
                   "entry_initial_ema_dist": -0.08992026716275978,
                   "entry_initial_qty_pct": 0.06356302773905499,
                   "entry_trailing_grid_ratio": -0.037555414681530015,
                   "entry_trailing_retracement_pct": 0.02415873558886348,
                   "entry_trailing_threshold_pct": -0.0236716912714087,
                   "filter_relative_volume_clip_pct": 0.4575702900047968,
                   "filter_rolling_window": 391.69263457946323,
                   "n_positions": 1,
                   "total_wallet_exposure_limit": 1,
                   "unstuck_close_pct": 0.08265661047684526,
                   "unstuck_ema_dist": 0.006484023025907882,
                   "unstuck_loss_allowance_pct": 0.03307924994716031,
                   "unstuck_threshold": 0.5568571338783369}},
 "live": {"approved_coins": ["TNSRUSDT"],
          "auto_gs": true,
          "coin_flags": {},
          "execution_delay_seconds": 2,
          "filter_by_min_effective_cost": true,
          "forced_mode_long": "",
          "forced_mode_short": "",
          "ignored_coins": [],
          "leverage": 10,
          "max_n_cancellations_per_batch": 5,
          "max_n_creations_per_batch": 3,
          "minimum_coin_age_days": 30,
          "ohlcv_rolling_window": 60,
          "pnls_max_lookback_days": 30,
          "price_distance_threshold": 0.002,
          "relative_volume_filter_clip_pct": 0.5,
          "time_in_force": "good_till_cancelled",
          "user": "hyperliquid_v7"},
 "optimize": {"bounds": {"long_close_grid_markup_range": [0, 0.06],
                         "long_close_grid_min_markup": [0.001, 0.06],
                         "long_close_grid_qty_pct": [0.05, 1],
                         "long_close_trailing_grid_ratio": [-1, 1],
                         "long_close_trailing_qty_pct": [0.05, 1],
                         "long_close_trailing_retracement_pct": [0, 0.3],
                         "long_close_trailing_threshold_pct": [-0.1, 0.1],
                         "long_ema_span_0": [200, 1440],
                         "long_ema_span_1": [200, 1440],
                         "long_entry_grid_double_down_factor": [0.1, 3],
                         "long_entry_grid_spacing_pct": [0.001, 0.12],
                         "long_entry_grid_spacing_weight": [0, 10],
                         "long_entry_initial_ema_dist": [-0.1, 0.003],
                         "long_entry_initial_qty_pct": [0.005, 0.1],
                         "long_entry_trailing_grid_ratio": [-1, 1],
                         "long_entry_trailing_retracement_pct": [0, 0.1],
                         "long_entry_trailing_threshold_pct": [-0.1, 0.1],
                         "long_filter_relative_volume_clip_pct": [0, 1],
                         "long_filter_rolling_window": [10, 1440],
                         "long_n_positions": [1, 1],
                         "long_total_wallet_exposure_limit": [2.5, 2.5],
                         "long_unstuck_close_pct": [0.001, 0.1],
                         "long_unstuck_ema_dist": [-0.1, 0.01],
                         "long_unstuck_loss_allowance_pct": [0, 0.05],
                         "long_unstuck_threshold": [0.4, 0.95],
                         "short_close_grid_markup_range": [0, 0.03],
                         "short_close_grid_min_markup": [0.001, 0.03],
                         "short_close_grid_qty_pct": [0.05, 1],
                         "short_close_trailing_grid_ratio": [-1, 1],
                         "short_close_trailing_qty_pct": [0.05, 1],
                         "short_close_trailing_retracement_pct": [0, 0.1],
                         "short_close_trailing_threshold_pct": [-0.1, 0.1],
                         "short_ema_span_0": [200, 1440],
                         "short_ema_span_1": [200, 1440],
                         "short_entry_grid_double_down_factor": [0.1, 3],
                         "short_entry_grid_spacing_pct": [0.001, 0.12],
                         "short_entry_grid_spacing_weight": [0, 10],
                         "short_entry_initial_ema_dist": [-0.1, 0.003],
                         "short_entry_initial_qty_pct": [0.005, 0.1],
                         "short_entry_trailing_grid_ratio": [-1, 1],
                         "short_entry_trailing_retracement_pct": [0, 0.1],
                         "short_entry_trailing_threshold_pct": [-0.1, 0.1],
                         "short_filter_relative_volume_clip_pct": [0, 1],
                         "short_filter_rolling_window": [10, 1440],
                         "short_n_positions": [1, 1],
                         "short_total_wallet_exposure_limit": [1, 1],
                         "short_unstuck_close_pct": [0.001, 0.1],
                         "short_unstuck_ema_dist": [-0.1, 0.01],
                         "short_unstuck_loss_allowance_pct": [0, 0.05],