{"analysis": {"adg": 0.002945455694551177,
              "drawdown_worst": 0.15454589323043302,
              "equity_balance_diff_max": 0.15709287575877315,
              "equity_balance_diff_mean": 0.009494720571982404,
              "loss_profit_ratio": 0.10056624176186539,
              "mdg": 0.0023870509272750813,
              "n_iters": 9475,
              "sharpe_ratio": 0.293308995614829,
              "w_0": -0.0023870509272750813,
              "w_1": -0.293308995614829},
 "backtest": {"base_dir": "backtests",
              "end_date": "now",
              "exchange": "binance",
              "start_date": "2021-05-01",
              "starting_balance": 100000,
              "symbols": ["TONUSDT"]},
 "bot": {"long": {"close_grid_markup_range": 0.007428755875506218,
                  "close_grid_min_markup": 0.00518906489542832,
                  "close_grid_qty_pct": 0.961332375918845,
                  "close_trailing_grid_ratio": -0.13908322935412906,
                  "close_trailing_qty_pct": 0.1748141151840334,
                  "close_trailing_retracement_pct": 0.16756792812131077,
                  "close_trailing_threshold_pct": 0.03171818712248135,
                  "ema_span_0": 317.50922083817267,
                  "ema_span_1": 553.8870312342592,
                  "entry_grid_double_down_factor": 1.8019752301596483,
                  "entry_grid_spacing_pct": 0.04209013735326954,
                  "entry_grid_spacing_weight": 4.690160510225376,
                  "entry_initial_ema_dist": -0.03046477333285986,
                  "entry_initial_qty_pct": 0.033489296222061225,
                  "entry_trailing_grid_ratio": -0.7179502733533142,
                  "entry_trailing_retracement_pct": 0.027768435812637916,
                  "entry_trailing_threshold_pct": 0.06719870583962903,
                  "filter_relative_volume_clip_pct": 0.028224107687518984,
                  "filter_rolling_window": 952.2326532621257,
                  "n_positions": 1,
                  "total_wallet_exposure_limit": 2.5,
                  "unstuck_close_pct": 0.06334697776940383,
                  "unstuck_ema_dist": -0.00581372364395203,
                  "unstuck_loss_allowance_pct": 0.04309567650477175,
                  "unstuck_threshold": 0.8514688882563947},
         "short": {"close_grid_markup_range": 0.017416161918671593,
                   "close_grid_min_markup": 0.0060725790520755355,
                   "close_grid_qty_pct": 0.44731922946889735,
                   "close_trailing_grid_ratio": 0.3570610816361588,
                   "close_trailing_qty_pct": 0.152532937545583,
                   "close_trailing_retracement_pct": 0.014173802684140032,
                   "close_trailing_threshold_pct": -0.05548891492010341,
                   "ema_span_0": 528.9989628994297,
                   "ema_span_1": 1091.9955686731766,
                   "entry_grid_double_down_factor": 1.7810118838897222,
                   "entry_grid_spacing_pct": 0.056569005770389244,
                   "entry_grid_spacing_weight": 8.548764217499793,
                   "entry_initial_ema_dist": -0.015337409014954412,
                   "entry_initial_qty_pct": 0.006743712870761639,
                   "entry_trailing_grid_ratio": 0.38407519866646445,
                   "entry_trailing_retracement_pct": 0.07979732562384859,
                   "entry_trailing_threshold_pct": -0.06681067898145723,
                   "filter_relative_volume_clip_pct": 0.6573782533410952,
                   "filter_rolling_window": 1291.298145218092,
                   "n_positions": 1,
                   "total_wallet_exposure_limit": 1,
                   "unstuck_close_pct": 0.049448402368328384,
                   "unstuck_ema_dist": -0.07792818166781142,
                   "unstuck_loss_allowance_pct": 0.0034148753099555763,
                   "unstuck_threshold": 0.6896509903141094}},
 "live": {"approved_coins": ["TONUSDT"],
          "auto_gs": true,
          "coin_flags": {},
          "execution_delay_seconds": 2,
          "filter_by_min_effective_cost": true,
          "forced_mode_long": "",
          "forced_mode_short": "",
          "ignored_coins": [],
          "leverage": 10,
          "max_n_cancellations_per_batch": 5,
          "max_n_creations_per_batch": 3,
          "minimum_coin_age_days": 30,
          "ohlcv_rolling_window": 60,
          "pnls_max_lookback_days": 30,
          "price_distance_threshold": 0.002,
          "relative_volume_filter_clip_pct": 0.5,
          "time_in_force": "good_till_cancelled",
          "user": "hyperliquid_v7"},
 "optimize": {"bounds": {"long_close_grid_markup_range": [0, 0.06],
                         "long_close_grid_min_markup": [0.001, 0.06],
                         "long_close_grid_qty_pct": [0.05, 1],
                         "long_close_trailing_grid_ratio": [-1, 1],
                         "long_close_trailing_qty_pct": [0.05, 1],
                         "long_close_trailing_retracement_pct": [0, 0.3],
                         "long_close_trailing_threshold_pct": [-0.1, 0.1],
                         "long_ema_span_0": [200, 1440],
                         "long_ema_span_1": [200, 1440],
                         "long_entry_grid_double_down_factor": [0.1, 3],
                         "long_entry_grid_spacing_pct": [0.001, 0.12],
                         "long_entry_grid_spacing_weight": [0, 10],
                         "long_entry_initial_ema_dist": [-0.1, 0.003],
                         "long_entry_initial_qty_pct": [0.005, 0.1],
                         "long_entry_trailing_grid_ratio": [-1, 1],
                         "long_entry_trailing_retracement_pct": [0, 0.1],
                         "long_entry_trailing_threshold_pct": [-0.1, 0.1],
                         "long_filter_relative_volume_clip_pct": [0, 1],
                         "long_filter_rolling_window": [10, 1440],
                         "long_n_positions": [1, 1],
                         "long_total_wallet_exposure_limit": [2.5, 2.5],
                         "long_unstuck_close_pct": [0.001, 0.1],
                         "long_unstuck_ema_dist": [-0.1, 0.01],
                         "long_unstuck_loss_allowance_pct": [0, 0.05],
                         "long_unstuck_threshold": [0.4, 0.95],
                         "short_close_grid_markup_range": [0, 0.03],
                         "short_close_grid_min_markup": [0.001, 0.03],
                         "short_close_grid_qty_pct": [0.05, 1],
                         "short_close_trailing_grid_ratio": [-1, 1],
                         "short_close_trailing_qty_pct": [0.05, 1],
                         "short_close_trailing_retracement_pct": [0, 0.1],
                         "short_close_trailing_threshold_pct": [-0.1, 0.1],
                         "short_ema_span_0": [200, 1440],
                         "short_ema_span_1": [200, 1440],
                         "short_entry_grid_double_down_factor": [0.1, 3],
                         "short_entry_grid_spacing_pct": [0.001, 0.12],
                         "short_entry_grid_spacing_weight": [0, 10],
                         "short_entry_initial_ema_dist": [-0.1, 0.003],
                         "short_entry_initial_qty_pct": [0.005, 0.1],
                         "short_entry_trailing_grid_ratio": [-1, 1],
                         "short_entry_trailing_retracement_pct": [0, 0.1],
                         "short_entry_trailing_threshold_pct": [-0.1, 0.1],
                         "short_filter_relative_volume_clip_pct": [0, 1],
                         "short_filter_rolling_window": [10, 1440],
                         "short_n_positions": [1, 1],
                         "short_total_wallet_exposure_limit": [1, 1],
                         "short_unstuck_close_pct": [0.001, 0.1],
                         "short_unstuck_ema_dist": [-0.1, 0.01],
                         "short_unstuck_loss_allowance_pct": [0, 0.05],