{"analysis": {"adg": 0.0004834743656665819,
              "drawdown_worst": 0.1344919350831488,
              "equity_balance_diff_max": 0.13809614573748175,
              "equity_balance_diff_mean": 0.004387250683854956,
              "loss_profit_ratio": 0.35977158060166087,
              "mdg": 0.00021195577604515243,
              "n_iters": 9451,
              "sharpe_ratio": 0.12696496249090525,
              "w_0": -0.00021195577604515243,
              "w_1": -0.12696496249090525},
 "backtest": {"base_dir": "backtests",
              "end_date": "now",
              "exchange": "binance",
              "start_date": "2021-05-01",
              "starting_balance": 100000,
              "symbols": ["TRBUSDT"]},
 "bot": {"long": {"close_grid_markup_range": 0.05095073915248062,
                  "close_grid_min_markup": 0.009315408617181175,
                  "close_grid_qty_pct": 0.793457944413303,
                  "close_trailing_grid_ratio": 0.10491619704874089,
                  "close_trailing_qty_pct": 0.5740387149977112,
                  "close_trailing_retracement_pct": 0.11468302321800737,
                  "close_trailing_threshold_pct": -0.06800378889580336,
                  "ema_span_0": 596.3413806579117,
                  "ema_span_1": 1341.9960224236931,
                  "entry_grid_double_down_factor": 0.5331891436882437,
                  "entry_grid_spacing_pct": 0.08508026936741303,
                  "entry_grid_spacing_weight": 2.4438505838229494,
                  "entry_initial_ema_dist": -0.05830067320091799,
                  "entry_initial_qty_pct": 0.02602384888849389,
                  "entry_trailing_grid_ratio": 0.7133988377744656,
                  "entry_trailing_retracement_pct": 0.04576724549409855,
                  "entry_trailing_threshold_pct": 0.06700938353199812,
                  "filter_relative_volume_clip_pct": 0.6735506618659202,
                  "filter_rolling_window": 816.983068938632,
                  "n_positions": 1,
                  "total_wallet_exposure_limit": 2.5,
                  "unstuck_close_pct": 0.02011080440565546,
                  "unstuck_ema_dist": -0.0400513791546031,
                  "unstuck_loss_allowance_pct": 0.007438502676274278,
                  "unstuck_threshold": 0.44498066430772276},
         "short": {"close_grid_markup_range": 0.01039337149208017,
                   "close_grid_min_markup": 0.0023671033820665145,
                   "close_grid_qty_pct": 0.9368913264187982,
                   "close_trailing_grid_ratio": -0.8431758668654192,
                   "close_trailing_qty_pct": 0.20813967449594414,
                   "close_trailing_retracement_pct": 0.033822112774756975,
                   "close_trailing_threshold_pct": -0.07021849453219234,
                   "ema_span_0": 600.2096564807002,
                   "ema_span_1": 1078.210642645274,
                   "entry_grid_double_down_factor": 1.5508790151600729,
                   "entry_grid_spacing_pct": 0.11377190091930314,
                   "entry_grid_spacing_weight": 6.626980842063019,
                   "entry_initial_ema_dist": -0.0048214077264411015,
                   "entry_initial_qty_pct": 0.007721665634791385,
                   "entry_trailing_grid_ratio": -0.12358791151990037,
                   "entry_trailing_retracement_pct": 0.014906963935746656,
                   "entry_trailing_threshold_pct": 0.06819111524137968,
                   "filter_relative_volume_clip_pct": 0.24068353410093243,
                   "filter_rolling_window": 582.5602891391596,
                   "n_positions": 1,
                   "total_wallet_exposure_limit": 1,
                   "unstuck_close_pct": 0.06699259509152512,
                   "unstuck_ema_dist": 0.007924048688771737,
                   "unstuck_loss_allowance_pct": 0.001790935026684402,
                   "unstuck_threshold": 0.9163560130387868}},
 "live": {"approved_coins": ["TRBUSDT"],
          "auto_gs": true,
          "coin_flags": {},
          "execution_delay_seconds": 2,
          "filter_by_min_effective_cost": true,
          "forced_mode_long": "",
          "forced_mode_short": "",
          "ignored_coins": [],
          "leverage": 10,
          "max_n_cancellations_per_batch": 5,
          "max_n_creations_per_batch": 3,
          "minimum_coin_age_days": 30,
          "ohlcv_rolling_window": 60,
          "pnls_max_lookback_days": 30,
          "price_distance_threshold": 0.002,
          "relative_volume_filter_clip_pct": 0.5,
          "time_in_force": "good_till_cancelled",
          "user": "hyperliquid_v7"},
 "optimize": {"bounds": {"long_close_grid_markup_range": [0, 0.06],
                         "long_close_grid_min_markup": [0.001, 0.06],
                         "long_close_grid_qty_pct": [0.05, 1],
                         "long_close_trailing_grid_ratio": [-1, 1],
                         "long_close_trailing_qty_pct": [0.05, 1],
                         "long_close_trailing_retracement_pct": [0, 0.3],
                         "long_close_trailing_threshold_pct": [-0.1, 0.1],
                         "long_ema_span_0": [200, 1440],
                         "long_ema_span_1": [200, 1440],
                         "long_entry_grid_double_down_factor": [0.1, 3],
                         "long_entry_grid_spacing_pct": [0.001, 0.12],
                         "long_entry_grid_spacing_weight": [0, 10],
                         "long_entry_initial_ema_dist": [-0.1, 0.003],
                         "long_entry_initial_qty_pct": [0.005, 0.1],
                         "long_entry_trailing_grid_ratio": [-1, 1],
                         "long_entry_trailing_retracement_pct": [0, 0.1],
                         "long_entry_trailing_threshold_pct": [-0.1, 0.1],
                         "long_filter_relative_volume_clip_pct": [0, 1],
                         "long_filter_rolling_window": [10, 1440],
                         "long_n_positions": [1, 1],
                         "long_total_wallet_exposure_limit": [2.5, 2.5],
                         "long_unstuck_close_pct": [0.001, 0.1],
                         "long_unstuck_ema_dist": [-0.1, 0.01],
                         "long_unstuck_loss_allowance_pct": [0, 0.05],
                         "long_unstuck_threshold": [0.4, 0.95],
                         "short_close_grid_markup_range": [0, 0.03],
                         "short_close_grid_min_markup": [0.001, 0.03],
                         "short_close_grid_qty_pct": [0.05, 1],
                         "short_close_trailing_grid_ratio": [-1, 1],
                         "short_close_trailing_qty_pct": [0.05, 1],
                         "short_close_trailing_retracement_pct": [0, 0.1],
                         "short_close_trailing_threshold_pct": [-0.1, 0.1],
                         "short_ema_span_0": [200, 1440],
                         "short_ema_span_1": [200, 1440],
                         "short_entry_grid_double_down_factor": [0.1, 3],
                         "short_entry_grid_spacing_pct": [0.001, 0.12],
                         "short_entry_grid_spacing_weight": [0, 10],
                         "short_entry_initial_ema_dist": [-0.1, 0.003],
                         "short_entry_initial_qty_pct": [0.005, 0.1],
                         "short_entry_trailing_grid_ratio": [-1, 1],
                         "short_entry_trailing_retracement_pct": [0, 0.1],
                         "short_entry_trailing_threshold_pct": [-0.1, 0.1],
                         "short_filter_relative_volume_clip_pct": [0, 1],
                         "short_filter_rolling_window": [10, 1440],
                         "short_n_positions": [1, 1],
                         "short_total_wallet_exposure_limit": [1, 1],
                         "short_unstuck_close_pct": [0.001, 0.1],
                         "short_unstuck_ema_dist": [-0.1, 0.01],
                         "short_unstuck_loss_allowance_pct": [0, 0.05],