{
    "analysis": {
        "adg": 0.0004834743656665819,
        "drawdown_worst": 0.1344919350831488,
        "equity_balance_diff_max": 0.13809614573748175,
        "equity_balance_diff_mean": 0.004387250683854956,
        "loss_profit_ratio": 0.35977158060166087,
        "mdg": 0.00021195577604515243,
        "n_iters": 9451,
        "sharpe_ratio": 0.12696496249090525,
        "w_0": -0.00021195577604515243,
        "w_1": -0.12696496249090525
    },
    "backtest": {
        "base_dir": "backtests",
        "end_date": "now",
        "exchange": "binance",
        "start_date": "2021-05-01",
        "starting_balance": 100000,
        "symbols": [
            "TRBUSDT"
        ]
    },
    "bot": {
        "long": {
            "close_grid_markup_range": 0.04839222645370144,
            "close_grid_min_markup": 0.015569495888009925,
            "close_grid_qty_pct": 0.3925464715220821,
            "close_trailing_grid_ratio": 0.10431721456115121,
            "close_trailing_qty_pct": 0.7412340299403111,
            "close_trailing_retracement_pct": 0.14310442384690683,
            "close_trailing_threshold_pct": 0.023747402787148698,
            "ema_span_0": 1030.8075723332518,
            "ema_span_1": 486.08929463334937,
            "entry_grid_double_down_factor": 0.8987513942432436,
            "entry_grid_spacing_pct": 0.08178051857642847,
            "entry_grid_spacing_weight": 4.494333730741613,
            "entry_initial_ema_dist": -0.0071989872183049475,
            "entry_initial_qty_pct": 0.05627101922087081,
            "entry_trailing_grid_ratio": -0.12853488488097617,
            "entry_trailing_retracement_pct": 0.0669908965631001,
            "entry_trailing_threshold_pct": 0.05421225572660073,
            "n_positions": 10.123865009261547,
            "total_wallet_exposure_limit": 3.9116070831414342,
            "unstuck_close_pct": 0.09440779007441553,
            "unstuck_ema_dist": -0.05007369151153148,
            "unstuck_loss_allowance_pct": 0.04627479220924315,
            "unstuck_threshold": 0.4841421186800212
        },
        "short": {
            "close_grid_markup_range": 0.001825610522340506,
            "close_grid_min_markup": 0.018574582436131304,
            "close_grid_qty_pct": 0.4652068320727042,
            "close_trailing_grid_ratio": -0.008069074319196214,
            "close_trailing_qty_pct": 0.8687859018506532,
            "close_trailing_retracement_pct": 0.0007578062379388923,
            "close_trailing_threshold_pct": 0.021994948611107006,
            "ema_span_0": 1153.1409806393426,
            "ema_span_1": 1170.273878978203,
            "entry_grid_double_down_factor": 1.5830246290722154,
            "entry_grid_spacing_pct": 0.04800928016134821,
            "entry_grid_spacing_weight": 3.240499047866043,
            "entry_initial_ema_dist": -0.008285523485118684,
            "entry_initial_qty_pct": 0.06244365453677153,
            "entry_trailing_grid_ratio": -0.5819693239437478,
            "entry_trailing_retracement_pct": 0.013385488523457206,
            "entry_trailing_threshold_pct": 0.07523466474853724,
            "n_positions": 0,
            "total_wallet_exposure_limit": 0.5292194343077592,
            "unstuck_close_pct": 0.005280912038168528,
            "unstuck_ema_dist": -0.027020421064087995,
            "unstuck_loss_allowance_pct": 0.029826717608459206,
            "unstuck_threshold": 0.8270103282066197
        }
    },
    "live": {
        "approved_coins": [
            "TRBUSDT"
        ],
        "auto_gs": true,
        "coin_flags": {},
        "execution_delay_seconds": 2,
        "filter_by_min_effective_cost": true,
        "forced_mode_long": "",
        "forced_mode_short": "",
        "ignored_coins": [
            "COIN1",
            "COIN2"
        ],
        "leverage": 10,
        "max_n_cancellations_per_batch": 5,
        "max_n_creations_per_batch": 3,
        "minimum_coin_age_days": 30,
        "ohlcv_rolling_window": 60,
        "pnls_max_lookback_days": 30,
        "price_distance_threshold": 0.002,
        "relative_volume_filter_clip_pct": 0.5,
        "time_in_force": "good_till_cancelled",
        "user": "hyperliquid_v7"
    },
    "optimize": {
        "bounds": {
            "long_close_grid_markup_range": [
                0,
                0.06
            ],
            "long_close_grid_min_markup": [
                0.001,
                0.06
            ],
            "long_close_grid_qty_pct": [
                0.05,
                1
            ],
            "long_close_trailing_grid_ratio": [
                -1,
                1
            ],
            "long_close_trailing_qty_pct": [
                0.05,
                1
            ],
            "long_close_trailing_retracement_pct": [
                0,
                0.3
            ],
            "long_close_trailing_threshold_pct": [
                -0.1,
                0.1
            ],
            "long_ema_span_0": [
                200,
                1440
            ],
            "long_ema_span_1": [
                200,
                1440
            ],
            "long_entry_grid_double_down_factor": [
                0.1,
                3
            ],
            "long_entry_grid_spacing_pct": [
                0.001,
                0.12
            ],
            "long_entry_grid_spacing_weight": [
                0,
                10
            ],
            "long_entry_initial_ema_dist": [
                -0.1,
                0.003
            ],
            "long_entry_initial_qty_pct": [
                0.005,
                0.1
            ],
            "long_entry_trailing_grid_ratio": [
                -1,
                1
            ],
            "long_entry_trailing_retracement_pct": [
                0,
                0.1
            ],
            "long_entry_trailing_threshold_pct": [
                -0.1,
                0.1
            ],
            "long_n_positions": [
                1,
                20
            ],
            "long_total_wallet_exposure_limit": [
                2,
                4
            ],
            "long_unstuck_close_pct": [
                0.001,
                0.1
            ],
            "long_unstuck_ema_dist": [
                -0.1,
                0.01
            ],
            "long_unstuck_loss_allowance_pct": [
                0,
                0.05
            ],
            "long_unstuck_threshold": [
                0.4,
                0.95
            ],
            "short_close_grid_markup_range": [
                0,
                0.03
            ],
            "short_close_grid_min_markup": [
                0.001,
                0.03
            ],
            "short_close_grid_qty_pct": [
                0.05,
                1
            ],
            "short_close_trailing_grid_ratio": [
                -1,
                1
            ],
            "short_close_trailing_qty_pct": [
                0.05,
                1
            ],
            "short_close_trailing_retracement_pct": [
                0,
                0.1
            ],
            "short_close_trailing_threshold_pct": [
                -0.1,
                0.1
            ],
            "short_ema_span_0": [
                200,
                1440
            ],
            "short_ema_span_1": [
                200,
                1440
            ],
            "short_entry_grid_double_down_factor": [
                0.1,
                3
            ],
            "short_entry_grid_spacing_pct": [
                0.001,
                0.12
            ],
            "short_entry_grid_spacing_weight": [
                0,
                10
            ],
            "short_entry_initial_ema_dist": [
                -0.1,
                0.003
            ],
            "short_entry_initial_qty_pct": [
                0.005,
                0.1
            ],