{"analysis": {"adg": 0.00197207110958689,
              "drawdown_worst": 0.12358293160846953,
              "equity_balance_diff_max": 0.12267795478872308,
              "equity_balance_diff_mean": 0.005090746762439378,
              "loss_profit_ratio": 0.4433506403213065,
              "mdg": 0.0016120226631826785,
              "n_iters": 9464,
              "sharpe_ratio": 0.21880796333718736,
              "w_0": -0.0016120226631826785,
              "w_1": -0.21880796333718736},
 "backtest": {"base_dir": "backtests",
              "end_date": "now",
              "exchange": "binance",
              "start_date": "2021-05-01",
              "starting_balance": 100000,
              "symbols": ["TURBOUSDT"]},
 "bot": {"long": {"close_grid_markup_range": 0.03139079675855675,
                  "close_grid_min_markup": 0.03356076014743166,
                  "close_grid_qty_pct": 0.12012892265640247,
                  "close_trailing_grid_ratio": -0.19300930319650567,
                  "close_trailing_qty_pct": 0.3134744084494543,
                  "close_trailing_retracement_pct": 0.011168365587870516,
                  "close_trailing_threshold_pct": 0.039013862771234004,
                  "ema_span_0": 1358.2721468420332,
                  "ema_span_1": 674.3587996258541,
                  "entry_grid_double_down_factor": 1.3642657914774075,
                  "entry_grid_spacing_pct": 0.07914114130126604,
                  "entry_grid_spacing_weight": 9.006869987748296,
                  "entry_initial_ema_dist": -0.015392193172470606,
                  "entry_initial_qty_pct": 0.024023488231198348,
                  "entry_trailing_grid_ratio": -0.2922413486343624,
                  "entry_trailing_retracement_pct": 0.0873695335946559,
                  "entry_trailing_threshold_pct": 0.054676361088176056,
                  "filter_relative_volume_clip_pct": 0.5833394615981929,
                  "filter_rolling_window": 559.3751685252773,
                  "n_positions": 1,
                  "total_wallet_exposure_limit": 2.5,
                  "unstuck_close_pct": 0.056765139006929116,
                  "unstuck_ema_dist": -0.09256114791871475,
                  "unstuck_loss_allowance_pct": 0.03902729322912704,
                  "unstuck_threshold": 0.7659564118455211},
         "short": {"close_grid_markup_range": 0.009553017680417001,
                   "close_grid_min_markup": 0.012637417186443891,
                   "close_grid_qty_pct": 0.7068210487959382,
                   "close_trailing_grid_ratio": 0.2238420575597444,
                   "close_trailing_qty_pct": 0.6930748517563912,
                   "close_trailing_retracement_pct": 0.08968932904498489,
                   "close_trailing_threshold_pct": -0.028114492918516962,
                   "ema_span_0": 480.75488360813995,
                   "ema_span_1": 989.7977446466529,
                   "entry_grid_double_down_factor": 2.945784679868016,
                   "entry_grid_spacing_pct": 0.06567187804702582,
                   "entry_grid_spacing_weight": 7.174892895434347,
                   "entry_initial_ema_dist": -0.0210846957291418,
                   "entry_initial_qty_pct": 0.023692773871319846,
                   "entry_trailing_grid_ratio": -0.2542976687957393,
                   "entry_trailing_retracement_pct": 0.0028928740222313315,
                   "entry_trailing_threshold_pct": -0.03144511291976021,
                   "filter_relative_volume_clip_pct": 0.9894036075619155,
                   "filter_rolling_window": 159.56469399880285,
                   "n_positions": 1,
                   "total_wallet_exposure_limit": 1,
                   "unstuck_close_pct": 0.004088318223441452,
                   "unstuck_ema_dist": -0.03928561295555521,
                   "unstuck_loss_allowance_pct": 0.0028891682076389747,
                   "unstuck_threshold": 0.723644259448449}},
 "live": {"approved_coins": ["TURBOUSDT"],
          "auto_gs": true,
          "coin_flags": {},
          "execution_delay_seconds": 2,
          "filter_by_min_effective_cost": true,
          "forced_mode_long": "",
          "forced_mode_short": "",
          "ignored_coins": [],
          "leverage": 10,
          "max_n_cancellations_per_batch": 5,
          "max_n_creations_per_batch": 3,
          "minimum_coin_age_days": 30,
          "ohlcv_rolling_window": 60,
          "pnls_max_lookback_days": 30,
          "price_distance_threshold": 0.002,
          "relative_volume_filter_clip_pct": 0.5,
          "time_in_force": "good_till_cancelled",
          "user": "hyperliquid_v7"},
 "optimize": {"bounds": {"long_close_grid_markup_range": [0, 0.06],
                         "long_close_grid_min_markup": [0.001, 0.06],
                         "long_close_grid_qty_pct": [0.05, 1],
                         "long_close_trailing_grid_ratio": [-1, 1],
                         "long_close_trailing_qty_pct": [0.05, 1],
                         "long_close_trailing_retracement_pct": [0, 0.3],
                         "long_close_trailing_threshold_pct": [-0.1, 0.1],
                         "long_ema_span_0": [200, 1440],
                         "long_ema_span_1": [200, 1440],
                         "long_entry_grid_double_down_factor": [0.1, 3],
                         "long_entry_grid_spacing_pct": [0.001, 0.12],
                         "long_entry_grid_spacing_weight": [0, 10],
                         "long_entry_initial_ema_dist": [-0.1, 0.003],
                         "long_entry_initial_qty_pct": [0.005, 0.1],
                         "long_entry_trailing_grid_ratio": [-1, 1],
                         "long_entry_trailing_retracement_pct": [0, 0.1],
                         "long_entry_trailing_threshold_pct": [-0.1, 0.1],
                         "long_filter_relative_volume_clip_pct": [0, 1],
                         "long_filter_rolling_window": [10, 1440],
                         "long_n_positions": [1, 1],
                         "long_total_wallet_exposure_limit": [2.5, 2.5],
                         "long_unstuck_close_pct": [0.001, 0.1],
                         "long_unstuck_ema_dist": [-0.1, 0.01],
                         "long_unstuck_loss_allowance_pct": [0, 0.05],
                         "long_unstuck_threshold": [0.4, 0.95],
                         "short_close_grid_markup_range": [0, 0.03],
                         "short_close_grid_min_markup": [0.001, 0.03],
                         "short_close_grid_qty_pct": [0.05, 1],
                         "short_close_trailing_grid_ratio": [-1, 1],
                         "short_close_trailing_qty_pct": [0.05, 1],
                         "short_close_trailing_retracement_pct": [0, 0.1],
                         "short_close_trailing_threshold_pct": [-0.1, 0.1],
                         "short_ema_span_0": [200, 1440],
                         "short_ema_span_1": [200, 1440],
                         "short_entry_grid_double_down_factor": [0.1, 3],
                         "short_entry_grid_spacing_pct": [0.001, 0.12],
                         "short_entry_grid_spacing_weight": [0, 10],
                         "short_entry_initial_ema_dist": [-0.1, 0.003],
                         "short_entry_initial_qty_pct": [0.005, 0.1],
                         "short_entry_trailing_grid_ratio": [-1, 1],
                         "short_entry_trailing_retracement_pct": [0, 0.1],
                         "short_entry_trailing_threshold_pct": [-0.1, 0.1],
                         "short_filter_relative_volume_clip_pct": [0, 1],
                         "short_filter_rolling_window": [10, 1440],
                         "short_n_positions": [1, 1],
                         "short_total_wallet_exposure_limit": [1, 1],
                         "short_unstuck_close_pct": [0.001, 0.1],
                         "short_unstuck_ema_dist": [-0.1, 0.01],
                         "short_unstuck_loss_allowance_pct": [0, 0.05],