{
    "analysis": {
        "adg": 0.0005300956313567322,
        "drawdown_worst": 0.23857110799764938,
        "equity_balance_diff_max": 0.271488087030209,
        "equity_balance_diff_mean": 0.0035947751261665795,
        "loss_profit_ratio": 0.4909694769487478,
        "mdg": 0.000189431240709772,
        "n_iters": 9506,
        "sharpe_ratio": 0.11413689207805415,
        "w_0": -0.000189431240709772,
        "w_1": -0.11413689207805415
    },
    "backtest": {
        "base_dir": "backtests",
        "end_date": "now",
        "exchange": "binance",
        "start_date": "2021-05-01",
        "starting_balance": 100000,
        "symbols": [
            "UNIUSDT"
        ]
    },
    "bot": {
        "long": {
            "close_grid_markup_range": 0.02425863325439439,
            "close_grid_min_markup": 0.006009801897870468,
            "close_grid_qty_pct": 0.6806269547277021,
            "close_trailing_grid_ratio": -0.10595282391899735,
            "close_trailing_qty_pct": 0.7447571122984168,
            "close_trailing_retracement_pct": 0.08892195475326145,
            "close_trailing_threshold_pct": 0.05902843572930668,
            "ema_span_0": 457.4046243309167,
            "ema_span_1": 1052.5722554113072,
            "entry_grid_double_down_factor": 0.47771878584434135,
            "entry_grid_spacing_pct": 0.07681751563105546,
            "entry_grid_spacing_weight": 0.7234599693926183,
            "entry_initial_ema_dist": -0.04779648592104427,
            "entry_initial_qty_pct": 0.048710219986538385,
            "entry_trailing_grid_ratio": -0.7560239467530848,
            "entry_trailing_retracement_pct": 0.009734162741045167,
            "entry_trailing_threshold_pct": 0.007395762013384682,
            "n_positions": 4.533358823791802,
            "total_wallet_exposure_limit": 2.5270720004913234,
            "unstuck_close_pct": 0.09185832026066157,
            "unstuck_ema_dist": -0.033304990608894885,
            "unstuck_loss_allowance_pct": 0.03794827581485265,
            "unstuck_threshold": 0.5045279222799517
        },
        "short": {
            "close_grid_markup_range": 0.0024771842656550647,
            "close_grid_min_markup": 0.025467563744613814,
            "close_grid_qty_pct": 0.5330649348258163,
            "close_trailing_grid_ratio": 0.0910784404349139,
            "close_trailing_qty_pct": 0.8386413644339383,
            "close_trailing_retracement_pct": 0.006103801522400032,
            "close_trailing_threshold_pct": 0.01950877620658009,
            "ema_span_0": 445.2296965350343,
            "ema_span_1": 1067.4955679456523,
            "entry_grid_double_down_factor": 1.8743122674462218,
            "entry_grid_spacing_pct": 0.04003617938782417,
            "entry_grid_spacing_weight": 5.2097699515230325,
            "entry_initial_ema_dist": -0.06221399461910074,
            "entry_initial_qty_pct": 0.02777945420007956,
            "entry_trailing_grid_ratio": -0.07959978337549645,
            "entry_trailing_retracement_pct": 0.040095857972356125,
            "entry_trailing_threshold_pct": 0.07716160783541223,
            "n_positions": 0,
            "total_wallet_exposure_limit": 0.7609466402344153,
            "unstuck_close_pct": 0.08008633882015789,
            "unstuck_ema_dist": -0.08404116657114472,
            "unstuck_loss_allowance_pct": 0.04619571840170769,
            "unstuck_threshold": 0.8908494355532348
        }
    },
    "live": {
        "approved_coins": [
            "UNIUSDT"
        ],
        "auto_gs": true,
        "coin_flags": {},
        "execution_delay_seconds": 2,
        "filter_by_min_effective_cost": true,
        "forced_mode_long": "",
        "forced_mode_short": "",
        "ignored_coins": [
            "COIN1",
            "COIN2"
        ],
        "leverage": 10,
        "max_n_cancellations_per_batch": 5,
        "max_n_creations_per_batch": 3,
        "minimum_coin_age_days": 30,
        "ohlcv_rolling_window": 60,
        "pnls_max_lookback_days": 30,
        "price_distance_threshold": 0.002,
        "relative_volume_filter_clip_pct": 0.5,
        "time_in_force": "good_till_cancelled",
        "user": "hyperliquid_v7"
    },
    "optimize": {
        "bounds": {
            "long_close_grid_markup_range": [
                0,
                0.06
            ],
            "long_close_grid_min_markup": [
                0.001,
                0.06
            ],
            "long_close_grid_qty_pct": [
                0.05,
                1
            ],
            "long_close_trailing_grid_ratio": [
                -1,
                1
            ],
            "long_close_trailing_qty_pct": [
                0.05,
                1
            ],
            "long_close_trailing_retracement_pct": [
                0,
                0.3
            ],
            "long_close_trailing_threshold_pct": [
                -0.1,
                0.1
            ],
            "long_ema_span_0": [
                200,
                1440
            ],
            "long_ema_span_1": [
                200,
                1440
            ],
            "long_entry_grid_double_down_factor": [
                0.1,
                3
            ],
            "long_entry_grid_spacing_pct": [
                0.001,
                0.12
            ],
            "long_entry_grid_spacing_weight": [
                0,
                10
            ],
            "long_entry_initial_ema_dist": [
                -0.1,
                0.003
            ],
            "long_entry_initial_qty_pct": [
                0.005,
                0.1
            ],
            "long_entry_trailing_grid_ratio": [
                -1,
                1
            ],
            "long_entry_trailing_retracement_pct": [
                0,
                0.1
            ],
            "long_entry_trailing_threshold_pct": [
                -0.1,
                0.1
            ],
            "long_n_positions": [
                1,
                20
            ],
            "long_total_wallet_exposure_limit": [
                2,
                4
            ],
            "long_unstuck_close_pct": [
                0.001,
                0.1
            ],
            "long_unstuck_ema_dist": [
                -0.1,
                0.01
            ],
            "long_unstuck_loss_allowance_pct": [
                0,
                0.05
            ],
            "long_unstuck_threshold": [
                0.4,
                0.95
            ],
            "short_close_grid_markup_range": [
                0,
                0.03
            ],
            "short_close_grid_min_markup": [
                0.001,
                0.03
            ],
            "short_close_grid_qty_pct": [
                0.05,
                1
            ],
            "short_close_trailing_grid_ratio": [
                -1,
                1
            ],
            "short_close_trailing_qty_pct": [
                0.05,
                1
            ],
            "short_close_trailing_retracement_pct": [
                0,
                0.1
            ],
            "short_close_trailing_threshold_pct": [
                -0.1,
                0.1
            ],
            "short_ema_span_0": [
                200,
                1440
            ],
            "short_ema_span_1": [
                200,
                1440
            ],
            "short_entry_grid_double_down_factor": [
                0.1,
                3
            ],
            "short_entry_grid_spacing_pct": [
                0.001,
                0.12
            ],
            "short_entry_grid_spacing_weight": [
                0,
                10
            ],
            "short_entry_initial_ema_dist": [
                -0.1,
                0.003
            ],
            "short_entry_initial_qty_pct": [
                0.005,
                0.1
            ],