{"analysis": {"adg": 0.002784871682078624,
              "drawdown_worst": 0.18332814735001812,
              "equity_balance_diff_max": 0.20259178809050896,
              "equity_balance_diff_mean": 0.0077882776345246044,
              "loss_profit_ratio": 0.43749637922715084,
              "mdg": 0.0025047772682118222,
              "n_iters": 9479,
              "sharpe_ratio": 0.24470518529356897,
              "w_0": -0.0025047772682118222,
              "w_1": -0.24470518529356897},
 "backtest": {"base_dir": "backtests",
              "end_date": "now",
              "exchange": "binance",
              "start_date": "2021-05-01",
              "starting_balance": 100000,
              "symbols": ["USTCUSDT"]},
 "bot": {"long": {"close_grid_markup_range": 0.037456257663997114,
                  "close_grid_min_markup": 0.0024423820341118938,
                  "close_grid_qty_pct": 0.08325792709746808,
                  "close_trailing_grid_ratio": 0.21677265722217312,
                  "close_trailing_qty_pct": 0.9591986904139779,
                  "close_trailing_retracement_pct": 0.022204437730400695,
                  "close_trailing_threshold_pct": 0.003792914579049435,
                  "ema_span_0": 1435.007609922971,
                  "ema_span_1": 1020.1581148794014,
                  "entry_grid_double_down_factor": 0.24889645682585665,
                  "entry_grid_spacing_pct": 0.08680619729809323,
                  "entry_grid_spacing_weight": 8.855547160016986,
                  "entry_initial_ema_dist": -0.0005798503450209248,
                  "entry_initial_qty_pct": 0.06536861603923765,
                  "entry_trailing_grid_ratio": -0.05025464161887791,
                  "entry_trailing_retracement_pct": 0.04647991832917148,
                  "entry_trailing_threshold_pct": -0.07529139426117029,
                  "filter_relative_volume_clip_pct": 0.28158386645358446,
                  "filter_rolling_window": 165.2108162882123,
                  "n_positions": 1,
                  "total_wallet_exposure_limit": 2.5,
                  "unstuck_close_pct": 0.04183056902379387,
                  "unstuck_ema_dist": -0.049434160460308296,
                  "unstuck_loss_allowance_pct": 0.045351928815961694,
                  "unstuck_threshold": 0.5164771759182631},
         "short": {"close_grid_markup_range": 0.011587172952494795,
                   "close_grid_min_markup": 0.0185807950360861,
                   "close_grid_qty_pct": 0.7849290961365423,
                   "close_trailing_grid_ratio": -0.7184264038718053,
                   "close_trailing_qty_pct": 0.8466523280787175,
                   "close_trailing_retracement_pct": 0.03364865079741757,
                   "close_trailing_threshold_pct": 0.00542098460825291,
                   "ema_span_0": 574.1207832474475,
                   "ema_span_1": 546.3422500290651,
                   "entry_grid_double_down_factor": 1.6631692924227832,
                   "entry_grid_spacing_pct": 0.04524598779803396,
                   "entry_grid_spacing_weight": 2.362246340054901,
                   "entry_initial_ema_dist": -0.03475194288004554,
                   "entry_initial_qty_pct": 0.011257477978548527,
                   "entry_trailing_grid_ratio": -0.6498966633800554,
                   "entry_trailing_retracement_pct": 0.06380552693705868,
                   "entry_trailing_threshold_pct": 0.03167813576655136,
                   "filter_relative_volume_clip_pct": 0.9441632221280281,
                   "filter_rolling_window": 762.2861258685139,
                   "n_positions": 1,
                   "total_wallet_exposure_limit": 1,
                   "unstuck_close_pct": 0.04648734155578056,
                   "unstuck_ema_dist": -0.07393458936546748,
                   "unstuck_loss_allowance_pct": 0.047538315311022594,
                   "unstuck_threshold": 0.8895836436261426}},
 "live": {"approved_coins": ["USTCUSDT"],
          "auto_gs": true,
          "coin_flags": {},
          "execution_delay_seconds": 2,
          "filter_by_min_effective_cost": true,
          "forced_mode_long": "",
          "forced_mode_short": "",
          "ignored_coins": [],
          "leverage": 10,
          "max_n_cancellations_per_batch": 5,
          "max_n_creations_per_batch": 3,
          "minimum_coin_age_days": 30,
          "ohlcv_rolling_window": 60,
          "pnls_max_lookback_days": 30,
          "price_distance_threshold": 0.002,
          "relative_volume_filter_clip_pct": 0.5,
          "time_in_force": "good_till_cancelled",
          "user": "hyperliquid_v7"},
 "optimize": {"bounds": {"long_close_grid_markup_range": [0, 0.06],
                         "long_close_grid_min_markup": [0.001, 0.06],
                         "long_close_grid_qty_pct": [0.05, 1],
                         "long_close_trailing_grid_ratio": [-1, 1],
                         "long_close_trailing_qty_pct": [0.05, 1],
                         "long_close_trailing_retracement_pct": [0, 0.3],
                         "long_close_trailing_threshold_pct": [-0.1, 0.1],
                         "long_ema_span_0": [200, 1440],
                         "long_ema_span_1": [200, 1440],
                         "long_entry_grid_double_down_factor": [0.1, 3],
                         "long_entry_grid_spacing_pct": [0.001, 0.12],
                         "long_entry_grid_spacing_weight": [0, 10],
                         "long_entry_initial_ema_dist": [-0.1, 0.003],
                         "long_entry_initial_qty_pct": [0.005, 0.1],
                         "long_entry_trailing_grid_ratio": [-1, 1],
                         "long_entry_trailing_retracement_pct": [0, 0.1],
                         "long_entry_trailing_threshold_pct": [-0.1, 0.1],
                         "long_filter_relative_volume_clip_pct": [0, 1],
                         "long_filter_rolling_window": [10, 1440],
                         "long_n_positions": [1, 1],
                         "long_total_wallet_exposure_limit": [2.5, 2.5],
                         "long_unstuck_close_pct": [0.001, 0.1],
                         "long_unstuck_ema_dist": [-0.1, 0.01],
                         "long_unstuck_loss_allowance_pct": [0, 0.05],
                         "long_unstuck_threshold": [0.4, 0.95],
                         "short_close_grid_markup_range": [0, 0.03],
                         "short_close_grid_min_markup": [0.001, 0.03],
                         "short_close_grid_qty_pct": [0.05, 1],
                         "short_close_trailing_grid_ratio": [-1, 1],
                         "short_close_trailing_qty_pct": [0.05, 1],
                         "short_close_trailing_retracement_pct": [0, 0.1],
                         "short_close_trailing_threshold_pct": [-0.1, 0.1],
                         "short_ema_span_0": [200, 1440],
                         "short_ema_span_1": [200, 1440],
                         "short_entry_grid_double_down_factor": [0.1, 3],
                         "short_entry_grid_spacing_pct": [0.001, 0.12],
                         "short_entry_grid_spacing_weight": [0, 10],
                         "short_entry_initial_ema_dist": [-0.1, 0.003],
                         "short_entry_initial_qty_pct": [0.005, 0.1],
                         "short_entry_trailing_grid_ratio": [-1, 1],
                         "short_entry_trailing_retracement_pct": [0, 0.1],
                         "short_entry_trailing_threshold_pct": [-0.1, 0.1],
                         "short_filter_relative_volume_clip_pct": [0, 1],
                         "short_filter_rolling_window": [10, 1440],
                         "short_n_positions": [1, 1],
                         "short_total_wallet_exposure_limit": [1, 1],
                         "short_unstuck_close_pct": [0.001, 0.1],
                         "short_unstuck_ema_dist": [-0.1, 0.01],
                         "short_unstuck_loss_allowance_pct": [0, 0.05],