{"analysis": {"adg": 0.004083182870633198,
              "drawdown_worst": 0.22902500394795935,
              "equity_balance_diff_max": 0.19576572760722705,
              "equity_balance_diff_mean": 0.007913119958718434,
              "loss_profit_ratio": 0.5812817357622103,
              "mdg": 0.004500693099270318,
              "n_iters": 9471,
              "sharpe_ratio": 0.21719407438543684,
              "w_0": -0.004500693099270318,
              "w_1": -0.21719407438543684},
 "backtest": {"base_dir": "backtests",
              "end_date": "now",
              "exchange": "binance",
              "start_date": "2021-05-01",
              "starting_balance": 100000,
              "symbols": ["WIFUSDT"]},
 "bot": {"long": {"close_grid_markup_range": 0.02518068815535284,
                  "close_grid_min_markup": 0.004847023672491707,
                  "close_grid_qty_pct": 0.40918455607534343,
                  "close_trailing_grid_ratio": -0.3290060947609917,
                  "close_trailing_qty_pct": 0.8687411515893757,
                  "close_trailing_retracement_pct": 0.16630578683533156,
                  "close_trailing_threshold_pct": -0.044896271364519534,
                  "ema_span_0": 997.2695675718619,
                  "ema_span_1": 736.7866009845189,
                  "entry_grid_double_down_factor": 0.4390858324863759,
                  "entry_grid_spacing_pct": 0.08432126792194301,
                  "entry_grid_spacing_weight": 5.473375350154312,
                  "entry_initial_ema_dist": -0.09330230410680226,
                  "entry_initial_qty_pct": 0.01375656478558133,
                  "entry_trailing_grid_ratio": -0.6024794198422809,
                  "entry_trailing_retracement_pct": 0.01129515242585686,
                  "entry_trailing_threshold_pct": -0.044738090019467706,
                  "filter_relative_volume_clip_pct": 0.7586687453926495,
                  "filter_rolling_window": 716.964984541228,
                  "n_positions": 1,
                  "total_wallet_exposure_limit": 2.5,
                  "unstuck_close_pct": 0.03414606710236519,
                  "unstuck_ema_dist": -0.03902381949291921,
                  "unstuck_loss_allowance_pct": 0.01627065672368559,
                  "unstuck_threshold": 0.5853358549391833},
         "short": {"close_grid_markup_range": 0.026669849981505803,
                   "close_grid_min_markup": 0.025835673710332883,
                   "close_grid_qty_pct": 0.6781801492427915,
                   "close_trailing_grid_ratio": 0.42171820778912417,
                   "close_trailing_qty_pct": 0.8409028161537461,
                   "close_trailing_retracement_pct": 0.0774524566997972,
                   "close_trailing_threshold_pct": -0.01923318828080231,
                   "ema_span_0": 303.0322371550176,
                   "ema_span_1": 1395.4718352148495,
                   "entry_grid_double_down_factor": 2.13536908984469,
                   "entry_grid_spacing_pct": 0.08376743223429073,
                   "entry_grid_spacing_weight": 6.0716328696214585,
                   "entry_initial_ema_dist": -0.0037098376438364014,
                   "entry_initial_qty_pct": 0.008830275515755805,
                   "entry_trailing_grid_ratio": 0.1854433594536174,
                   "entry_trailing_retracement_pct": 0.057331301995038234,
                   "entry_trailing_threshold_pct": 0.03603941037280881,
                   "filter_relative_volume_clip_pct": 0.04347691540962201,
                   "filter_rolling_window": 608.498208450852,
                   "n_positions": 1,
                   "total_wallet_exposure_limit": 1,
                   "unstuck_close_pct": 0.0692612168497465,
                   "unstuck_ema_dist": -0.09022655599804663,
                   "unstuck_loss_allowance_pct": 0.009039782349618927,
                   "unstuck_threshold": 0.7394621832356434}},
 "live": {"approved_coins": ["WIFUSDT"],
          "auto_gs": true,
          "coin_flags": {},
          "execution_delay_seconds": 2,
          "filter_by_min_effective_cost": true,
          "forced_mode_long": "",
          "forced_mode_short": "",
          "ignored_coins": [],
          "leverage": 10,
          "max_n_cancellations_per_batch": 5,
          "max_n_creations_per_batch": 3,
          "minimum_coin_age_days": 30,
          "ohlcv_rolling_window": 60,
          "pnls_max_lookback_days": 30,
          "price_distance_threshold": 0.002,
          "relative_volume_filter_clip_pct": 0.5,
          "time_in_force": "good_till_cancelled",
          "user": "hyperliquid_v7"},
 "optimize": {"bounds": {"long_close_grid_markup_range": [0, 0.06],
                         "long_close_grid_min_markup": [0.001, 0.06],
                         "long_close_grid_qty_pct": [0.05, 1],
                         "long_close_trailing_grid_ratio": [-1, 1],
                         "long_close_trailing_qty_pct": [0.05, 1],
                         "long_close_trailing_retracement_pct": [0, 0.3],
                         "long_close_trailing_threshold_pct": [-0.1, 0.1],
                         "long_ema_span_0": [200, 1440],
                         "long_ema_span_1": [200, 1440],
                         "long_entry_grid_double_down_factor": [0.1, 3],
                         "long_entry_grid_spacing_pct": [0.001, 0.12],
                         "long_entry_grid_spacing_weight": [0, 10],
                         "long_entry_initial_ema_dist": [-0.1, 0.003],
                         "long_entry_initial_qty_pct": [0.005, 0.1],
                         "long_entry_trailing_grid_ratio": [-1, 1],
                         "long_entry_trailing_retracement_pct": [0, 0.1],
                         "long_entry_trailing_threshold_pct": [-0.1, 0.1],
                         "long_filter_relative_volume_clip_pct": [0, 1],
                         "long_filter_rolling_window": [10, 1440],
                         "long_n_positions": [1, 1],
                         "long_total_wallet_exposure_limit": [2.5, 2.5],
                         "long_unstuck_close_pct": [0.001, 0.1],
                         "long_unstuck_ema_dist": [-0.1, 0.01],
                         "long_unstuck_loss_allowance_pct": [0, 0.05],
                         "long_unstuck_threshold": [0.4, 0.95],
                         "short_close_grid_markup_range": [0, 0.03],
                         "short_close_grid_min_markup": [0.001, 0.03],
                         "short_close_grid_qty_pct": [0.05, 1],
                         "short_close_trailing_grid_ratio": [-1, 1],
                         "short_close_trailing_qty_pct": [0.05, 1],
                         "short_close_trailing_retracement_pct": [0, 0.1],
                         "short_close_trailing_threshold_pct": [-0.1, 0.1],
                         "short_ema_span_0": [200, 1440],
                         "short_ema_span_1": [200, 1440],
                         "short_entry_grid_double_down_factor": [0.1, 3],
                         "short_entry_grid_spacing_pct": [0.001, 0.12],
                         "short_entry_grid_spacing_weight": [0, 10],
                         "short_entry_initial_ema_dist": [-0.1, 0.003],
                         "short_entry_initial_qty_pct": [0.005, 0.1],
                         "short_entry_trailing_grid_ratio": [-1, 1],
                         "short_entry_trailing_retracement_pct": [0, 0.1],
                         "short_entry_trailing_threshold_pct": [-0.1, 0.1],
                         "short_filter_relative_volume_clip_pct": [0, 1],
                         "short_filter_rolling_window": [10, 1440],
                         "short_n_positions": [1, 1],
                         "short_total_wallet_exposure_limit": [1, 1],
                         "short_unstuck_close_pct": [0.001, 0.1],
                         "short_unstuck_ema_dist": [-0.1, 0.01],
                         "short_unstuck_loss_allowance_pct": [0, 0.05],