{
    "analysis": {
        "adg": 0.004083182870633198,
        "drawdown_worst": 0.22902500394795935,
        "equity_balance_diff_max": 0.19576572760722705,
        "equity_balance_diff_mean": 0.007913119958718434,
        "loss_profit_ratio": 0.5812817357622103,
        "mdg": 0.004500693099270318,
        "n_iters": 9471,
        "sharpe_ratio": 0.21719407438543684,
        "w_0": -0.004500693099270318,
        "w_1": -0.21719407438543684
    },
    "backtest": {
        "base_dir": "backtests",
        "end_date": "now",
        "exchange": "binance",
        "start_date": "2021-05-01",
        "starting_balance": 100000,
        "symbols": [
            "WIFUSDT"
        ]
    },
    "bot": {
        "long": {
            "close_grid_markup_range": 0.028269728263019378,
            "close_grid_min_markup": 0.05187714364166899,
            "close_grid_qty_pct": 0.8158315748197358,
            "close_trailing_grid_ratio": 0.10736309745648914,
            "close_trailing_qty_pct": 0.4975291689450363,
            "close_trailing_retracement_pct": 0.030117740309398462,
            "close_trailing_threshold_pct": 0.02265040030363968,
            "ema_span_0": 322.32329384725796,
            "ema_span_1": 250.09329073523872,
            "entry_grid_double_down_factor": 2.8121288157004587,
            "entry_grid_spacing_pct": 0.041591898780402994,
            "entry_grid_spacing_weight": 0.5830405404505308,
            "entry_initial_ema_dist": -0.018338812857721255,
            "entry_initial_qty_pct": 0.0594917401828949,
            "entry_trailing_grid_ratio": -0.1287926128326004,
            "entry_trailing_retracement_pct": 0.03803477885136042,
            "entry_trailing_threshold_pct": 0.00026464186112488963,
            "n_positions": 8.225018014405856,
            "total_wallet_exposure_limit": 3.6605974540117074,
            "unstuck_close_pct": 0.031488480961605586,
            "unstuck_ema_dist": -0.028409405680808464,
            "unstuck_loss_allowance_pct": 0.047110936809764976,
            "unstuck_threshold": 0.5338730964473399
        },
        "short": {
            "close_grid_markup_range": 0.02182787139022388,
            "close_grid_min_markup": 0.013573408919031577,
            "close_grid_qty_pct": 0.10322160137610566,
            "close_trailing_grid_ratio": 0.7653615707440805,
            "close_trailing_qty_pct": 0.14937638109398707,
            "close_trailing_retracement_pct": 0.016835836283995476,
            "close_trailing_threshold_pct": -0.046223943810568505,
            "ema_span_0": 800.4029450313107,
            "ema_span_1": 1033.17367693728,
            "entry_grid_double_down_factor": 1.4383698349321243,
            "entry_grid_spacing_pct": 0.02245452887971549,
            "entry_grid_spacing_weight": 1.4043885994014234,
            "entry_initial_ema_dist": -0.08481160130413803,
            "entry_initial_qty_pct": 0.010603232714374158,
            "entry_trailing_grid_ratio": -0.5835858751345293,
            "entry_trailing_retracement_pct": 0.05638552575679491,
            "entry_trailing_threshold_pct": 0.03385261048279077,
            "n_positions": 0,
            "total_wallet_exposure_limit": 0.5741822109213255,
            "unstuck_close_pct": 0.026339523691031763,
            "unstuck_ema_dist": -0.037791015301780605,
            "unstuck_loss_allowance_pct": 0.048959672872794784,
            "unstuck_threshold": 0.46902403025161177
        }
    },
    "live": {
        "approved_coins": [
            "WIFUSDT"
        ],
        "auto_gs": true,
        "coin_flags": {},
        "execution_delay_seconds": 2,
        "filter_by_min_effective_cost": true,
        "forced_mode_long": "",
        "forced_mode_short": "",
        "ignored_coins": [
            "COIN1",
            "COIN2"
        ],
        "leverage": 10,
        "max_n_cancellations_per_batch": 5,
        "max_n_creations_per_batch": 3,
        "minimum_coin_age_days": 30,
        "ohlcv_rolling_window": 60,
        "pnls_max_lookback_days": 30,
        "price_distance_threshold": 0.002,
        "relative_volume_filter_clip_pct": 0.5,
        "time_in_force": "good_till_cancelled",
        "user": "hyperliquid_v7"
    },
    "optimize": {
        "bounds": {
            "long_close_grid_markup_range": [
                0,
                0.06
            ],
            "long_close_grid_min_markup": [
                0.001,
                0.06
            ],
            "long_close_grid_qty_pct": [
                0.05,
                1
            ],
            "long_close_trailing_grid_ratio": [
                -1,
                1
            ],
            "long_close_trailing_qty_pct": [
                0.05,
                1
            ],
            "long_close_trailing_retracement_pct": [
                0,
                0.3
            ],
            "long_close_trailing_threshold_pct": [
                -0.1,
                0.1
            ],
            "long_ema_span_0": [
                200,
                1440
            ],
            "long_ema_span_1": [
                200,
                1440
            ],
            "long_entry_grid_double_down_factor": [
                0.1,
                3
            ],
            "long_entry_grid_spacing_pct": [
                0.001,
                0.12
            ],
            "long_entry_grid_spacing_weight": [
                0,
                10
            ],
            "long_entry_initial_ema_dist": [
                -0.1,
                0.003
            ],
            "long_entry_initial_qty_pct": [
                0.005,
                0.1
            ],
            "long_entry_trailing_grid_ratio": [
                -1,
                1
            ],
            "long_entry_trailing_retracement_pct": [
                0,
                0.1
            ],
            "long_entry_trailing_threshold_pct": [
                -0.1,
                0.1
            ],
            "long_n_positions": [
                1,
                20
            ],
            "long_total_wallet_exposure_limit": [
                2,
                4
            ],
            "long_unstuck_close_pct": [
                0.001,
                0.1
            ],
            "long_unstuck_ema_dist": [
                -0.1,
                0.01
            ],
            "long_unstuck_loss_allowance_pct": [
                0,
                0.05
            ],
            "long_unstuck_threshold": [
                0.4,
                0.95
            ],
            "short_close_grid_markup_range": [
                0,
                0.03
            ],
            "short_close_grid_min_markup": [
                0.001,
                0.03
            ],
            "short_close_grid_qty_pct": [
                0.05,
                1
            ],
            "short_close_trailing_grid_ratio": [
                -1,
                1
            ],
            "short_close_trailing_qty_pct": [
                0.05,
                1
            ],
            "short_close_trailing_retracement_pct": [
                0,
                0.1
            ],
            "short_close_trailing_threshold_pct": [
                -0.1,
                0.1
            ],
            "short_ema_span_0": [
                200,
                1440
            ],
            "short_ema_span_1": [
                200,
                1440
            ],
            "short_entry_grid_double_down_factor": [
                0.1,
                3
            ],
            "short_entry_grid_spacing_pct": [
                0.001,
                0.12
            ],
            "short_entry_grid_spacing_weight": [
                0,
                10
            ],
            "short_entry_initial_ema_dist": [
                -0.1,
                0.003
            ],
            "short_entry_initial_qty_pct": [
                0.005,
                0.1
            ],