{"analysis": {"adg": 0.0036785144251411574,
              "drawdown_worst": 0.12939477530285676,
              "equity_balance_diff_max": 0.10606033359702798,
              "equity_balance_diff_mean": 0.009924806036125415,
              "loss_profit_ratio": 0.27944608102156404,
              "mdg": 0.0038834276937630306,
              "n_iters": 9456,
              "sharpe_ratio": 0.315195292728853,
              "w_0": -0.0038834276937630306,
              "w_1": -0.315195292728853},
 "backtest": {"base_dir": "backtests",
              "end_date": "now",
              "exchange": "binance",
              "start_date": "2021-05-01",
              "starting_balance": 100000,
              "symbols": ["XAIUSDT"]},
 "bot": {"long": {"close_grid_markup_range": 0.055673817592690425,
                  "close_grid_min_markup": 0.04437191939320057,
                  "close_grid_qty_pct": 0.2304215503396253,
                  "close_trailing_grid_ratio": 0.36805363373650274,
                  "close_trailing_qty_pct": 0.4663178510654137,
                  "close_trailing_retracement_pct": 0.07990519194271478,
                  "close_trailing_threshold_pct": -0.04032276952057776,
                  "ema_span_0": 1309.5358946513659,
                  "ema_span_1": 463.7082172754094,
                  "entry_grid_double_down_factor": 0.24396415097753543,
                  "entry_grid_spacing_pct": 0.05511315552845229,
                  "entry_grid_spacing_weight": 4.323040480924405,
                  "entry_initial_ema_dist": -0.09499613241817362,
                  "entry_initial_qty_pct": 0.041276493716639495,
                  "entry_trailing_grid_ratio": 0.7750026083590613,
                  "entry_trailing_retracement_pct": 0.07660206826276036,
                  "entry_trailing_threshold_pct": 0.09159825603912033,
                  "filter_relative_volume_clip_pct": 0.049709672088455385,
                  "filter_rolling_window": 250.66574095274416,
                  "n_positions": 1.0,
                  "total_wallet_exposure_limit": 2.5,
                  "unstuck_close_pct": 0.0485411818807708,
                  "unstuck_ema_dist": -0.052568804956877616,
                  "unstuck_loss_allowance_pct": 0.007623709159109312,
                  "unstuck_threshold": 0.5806299613540302},
         "short": {"close_grid_markup_range": 0.01932545485082801,
                   "close_grid_min_markup": 0.01666004352393495,
                   "close_grid_qty_pct": 0.9272819184123839,
                   "close_trailing_grid_ratio": 0.1166010365293324,
                   "close_trailing_qty_pct": 0.9615462134696264,
                   "close_trailing_retracement_pct": 0.025900201836187013,
                   "close_trailing_threshold_pct": 0.028951406920144297,
                   "ema_span_0": 467.48943372040526,
                   "ema_span_1": 997.497469511129,
                   "entry_grid_double_down_factor": 1.8092355162604252,
                   "entry_grid_spacing_pct": 0.09850629116026313,
                   "entry_grid_spacing_weight": 9.264776992737243,
                   "entry_initial_ema_dist": -0.03622213661233624,
                   "entry_initial_qty_pct": 0.014562233411993919,
                   "entry_trailing_grid_ratio": 0.953956583810077,
                   "entry_trailing_retracement_pct": 0.03863321176371666,
                   "entry_trailing_threshold_pct": 0.0052238945937628555,
                   "filter_relative_volume_clip_pct": 0.3368626586609975,
                   "filter_rolling_window": 1254.3325950726137,
                   "n_positions": 1.0,
                   "total_wallet_exposure_limit": 1.0,
                   "unstuck_close_pct": 0.05362172088279231,
                   "unstuck_ema_dist": -0.0668118779424816,
                   "unstuck_loss_allowance_pct": 0.045509032077886154,
                   "unstuck_threshold": 0.9037731879917802}},
 "live": {"approved_coins": ["XAIUSDT"],
          "auto_gs": true,
          "coin_flags": {},
          "execution_delay_seconds": 2,
          "filter_by_min_effective_cost": true,
          "forced_mode_long": "",
          "forced_mode_short": "",
          "ignored_coins": [],
          "leverage": 10,
          "max_n_cancellations_per_batch": 5,
          "max_n_creations_per_batch": 3,
          "minimum_coin_age_days": 30,
          "ohlcv_rolling_window": 60,
          "pnls_max_lookback_days": 30,
          "price_distance_threshold": 0.002,
          "relative_volume_filter_clip_pct": 0.5,
          "time_in_force": "good_till_cancelled",
          "user": "hyperliquid_v7"},
 "optimize": {"bounds": {"long_close_grid_markup_range": [0, 0.06],
                         "long_close_grid_min_markup": [0.001, 0.06],
                         "long_close_grid_qty_pct": [0.05, 1],
                         "long_close_trailing_grid_ratio": [-1, 1],
                         "long_close_trailing_qty_pct": [0.05, 1],
                         "long_close_trailing_retracement_pct": [0, 0.3],
                         "long_close_trailing_threshold_pct": [-0.1, 0.1],
                         "long_ema_span_0": [200, 1440],
                         "long_ema_span_1": [200, 1440],
                         "long_entry_grid_double_down_factor": [0.1, 3],
                         "long_entry_grid_spacing_pct": [0.001, 0.12],
                         "long_entry_grid_spacing_weight": [0, 10],
                         "long_entry_initial_ema_dist": [-0.1, 0.003],
                         "long_entry_initial_qty_pct": [0.005, 0.1],
                         "long_entry_trailing_grid_ratio": [-1, 1],
                         "long_entry_trailing_retracement_pct": [0, 0.1],
                         "long_entry_trailing_threshold_pct": [-0.1, 0.1],
                         "long_filter_relative_volume_clip_pct": [0.0, 1.0],
                         "long_filter_rolling_window": [10.0, 1440.0],
                         "long_n_positions": [1.0, 1.0],
                         "long_total_wallet_exposure_limit": [2.5, 2.5],
                         "long_unstuck_close_pct": [0.001, 0.1],
                         "long_unstuck_ema_dist": [-0.1, 0.01],
                         "long_unstuck_loss_allowance_pct": [0, 0.05],
                         "long_unstuck_threshold": [0.4, 0.95],
                         "short_close_grid_markup_range": [0, 0.03],
                         "short_close_grid_min_markup": [0.001, 0.03],
                         "short_close_grid_qty_pct": [0.05, 1],
                         "short_close_trailing_grid_ratio": [-1, 1],
                         "short_close_trailing_qty_pct": [0.05, 1],
                         "short_close_trailing_retracement_pct": [0, 0.1],
                         "short_close_trailing_threshold_pct": [-0.1, 0.1],
                         "short_ema_span_0": [200, 1440],
                         "short_ema_span_1": [200, 1440],
                         "short_entry_grid_double_down_factor": [0.1, 3],
                         "short_entry_grid_spacing_pct": [0.001, 0.12],
                         "short_entry_grid_spacing_weight": [0, 10],
                         "short_entry_initial_ema_dist": [-0.1, 0.003],
                         "short_entry_initial_qty_pct": [0.005, 0.1],
                         "short_entry_trailing_grid_ratio": [-1, 1],
                         "short_entry_trailing_retracement_pct": [0, 0.1],
                         "short_entry_trailing_threshold_pct": [-0.1, 0.1],
                         "short_filter_relative_volume_clip_pct": [0.0, 1.0],
                         "short_filter_rolling_window": [10.0, 1440.0],
                         "short_n_positions": [1.0, 1.0],
                         "short_total_wallet_exposure_limit": [1.0, 1.0],
                         "short_unstuck_close_pct": [0.001, 0.1],
                         "short_unstuck_ema_dist": [-0.1, 0.01],