{"analysis": {"adg": 0.0036785144251411574,
              "drawdown_worst": 0.12939477530285676,
              "equity_balance_diff_max": 0.10606033359702798,
              "equity_balance_diff_mean": 0.009924806036125415,
              "loss_profit_ratio": 0.27944608102156404,
              "mdg": 0.0038834276937630306,
              "n_iters": 9456,
              "sharpe_ratio": 0.315195292728853,
              "w_0": -0.0038834276937630306,
              "w_1": -0.315195292728853},
 "backtest": {"base_dir": "backtests",
              "end_date": "now",
              "exchange": "binance",
              "start_date": "2021-05-01",
              "starting_balance": 100000,
              "symbols": ["XAIUSDT"]},
 "bot": {"long": {"close_grid_markup_range": 0.013616603829331893,
                  "close_grid_min_markup": 0.020192135097261147,
                  "close_grid_qty_pct": 0.2670664490406265,
                  "close_trailing_grid_ratio": -0.1767519008610252,
                  "close_trailing_qty_pct": 0.3919076581242195,
                  "close_trailing_retracement_pct": 0.0874045793323301,
                  "close_trailing_threshold_pct": -0.0854508997429393,
                  "ema_span_0": 732.6551595962878,
                  "ema_span_1": 798.5033681203148,
                  "entry_grid_double_down_factor": 2.655353012100321,
                  "entry_grid_spacing_pct": 0.07494395976142919,
                  "entry_grid_spacing_weight": 5.455179144826744,
                  "entry_initial_ema_dist": -0.09566667307970872,
                  "entry_initial_qty_pct": 0.005395407409479458,
                  "entry_trailing_grid_ratio": -0.5855638250632147,
                  "entry_trailing_retracement_pct": 0.06479528783527476,
                  "entry_trailing_threshold_pct": -0.07382678187850107,
                  "filter_relative_volume_clip_pct": 0.8929405661437154,
                  "filter_rolling_window": 251.13707562749812,
                  "n_positions": 1,
                  "total_wallet_exposure_limit": 2.5,
                  "unstuck_close_pct": 0.01064016903647736,
                  "unstuck_ema_dist": -0.01877081804618036,
                  "unstuck_loss_allowance_pct": 0.04546419823217122,
                  "unstuck_threshold": 0.47892311447160224},
         "short": {"close_grid_markup_range": 0.017444765286110317,
                   "close_grid_min_markup": 0.026208473862831396,
                   "close_grid_qty_pct": 0.24145154671377228,
                   "close_trailing_grid_ratio": -0.25721265953991956,
                   "close_trailing_qty_pct": 0.7736889380024916,
                   "close_trailing_retracement_pct": 0.0860873519625139,
                   "close_trailing_threshold_pct": 0.024473689679350465,
                   "ema_span_0": 552.5639181925596,
                   "ema_span_1": 1299.830888546811,
                   "entry_grid_double_down_factor": 0.8792161775813555,
                   "entry_grid_spacing_pct": 0.08021889140277048,
                   "entry_grid_spacing_weight": 1.9160410391268408,
                   "entry_initial_ema_dist": -0.035146335182583116,
                   "entry_initial_qty_pct": 0.03704475590243183,
                   "entry_trailing_grid_ratio": 0.13447608379052758,
                   "entry_trailing_retracement_pct": 0.06182344255809656,
                   "entry_trailing_threshold_pct": 0.016197858661460535,
                   "filter_relative_volume_clip_pct": 0.9642228236238476,
                   "filter_rolling_window": 598.4483959183422,
                   "n_positions": 1,
                   "total_wallet_exposure_limit": 1,
                   "unstuck_close_pct": 0.0422363013685398,
                   "unstuck_ema_dist": -0.09740613284809868,
                   "unstuck_loss_allowance_pct": 0.0391557841391525,
                   "unstuck_threshold": 0.48629849010300785}},
 "live": {"approved_coins": ["XAIUSDT"],
          "auto_gs": true,
          "coin_flags": {},
          "execution_delay_seconds": 2,
          "filter_by_min_effective_cost": true,
          "forced_mode_long": "",
          "forced_mode_short": "",
          "ignored_coins": [],
          "leverage": 10,
          "max_n_cancellations_per_batch": 5,
          "max_n_creations_per_batch": 3,
          "minimum_coin_age_days": 30,
          "ohlcv_rolling_window": 60,
          "pnls_max_lookback_days": 30,
          "price_distance_threshold": 0.002,
          "relative_volume_filter_clip_pct": 0.5,
          "time_in_force": "good_till_cancelled",
          "user": "hyperliquid_v7"},
 "optimize": {"bounds": {"long_close_grid_markup_range": [0, 0.06],
                         "long_close_grid_min_markup": [0.001, 0.06],
                         "long_close_grid_qty_pct": [0.05, 1],
                         "long_close_trailing_grid_ratio": [-1, 1],
                         "long_close_trailing_qty_pct": [0.05, 1],
                         "long_close_trailing_retracement_pct": [0, 0.3],
                         "long_close_trailing_threshold_pct": [-0.1, 0.1],
                         "long_ema_span_0": [200, 1440],
                         "long_ema_span_1": [200, 1440],
                         "long_entry_grid_double_down_factor": [0.1, 3],
                         "long_entry_grid_spacing_pct": [0.001, 0.12],
                         "long_entry_grid_spacing_weight": [0, 10],
                         "long_entry_initial_ema_dist": [-0.1, 0.003],
                         "long_entry_initial_qty_pct": [0.005, 0.1],
                         "long_entry_trailing_grid_ratio": [-1, 1],
                         "long_entry_trailing_retracement_pct": [0, 0.1],
                         "long_entry_trailing_threshold_pct": [-0.1, 0.1],
                         "long_filter_relative_volume_clip_pct": [0, 1],
                         "long_filter_rolling_window": [10, 1440],
                         "long_n_positions": [1, 1],
                         "long_total_wallet_exposure_limit": [2.5, 2.5],
                         "long_unstuck_close_pct": [0.001, 0.1],
                         "long_unstuck_ema_dist": [-0.1, 0.01],
                         "long_unstuck_loss_allowance_pct": [0, 0.05],
                         "long_unstuck_threshold": [0.4, 0.95],
                         "short_close_grid_markup_range": [0, 0.03],
                         "short_close_grid_min_markup": [0.001, 0.03],
                         "short_close_grid_qty_pct": [0.05, 1],
                         "short_close_trailing_grid_ratio": [-1, 1],
                         "short_close_trailing_qty_pct": [0.05, 1],
                         "short_close_trailing_retracement_pct": [0, 0.1],
                         "short_close_trailing_threshold_pct": [-0.1, 0.1],
                         "short_ema_span_0": [200, 1440],
                         "short_ema_span_1": [200, 1440],
                         "short_entry_grid_double_down_factor": [0.1, 3],
                         "short_entry_grid_spacing_pct": [0.001, 0.12],
                         "short_entry_grid_spacing_weight": [0, 10],
                         "short_entry_initial_ema_dist": [-0.1, 0.003],
                         "short_entry_initial_qty_pct": [0.005, 0.1],
                         "short_entry_trailing_grid_ratio": [-1, 1],
                         "short_entry_trailing_retracement_pct": [0, 0.1],
                         "short_entry_trailing_threshold_pct": [-0.1, 0.1],
                         "short_filter_relative_volume_clip_pct": [0, 1],
                         "short_filter_rolling_window": [10, 1440],
                         "short_n_positions": [1, 1],
                         "short_total_wallet_exposure_limit": [1, 1],
                         "short_unstuck_close_pct": [0.001, 0.1],
                         "short_unstuck_ema_dist": [-0.1, 0.01],
                         "short_unstuck_loss_allowance_pct": [0, 0.05],