{"analysis": {"adg": 0.000825605557545792,
              "drawdown_worst": 0.18272947780072532,
              "equity_balance_diff_max": 0.19922273917436303,
              "equity_balance_diff_mean": 0.0024797304772756355,
              "loss_profit_ratio": 0.3559045462158071,
              "mdg": 0.000300726289215324,
              "n_iters": 9541,
              "sharpe_ratio": 0.16608920165965863,
              "w_0": -0.000300726289215324,
              "w_1": -0.16608920165965863},
 "backtest": {"base_dir": "backtests",
              "end_date": "now",
              "exchange": "binance",
              "start_date": "2021-05-01",
              "starting_balance": 100000,
              "symbols": ["XRPUSDT"]},
 "bot": {"long": {"close_grid_markup_range": 0.006770905626878948,
                  "close_grid_min_markup": 0.016751992305838057,
                  "close_grid_qty_pct": 0.5131708920120179,
                  "close_trailing_grid_ratio": 0.0010015576175661511,
                  "close_trailing_qty_pct": 0.7610189537033105,
                  "close_trailing_retracement_pct": 0.11945726232436209,
                  "close_trailing_threshold_pct": -0.03933046047984989,
                  "ema_span_0": 815.5575147957086,
                  "ema_span_1": 1140.7974600644188,
                  "entry_grid_double_down_factor": 0.18614130260626743,
                  "entry_grid_spacing_pct": 0.05207173655578616,
                  "entry_grid_spacing_weight": 4.499763105451589,
                  "entry_initial_ema_dist": -0.007870519499938942,
                  "entry_initial_qty_pct": 0.04884548957095961,
                  "entry_trailing_grid_ratio": -0.756990619521635,
                  "entry_trailing_retracement_pct": 0.028502082110836838,
                  "entry_trailing_threshold_pct": 0.09820458236757648,
                  "filter_relative_volume_clip_pct": 0.2730981194478077,
                  "filter_rolling_window": 1417.3383120285573,
                  "n_positions": 1,
                  "total_wallet_exposure_limit": 2.5,
                  "unstuck_close_pct": 0.08336547778045575,
                  "unstuck_ema_dist": 0.004497352358263524,
                  "unstuck_loss_allowance_pct": 0.04064553956703687,
                  "unstuck_threshold": 0.5661865283421594},
         "short": {"close_grid_markup_range": 0.0016587429778212055,
                   "close_grid_min_markup": 0.01104416148118806,
                   "close_grid_qty_pct": 0.8394007744267085,
                   "close_trailing_grid_ratio": 0.754428574089081,
                   "close_trailing_qty_pct": 0.49066353279000413,
                   "close_trailing_retracement_pct": 0.05850628180743832,
                   "close_trailing_threshold_pct": -0.017030126550654324,
                   "ema_span_0": 1068.8370847467627,
                   "ema_span_1": 307.3796485741393,
                   "entry_grid_double_down_factor": 1.0154895543210303,
                   "entry_grid_spacing_pct": 0.07208048119731611,
                   "entry_grid_spacing_weight": 7.50574688789433,
                   "entry_initial_ema_dist": -0.05163117775069263,
                   "entry_initial_qty_pct": 0.05676314310741457,
                   "entry_trailing_grid_ratio": 0.22959265065408835,
                   "entry_trailing_retracement_pct": 0.014240852570254018,
                   "entry_trailing_threshold_pct": 0.07825558994717174,
                   "filter_relative_volume_clip_pct": 0.5527629948308139,
                   "filter_rolling_window": 679.8898842483223,
                   "n_positions": 1,
                   "total_wallet_exposure_limit": 1,
                   "unstuck_close_pct": 0.06206701101032555,
                   "unstuck_ema_dist": -0.029431844999849136,
                   "unstuck_loss_allowance_pct": 0.0013253361322677426,
                   "unstuck_threshold": 0.8528423509498912}},
 "live": {"approved_coins": ["XRPUSDT"],
          "auto_gs": true,
          "coin_flags": {},
          "execution_delay_seconds": 2,
          "filter_by_min_effective_cost": true,
          "forced_mode_long": "",
          "forced_mode_short": "",
          "ignored_coins": [],
          "leverage": 10,
          "max_n_cancellations_per_batch": 5,
          "max_n_creations_per_batch": 3,
          "minimum_coin_age_days": 30,
          "ohlcv_rolling_window": 60,
          "pnls_max_lookback_days": 30,
          "price_distance_threshold": 0.002,
          "relative_volume_filter_clip_pct": 0.5,
          "time_in_force": "good_till_cancelled",
          "user": "hyperliquid_v7"},
 "optimize": {"bounds": {"long_close_grid_markup_range": [0, 0.06],
                         "long_close_grid_min_markup": [0.001, 0.06],
                         "long_close_grid_qty_pct": [0.05, 1],
                         "long_close_trailing_grid_ratio": [-1, 1],
                         "long_close_trailing_qty_pct": [0.05, 1],
                         "long_close_trailing_retracement_pct": [0, 0.3],
                         "long_close_trailing_threshold_pct": [-0.1, 0.1],
                         "long_ema_span_0": [200, 1440],
                         "long_ema_span_1": [200, 1440],
                         "long_entry_grid_double_down_factor": [0.1, 3],
                         "long_entry_grid_spacing_pct": [0.001, 0.12],
                         "long_entry_grid_spacing_weight": [0, 10],
                         "long_entry_initial_ema_dist": [-0.1, 0.003],
                         "long_entry_initial_qty_pct": [0.005, 0.1],
                         "long_entry_trailing_grid_ratio": [-1, 1],
                         "long_entry_trailing_retracement_pct": [0, 0.1],
                         "long_entry_trailing_threshold_pct": [-0.1, 0.1],
                         "long_filter_relative_volume_clip_pct": [0, 1],
                         "long_filter_rolling_window": [10, 1440],
                         "long_n_positions": [1, 1],
                         "long_total_wallet_exposure_limit": [2.5, 2.5],
                         "long_unstuck_close_pct": [0.001, 0.1],
                         "long_unstuck_ema_dist": [-0.1, 0.01],
                         "long_unstuck_loss_allowance_pct": [0, 0.05],
                         "long_unstuck_threshold": [0.4, 0.95],
                         "short_close_grid_markup_range": [0, 0.03],
                         "short_close_grid_min_markup": [0.001, 0.03],
                         "short_close_grid_qty_pct": [0.05, 1],
                         "short_close_trailing_grid_ratio": [-1, 1],
                         "short_close_trailing_qty_pct": [0.05, 1],
                         "short_close_trailing_retracement_pct": [0, 0.1],
                         "short_close_trailing_threshold_pct": [-0.1, 0.1],
                         "short_ema_span_0": [200, 1440],
                         "short_ema_span_1": [200, 1440],
                         "short_entry_grid_double_down_factor": [0.1, 3],
                         "short_entry_grid_spacing_pct": [0.001, 0.12],
                         "short_entry_grid_spacing_weight": [0, 10],
                         "short_entry_initial_ema_dist": [-0.1, 0.003],
                         "short_entry_initial_qty_pct": [0.005, 0.1],
                         "short_entry_trailing_grid_ratio": [-1, 1],
                         "short_entry_trailing_retracement_pct": [0, 0.1],
                         "short_entry_trailing_threshold_pct": [-0.1, 0.1],
                         "short_filter_relative_volume_clip_pct": [0, 1],
                         "short_filter_rolling_window": [10, 1440],
                         "short_n_positions": [1, 1],
                         "short_total_wallet_exposure_limit": [1, 1],
                         "short_unstuck_close_pct": [0.001, 0.1],
                         "short_unstuck_ema_dist": [-0.1, 0.01],
                         "short_unstuck_loss_allowance_pct": [0, 0.05],