{"analysis": {"adg": 0.0014053214837127538,
              "drawdown_worst": 0.14103062191618643,
              "equity_balance_diff_max": 0.1511105247587096,
              "equity_balance_diff_mean": 0.0011047251522473076,
              "loss_profit_ratio": 0.35691590836597686,
              "mdg": 0.0007055674727924758,
              "n_iters": 9495,
              "sharpe_ratio": 0.3072630141610394,
              "w_0": -0.0007055674727924758,
              "w_1": -0.3072630141610394},
 "backtest": {"base_dir": "backtests",
              "end_date": "now",
              "exchange": "binance",
              "start_date": "2021-05-01",
              "starting_balance": 100000,
              "symbols": ["YGGUSDT"]},
 "bot": {"long": {"close_grid_markup_range": 0.003494164960233047,
                  "close_grid_min_markup": 0.023827084645118936,
                  "close_grid_qty_pct": 0.2894186314787969,
                  "close_trailing_grid_ratio": -0.9395831851854937,
                  "close_trailing_qty_pct": 0.7251374082253459,
                  "close_trailing_retracement_pct": 0.05493077606726793,
                  "close_trailing_threshold_pct": -0.001837914592143216,
                  "ema_span_0": 964.9763904873936,
                  "ema_span_1": 1027.5649200267,
                  "entry_grid_double_down_factor": 0.9901862326774515,
                  "entry_grid_spacing_pct": 0.10605437846852749,
                  "entry_grid_spacing_weight": 6.7530734447710845,
                  "entry_initial_ema_dist": -0.008312333219845508,
                  "entry_initial_qty_pct": 0.03377609061455827,
                  "entry_trailing_grid_ratio": -0.4728076768632695,
                  "entry_trailing_retracement_pct": 0.042749872277220644,
                  "entry_trailing_threshold_pct": -0.05407722216975175,
                  "filter_relative_volume_clip_pct": 0.6457008744859608,
                  "filter_rolling_window": 1244.9487257024866,
                  "n_positions": 1,
                  "total_wallet_exposure_limit": 2.5,
                  "unstuck_close_pct": 0.0038196055664416004,
                  "unstuck_ema_dist": -0.021772328082835836,
                  "unstuck_loss_allowance_pct": 0.02527621958263368,
                  "unstuck_threshold": 0.8870815280782774},
         "short": {"close_grid_markup_range": 0.0037375166345123808,
                   "close_grid_min_markup": 0.029347423279582875,
                   "close_grid_qty_pct": 0.6336298665253106,
                   "close_trailing_grid_ratio": -0.6827648621030856,
                   "close_trailing_qty_pct": 0.2787902659406577,
                   "close_trailing_retracement_pct": 0.028805332187106385,
                   "close_trailing_threshold_pct": 0.010120250257693593,
                   "ema_span_0": 461.8918053252836,
                   "ema_span_1": 1030.716986913201,
                   "entry_grid_double_down_factor": 0.710509515703589,
                   "entry_grid_spacing_pct": 0.07955453313881981,
                   "entry_grid_spacing_weight": 0.4055767427635413,
                   "entry_initial_ema_dist": 0.0006411307989182442,
                   "entry_initial_qty_pct": 0.014769459434295144,
                   "entry_trailing_grid_ratio": 0.003147043204302258,
                   "entry_trailing_retracement_pct": 0.093566249344697,
                   "entry_trailing_threshold_pct": 0.08142010933525332,
                   "filter_relative_volume_clip_pct": 0.38550086225344754,
                   "filter_rolling_window": 1418.088526393576,
                   "n_positions": 1,
                   "total_wallet_exposure_limit": 1,
                   "unstuck_close_pct": 0.07156128276462333,
                   "unstuck_ema_dist": 0.002896007314064461,
                   "unstuck_loss_allowance_pct": 0.024130813578994333,
                   "unstuck_threshold": 0.7150798218469798}},
 "live": {"approved_coins": ["YGGUSDT"],
          "auto_gs": true,
          "coin_flags": {},
          "execution_delay_seconds": 2,
          "filter_by_min_effective_cost": true,
          "forced_mode_long": "",
          "forced_mode_short": "",
          "ignored_coins": [],
          "leverage": 10,
          "max_n_cancellations_per_batch": 5,
          "max_n_creations_per_batch": 3,
          "minimum_coin_age_days": 30,
          "ohlcv_rolling_window": 60,
          "pnls_max_lookback_days": 30,
          "price_distance_threshold": 0.002,
          "relative_volume_filter_clip_pct": 0.5,
          "time_in_force": "good_till_cancelled",
          "user": "hyperliquid_v7"},
 "optimize": {"bounds": {"long_close_grid_markup_range": [0, 0.06],
                         "long_close_grid_min_markup": [0.001, 0.06],
                         "long_close_grid_qty_pct": [0.05, 1],
                         "long_close_trailing_grid_ratio": [-1, 1],
                         "long_close_trailing_qty_pct": [0.05, 1],
                         "long_close_trailing_retracement_pct": [0, 0.3],
                         "long_close_trailing_threshold_pct": [-0.1, 0.1],
                         "long_ema_span_0": [200, 1440],
                         "long_ema_span_1": [200, 1440],
                         "long_entry_grid_double_down_factor": [0.1, 3],
                         "long_entry_grid_spacing_pct": [0.001, 0.12],
                         "long_entry_grid_spacing_weight": [0, 10],
                         "long_entry_initial_ema_dist": [-0.1, 0.003],
                         "long_entry_initial_qty_pct": [0.005, 0.1],
                         "long_entry_trailing_grid_ratio": [-1, 1],
                         "long_entry_trailing_retracement_pct": [0, 0.1],
                         "long_entry_trailing_threshold_pct": [-0.1, 0.1],
                         "long_filter_relative_volume_clip_pct": [0, 1],
                         "long_filter_rolling_window": [10, 1440],
                         "long_n_positions": [1, 1],
                         "long_total_wallet_exposure_limit": [2.5, 2.5],
                         "long_unstuck_close_pct": [0.001, 0.1],
                         "long_unstuck_ema_dist": [-0.1, 0.01],
                         "long_unstuck_loss_allowance_pct": [0, 0.05],
                         "long_unstuck_threshold": [0.4, 0.95],
                         "short_close_grid_markup_range": [0, 0.03],
                         "short_close_grid_min_markup": [0.001, 0.03],
                         "short_close_grid_qty_pct": [0.05, 1],
                         "short_close_trailing_grid_ratio": [-1, 1],
                         "short_close_trailing_qty_pct": [0.05, 1],
                         "short_close_trailing_retracement_pct": [0, 0.1],
                         "short_close_trailing_threshold_pct": [-0.1, 0.1],
                         "short_ema_span_0": [200, 1440],
                         "short_ema_span_1": [200, 1440],
                         "short_entry_grid_double_down_factor": [0.1, 3],
                         "short_entry_grid_spacing_pct": [0.001, 0.12],
                         "short_entry_grid_spacing_weight": [0, 10],
                         "short_entry_initial_ema_dist": [-0.1, 0.003],
                         "short_entry_initial_qty_pct": [0.005, 0.1],
                         "short_entry_trailing_grid_ratio": [-1, 1],
                         "short_entry_trailing_retracement_pct": [0, 0.1],
                         "short_entry_trailing_threshold_pct": [-0.1, 0.1],
                         "short_filter_relative_volume_clip_pct": [0, 1],
                         "short_filter_rolling_window": [10, 1440],
                         "short_n_positions": [1, 1],
                         "short_total_wallet_exposure_limit": [1, 1],
                         "short_unstuck_close_pct": [0.001, 0.1],
                         "short_unstuck_ema_dist": [-0.1, 0.01],
                         "short_unstuck_loss_allowance_pct": [0, 0.05],