{"analysis": {"adg": 0.0014053214837127538,
              "drawdown_worst": 0.14103062191618643,
              "equity_balance_diff_max": 0.1511105247587096,
              "equity_balance_diff_mean": 0.0011047251522473076,
              "loss_profit_ratio": 0.35691590836597686,
              "mdg": 0.0007055674727924758,
              "n_iters": 9495,
              "sharpe_ratio": 0.3072630141610394,
              "w_0": -0.0007055674727924758,
              "w_1": -0.3072630141610394},
 "backtest": {"base_dir": "backtests",
              "end_date": "now",
              "exchange": "binance",
              "start_date": "2021-05-01",
              "starting_balance": 100000,
              "symbols": ["YGGUSDT"]},
 "bot": {"long": {"close_grid_markup_range": 0.003585695166738032,
                  "close_grid_min_markup": 0.0012009285682781645,
                  "close_grid_qty_pct": 0.6006277309306385,
                  "close_trailing_grid_ratio": 0.002443146418684927,
                  "close_trailing_qty_pct": 0.3944158781175304,
                  "close_trailing_retracement_pct": 0.00843169071520003,
                  "close_trailing_threshold_pct": -0.08277126149365885,
                  "ema_span_0": 389.5232773701719,
                  "ema_span_1": 954.599533770989,
                  "entry_grid_double_down_factor": 2.3395505467490794,
                  "entry_grid_spacing_pct": 0.06496039109998658,
                  "entry_grid_spacing_weight": 6.620426384108202,
                  "entry_initial_ema_dist": -0.08659774724143698,
                  "entry_initial_qty_pct": 0.02649807927788211,
                  "entry_trailing_grid_ratio": -0.23709204733497952,
                  "entry_trailing_retracement_pct": 0.015577576390468622,
                  "entry_trailing_threshold_pct": -0.06223416013294311,
                  "filter_relative_volume_clip_pct": 0.7407016815810148,
                  "filter_rolling_window": 936.9579053752246,
                  "n_positions": 1.0,
                  "total_wallet_exposure_limit": 2.5,
                  "unstuck_close_pct": 0.0021347096247548818,
                  "unstuck_ema_dist": -0.04474981910842504,
                  "unstuck_loss_allowance_pct": 0.026792196632428992,
                  "unstuck_threshold": 0.8389637003243483},
         "short": {"close_grid_markup_range": 0.00647539657894168,
                   "close_grid_min_markup": 0.02469436913156619,
                   "close_grid_qty_pct": 0.05951322439069215,
                   "close_trailing_grid_ratio": 0.17421211258231978,
                   "close_trailing_qty_pct": 0.5818303517841388,
                   "close_trailing_retracement_pct": 0.03756196172569908,
                   "close_trailing_threshold_pct": -0.09953533280990938,
                   "ema_span_0": 369.84677205867627,
                   "ema_span_1": 758.5514577743928,
                   "entry_grid_double_down_factor": 2.254055701883567,
                   "entry_grid_spacing_pct": 0.05968478357394944,
                   "entry_grid_spacing_weight": 3.0340083928690658,
                   "entry_initial_ema_dist": -0.06693030841449629,
                   "entry_initial_qty_pct": 0.018797010984980475,
                   "entry_trailing_grid_ratio": -0.7377342197309447,
                   "entry_trailing_retracement_pct": 0.08333715383295323,
                   "entry_trailing_threshold_pct": -0.022338217820687747,
                   "filter_relative_volume_clip_pct": 0.17066105637888657,
                   "filter_rolling_window": 572.520057940984,
                   "n_positions": 1.0,
                   "total_wallet_exposure_limit": 1.0,
                   "unstuck_close_pct": 0.07000029055907835,
                   "unstuck_ema_dist": -0.05667611939351142,
                   "unstuck_loss_allowance_pct": 0.02469874642266056,
                   "unstuck_threshold": 0.6970153100354465}},
 "live": {"approved_coins": ["YGGUSDT"],
          "auto_gs": true,
          "coin_flags": {},
          "execution_delay_seconds": 2,
          "filter_by_min_effective_cost": true,
          "forced_mode_long": "",
          "forced_mode_short": "",
          "ignored_coins": [],
          "leverage": 10,
          "max_n_cancellations_per_batch": 5,
          "max_n_creations_per_batch": 3,
          "minimum_coin_age_days": 30,
          "ohlcv_rolling_window": 60,
          "pnls_max_lookback_days": 30,
          "price_distance_threshold": 0.002,
          "relative_volume_filter_clip_pct": 0.5,
          "time_in_force": "good_till_cancelled",
          "user": "hyperliquid_v7"},
 "optimize": {"bounds": {"long_close_grid_markup_range": [0, 0.06],
                         "long_close_grid_min_markup": [0.001, 0.06],
                         "long_close_grid_qty_pct": [0.05, 1],
                         "long_close_trailing_grid_ratio": [-1, 1],
                         "long_close_trailing_qty_pct": [0.05, 1],
                         "long_close_trailing_retracement_pct": [0, 0.3],
                         "long_close_trailing_threshold_pct": [-0.1, 0.1],
                         "long_ema_span_0": [200, 1440],
                         "long_ema_span_1": [200, 1440],
                         "long_entry_grid_double_down_factor": [0.1, 3],
                         "long_entry_grid_spacing_pct": [0.001, 0.12],
                         "long_entry_grid_spacing_weight": [0, 10],
                         "long_entry_initial_ema_dist": [-0.1, 0.003],
                         "long_entry_initial_qty_pct": [0.005, 0.1],
                         "long_entry_trailing_grid_ratio": [-1, 1],
                         "long_entry_trailing_retracement_pct": [0, 0.1],
                         "long_entry_trailing_threshold_pct": [-0.1, 0.1],
                         "long_filter_relative_volume_clip_pct": [0.0, 1.0],
                         "long_filter_rolling_window": [10.0, 1440.0],
                         "long_n_positions": [1.0, 1.0],
                         "long_total_wallet_exposure_limit": [2.5, 2.5],
                         "long_unstuck_close_pct": [0.001, 0.1],
                         "long_unstuck_ema_dist": [-0.1, 0.01],
                         "long_unstuck_loss_allowance_pct": [0, 0.05],
                         "long_unstuck_threshold": [0.4, 0.95],
                         "short_close_grid_markup_range": [0, 0.03],
                         "short_close_grid_min_markup": [0.001, 0.03],
                         "short_close_grid_qty_pct": [0.05, 1],
                         "short_close_trailing_grid_ratio": [-1, 1],
                         "short_close_trailing_qty_pct": [0.05, 1],
                         "short_close_trailing_retracement_pct": [0, 0.1],
                         "short_close_trailing_threshold_pct": [-0.1, 0.1],
                         "short_ema_span_0": [200, 1440],
                         "short_ema_span_1": [200, 1440],
                         "short_entry_grid_double_down_factor": [0.1, 3],
                         "short_entry_grid_spacing_pct": [0.001, 0.12],
                         "short_entry_grid_spacing_weight": [0, 10],
                         "short_entry_initial_ema_dist": [-0.1, 0.003],
                         "short_entry_initial_qty_pct": [0.005, 0.1],
                         "short_entry_trailing_grid_ratio": [-1, 1],
                         "short_entry_trailing_retracement_pct": [0, 0.1],
                         "short_entry_trailing_threshold_pct": [-0.1, 0.1],
                         "short_filter_relative_volume_clip_pct": [0.0, 1.0],
                         "short_filter_rolling_window": [10.0, 1440.0],
                         "short_n_positions": [1.0, 1.0],
                         "short_total_wallet_exposure_limit": [1.0, 1.0],
                         "short_unstuck_close_pct": [0.001, 0.1],
                         "short_unstuck_ema_dist": [-0.1, 0.01],