{"analysis": {"adg": 0.0008528471903122973,
              "drawdown_worst": 0.2439266033429363,
              "equity_balance_diff_max": 0.2789907637745598,
              "equity_balance_diff_mean": 0.0038839861701855075,
              "loss_profit_ratio": 0.36373972797012516,
              "mdg": 0.0006657619182728454,
              "n_iters": 9512,
              "sharpe_ratio": 0.12482089074039995,
              "w_0": -0.0006657619182728454,
              "w_1": -0.12482089074039995},
 "backtest": {"base_dir": "backtests",
              "end_date": "now",
              "exchange": "binance",
              "start_date": "2021-05-01",
              "starting_balance": 100000,
              "symbols": ["ZENUSDT"]},
 "bot": {"long": {"close_grid_markup_range": 0.04670025262833876,
                  "close_grid_min_markup": 0.005666249047270149,
                  "close_grid_qty_pct": 0.33950357701151,
                  "close_trailing_grid_ratio": 0.005810762280504117,
                  "close_trailing_qty_pct": 0.6513482205277457,
                  "close_trailing_retracement_pct": 0.2901491140787973,
                  "close_trailing_threshold_pct": -0.0012204068457175553,
                  "ema_span_0": 463.8843608511459,
                  "ema_span_1": 575.6686229099101,
                  "entry_grid_double_down_factor": 0.6498380042347265,
                  "entry_grid_spacing_pct": 0.04320662041945097,
                  "entry_grid_spacing_weight": 6.763627389629102,
                  "entry_initial_ema_dist": -0.01157592021393725,
                  "entry_initial_qty_pct": 0.009740474734333489,
                  "entry_trailing_grid_ratio": -0.6653145666110986,
                  "entry_trailing_retracement_pct": 0.01860505505468536,
                  "entry_trailing_threshold_pct": -0.03973786777800636,
                  "filter_relative_volume_clip_pct": 0.1671667414209709,
                  "filter_rolling_window": 552.7391981058015,
                  "n_positions": 1.0,
                  "total_wallet_exposure_limit": 2.5,
                  "unstuck_close_pct": 0.022432320774553084,
                  "unstuck_ema_dist": -0.0348230638608588,
                  "unstuck_loss_allowance_pct": 0.029623804734529042,
                  "unstuck_threshold": 0.7966793993701142},
         "short": {"close_grid_markup_range": 0.0001668367647943373,
                   "close_grid_min_markup": 0.0021543810732607177,
                   "close_grid_qty_pct": 0.42691782390562444,
                   "close_trailing_grid_ratio": -0.6685688529535766,
                   "close_trailing_qty_pct": 0.8110180823603929,
                   "close_trailing_retracement_pct": 0.07583311887986391,
                   "close_trailing_threshold_pct": 0.02184715057531364,
                   "ema_span_0": 1212.6178983462332,
                   "ema_span_1": 723.640801823877,
                   "entry_grid_double_down_factor": 0.38891072889930844,
                   "entry_grid_spacing_pct": 0.08492152049222776,
                   "entry_grid_spacing_weight": 7.702629967373554,
                   "entry_initial_ema_dist": -0.005793654784003512,
                   "entry_initial_qty_pct": 0.039259535154010414,
                   "entry_trailing_grid_ratio": 0.3022107302687873,
                   "entry_trailing_retracement_pct": 0.004708794573945784,
                   "entry_trailing_threshold_pct": 0.05456828681995009,
                   "filter_relative_volume_clip_pct": 0.5798189539754945,
                   "filter_rolling_window": 1073.571166875313,
                   "n_positions": 1.0,
                   "total_wallet_exposure_limit": 1.0,
                   "unstuck_close_pct": 0.05635755345701822,
                   "unstuck_ema_dist": -0.09728942920913418,
                   "unstuck_loss_allowance_pct": 0.04724294065300276,
                   "unstuck_threshold": 0.7293911584747874}},
 "live": {"approved_coins": ["ZENUSDT"],
          "auto_gs": true,
          "coin_flags": {},
          "execution_delay_seconds": 2,
          "filter_by_min_effective_cost": true,
          "forced_mode_long": "",
          "forced_mode_short": "",
          "ignored_coins": [],
          "leverage": 10,
          "max_n_cancellations_per_batch": 5,
          "max_n_creations_per_batch": 3,
          "minimum_coin_age_days": 30,
          "ohlcv_rolling_window": 60,
          "pnls_max_lookback_days": 30,
          "price_distance_threshold": 0.002,
          "relative_volume_filter_clip_pct": 0.5,
          "time_in_force": "good_till_cancelled",
          "user": "hyperliquid_v7"},
 "optimize": {"bounds": {"long_close_grid_markup_range": [0, 0.06],
                         "long_close_grid_min_markup": [0.001, 0.06],
                         "long_close_grid_qty_pct": [0.05, 1],
                         "long_close_trailing_grid_ratio": [-1, 1],
                         "long_close_trailing_qty_pct": [0.05, 1],
                         "long_close_trailing_retracement_pct": [0, 0.3],
                         "long_close_trailing_threshold_pct": [-0.1, 0.1],
                         "long_ema_span_0": [200, 1440],
                         "long_ema_span_1": [200, 1440],
                         "long_entry_grid_double_down_factor": [0.1, 3],
                         "long_entry_grid_spacing_pct": [0.001, 0.12],
                         "long_entry_grid_spacing_weight": [0, 10],
                         "long_entry_initial_ema_dist": [-0.1, 0.003],
                         "long_entry_initial_qty_pct": [0.005, 0.1],
                         "long_entry_trailing_grid_ratio": [-1, 1],
                         "long_entry_trailing_retracement_pct": [0, 0.1],
                         "long_entry_trailing_threshold_pct": [-0.1, 0.1],
                         "long_filter_relative_volume_clip_pct": [0.0, 1.0],
                         "long_filter_rolling_window": [10.0, 1440.0],
                         "long_n_positions": [1.0, 1.0],
                         "long_total_wallet_exposure_limit": [2.5, 2.5],
                         "long_unstuck_close_pct": [0.001, 0.1],
                         "long_unstuck_ema_dist": [-0.1, 0.01],
                         "long_unstuck_loss_allowance_pct": [0, 0.05],
                         "long_unstuck_threshold": [0.4, 0.95],
                         "short_close_grid_markup_range": [0, 0.03],
                         "short_close_grid_min_markup": [0.001, 0.03],
                         "short_close_grid_qty_pct": [0.05, 1],
                         "short_close_trailing_grid_ratio": [-1, 1],
                         "short_close_trailing_qty_pct": [0.05, 1],
                         "short_close_trailing_retracement_pct": [0, 0.1],
                         "short_close_trailing_threshold_pct": [-0.1, 0.1],
                         "short_ema_span_0": [200, 1440],
                         "short_ema_span_1": [200, 1440],
                         "short_entry_grid_double_down_factor": [0.1, 3],
                         "short_entry_grid_spacing_pct": [0.001, 0.12],
                         "short_entry_grid_spacing_weight": [0, 10],
                         "short_entry_initial_ema_dist": [-0.1, 0.003],
                         "short_entry_initial_qty_pct": [0.005, 0.1],
                         "short_entry_trailing_grid_ratio": [-1, 1],
                         "short_entry_trailing_retracement_pct": [0, 0.1],
                         "short_entry_trailing_threshold_pct": [-0.1, 0.1],
                         "short_filter_relative_volume_clip_pct": [0.0, 1.0],
                         "short_filter_rolling_window": [10.0, 1440.0],
                         "short_n_positions": [1.0, 1.0],
                         "short_total_wallet_exposure_limit": [1.0, 1.0],
                         "short_unstuck_close_pct": [0.001, 0.1],
                         "short_unstuck_ema_dist": [-0.1, 0.01],