{"analysis": {"adg": 0.0045800028846402045,
              "drawdown_worst": 0.2454987142601365,
              "equity_balance_diff_max": 0.2626231559384839,
              "equity_balance_diff_mean": 0.006578398698136239,
              "loss_profit_ratio": 0.04710966873985757,
              "mdg": 0.002231331153947102,
              "n_iters": 9465,
              "sharpe_ratio": 0.29514957268606795,
              "w_0": -0.002231331153947102,
              "w_1": -0.29514957268606795},
 "backtest": {"base_dir": "backtests",
              "end_date": "now",
              "exchange": "binance",
              "start_date": "2021-05-01",
              "starting_balance": 100000,
              "symbols": ["ZETAUSDT"]},
 "bot": {"long": {"close_grid_markup_range": 0.053407227474890004,
                  "close_grid_min_markup": 0.036887267187569135,
                  "close_grid_qty_pct": 0.060513032860322044,
                  "close_trailing_grid_ratio": 0.1627742251402835,
                  "close_trailing_qty_pct": 0.9104105655540419,
                  "close_trailing_retracement_pct": 0.25327335966522524,
                  "close_trailing_threshold_pct": -0.09379496803973071,
                  "ema_span_0": 1406.7390159399429,
                  "ema_span_1": 977.1095217242945,
                  "entry_grid_double_down_factor": 1.3716120748889833,
                  "entry_grid_spacing_pct": 0.10229753918695819,
                  "entry_grid_spacing_weight": 3.861163595216918,
                  "entry_initial_ema_dist": -0.06578294489397549,
                  "entry_initial_qty_pct": 0.013461781707442472,
                  "entry_trailing_grid_ratio": -0.9674606004364867,
                  "entry_trailing_retracement_pct": 0.009070320200780281,
                  "entry_trailing_threshold_pct": 0.07679666488925711,
                  "filter_relative_volume_clip_pct": 0.12680454614849984,
                  "filter_rolling_window": 1401.356108172175,
                  "n_positions": 1,
                  "total_wallet_exposure_limit": 2.5,
                  "unstuck_close_pct": 0.053032523037520034,
                  "unstuck_ema_dist": -0.022578723791001974,
                  "unstuck_loss_allowance_pct": 0.04949765811310682,
                  "unstuck_threshold": 0.40676672520192186},
         "short": {"close_grid_markup_range": 0.026361838748030445,
                   "close_grid_min_markup": 0.0072747619045210946,
                   "close_grid_qty_pct": 0.9264448919626969,
                   "close_trailing_grid_ratio": -0.1247637513812653,
                   "close_trailing_qty_pct": 0.43503867467561486,
                   "close_trailing_retracement_pct": 0.047381475565940204,
                   "close_trailing_threshold_pct": 0.0364384526455606,
                   "ema_span_0": 1261.678928722331,
                   "ema_span_1": 264.8334121309204,
                   "entry_grid_double_down_factor": 2.725755618780635,
                   "entry_grid_spacing_pct": 0.044263563568492065,
                   "entry_grid_spacing_weight": 3.4460521598776985,
                   "entry_initial_ema_dist": -0.08879467142209266,
                   "entry_initial_qty_pct": 0.038030920264849985,
                   "entry_trailing_grid_ratio": -0.6145985189230623,
                   "entry_trailing_retracement_pct": 0.01674193485314037,
                   "entry_trailing_threshold_pct": 0.05062800950775855,
                   "filter_relative_volume_clip_pct": 0.9102182342154546,
                   "filter_rolling_window": 390.788859321203,
                   "n_positions": 1,
                   "total_wallet_exposure_limit": 1,
                   "unstuck_close_pct": 0.09641533627130336,
                   "unstuck_ema_dist": -0.04004011228690554,
                   "unstuck_loss_allowance_pct": 0.044334444808294474,
                   "unstuck_threshold": 0.851156191750836}},
 "live": {"approved_coins": ["ZETAUSDT"],
          "auto_gs": true,
          "coin_flags": {},
          "execution_delay_seconds": 2,
          "filter_by_min_effective_cost": true,
          "forced_mode_long": "",
          "forced_mode_short": "",
          "ignored_coins": [],
          "leverage": 10,
          "max_n_cancellations_per_batch": 5,
          "max_n_creations_per_batch": 3,
          "minimum_coin_age_days": 30,
          "ohlcv_rolling_window": 60,
          "pnls_max_lookback_days": 30,
          "price_distance_threshold": 0.002,
          "relative_volume_filter_clip_pct": 0.5,
          "time_in_force": "good_till_cancelled",
          "user": "hyperliquid_v7"},
 "optimize": {"bounds": {"long_close_grid_markup_range": [0, 0.06],
                         "long_close_grid_min_markup": [0.001, 0.06],
                         "long_close_grid_qty_pct": [0.05, 1],
                         "long_close_trailing_grid_ratio": [-1, 1],
                         "long_close_trailing_qty_pct": [0.05, 1],
                         "long_close_trailing_retracement_pct": [0, 0.3],
                         "long_close_trailing_threshold_pct": [-0.1, 0.1],
                         "long_ema_span_0": [200, 1440],
                         "long_ema_span_1": [200, 1440],
                         "long_entry_grid_double_down_factor": [0.1, 3],
                         "long_entry_grid_spacing_pct": [0.001, 0.12],
                         "long_entry_grid_spacing_weight": [0, 10],
                         "long_entry_initial_ema_dist": [-0.1, 0.003],
                         "long_entry_initial_qty_pct": [0.005, 0.1],
                         "long_entry_trailing_grid_ratio": [-1, 1],
                         "long_entry_trailing_retracement_pct": [0, 0.1],
                         "long_entry_trailing_threshold_pct": [-0.1, 0.1],
                         "long_filter_relative_volume_clip_pct": [0, 1],
                         "long_filter_rolling_window": [10, 1440],
                         "long_n_positions": [1, 1],
                         "long_total_wallet_exposure_limit": [2.5, 2.5],
                         "long_unstuck_close_pct": [0.001, 0.1],
                         "long_unstuck_ema_dist": [-0.1, 0.01],
                         "long_unstuck_loss_allowance_pct": [0, 0.05],
                         "long_unstuck_threshold": [0.4, 0.95],
                         "short_close_grid_markup_range": [0, 0.03],
                         "short_close_grid_min_markup": [0.001, 0.03],
                         "short_close_grid_qty_pct": [0.05, 1],
                         "short_close_trailing_grid_ratio": [-1, 1],
                         "short_close_trailing_qty_pct": [0.05, 1],
                         "short_close_trailing_retracement_pct": [0, 0.1],
                         "short_close_trailing_threshold_pct": [-0.1, 0.1],
                         "short_ema_span_0": [200, 1440],
                         "short_ema_span_1": [200, 1440],
                         "short_entry_grid_double_down_factor": [0.1, 3],
                         "short_entry_grid_spacing_pct": [0.001, 0.12],
                         "short_entry_grid_spacing_weight": [0, 10],
                         "short_entry_initial_ema_dist": [-0.1, 0.003],
                         "short_entry_initial_qty_pct": [0.005, 0.1],
                         "short_entry_trailing_grid_ratio": [-1, 1],
                         "short_entry_trailing_retracement_pct": [0, 0.1],
                         "short_entry_trailing_threshold_pct": [-0.1, 0.1],
                         "short_filter_relative_volume_clip_pct": [0, 1],
                         "short_filter_rolling_window": [10, 1440],
                         "short_n_positions": [1, 1],
                         "short_total_wallet_exposure_limit": [1, 1],
                         "short_unstuck_close_pct": [0.001, 0.1],
                         "short_unstuck_ema_dist": [-0.1, 0.01],
                         "short_unstuck_loss_allowance_pct": [0, 0.05],