{"analysis": {"adg": 0.0045800028846402045,
              "drawdown_worst": 0.2454987142601365,
              "equity_balance_diff_max": 0.2626231559384839,
              "equity_balance_diff_mean": 0.006578398698136239,
              "loss_profit_ratio": 0.04710966873985757,
              "mdg": 0.002231331153947102,
              "n_iters": 9465,
              "sharpe_ratio": 0.29514957268606795,
              "w_0": -0.002231331153947102,
              "w_1": -0.29514957268606795},
 "backtest": {"base_dir": "backtests",
              "end_date": "now",
              "exchange": "binance",
              "start_date": "2021-05-01",
              "starting_balance": 100000,
              "symbols": ["ZETAUSDT"]},
 "bot": {"long": {"close_grid_markup_range": 0.033184690011972974,
                  "close_grid_min_markup": 0.041941243582753335,
                  "close_grid_qty_pct": 0.28001977025482705,
                  "close_trailing_grid_ratio": 0.9748429693559191,
                  "close_trailing_qty_pct": 0.39375441151954876,
                  "close_trailing_retracement_pct": 0.18932924290969944,
                  "close_trailing_threshold_pct": -0.0515363064380439,
                  "ema_span_0": 634.1632386774846,
                  "ema_span_1": 1404.3344042247165,
                  "entry_grid_double_down_factor": 1.171406714627182,
                  "entry_grid_spacing_pct": 0.1125523479907934,
                  "entry_grid_spacing_weight": 3.6424856742987846,
                  "entry_initial_ema_dist": -0.0853886001165712,
                  "entry_initial_qty_pct": 0.0053194729431226655,
                  "entry_trailing_grid_ratio": -0.8102489870430638,
                  "entry_trailing_retracement_pct": 0.06807911072956306,
                  "entry_trailing_threshold_pct": -0.0247741020437206,
                  "filter_relative_volume_clip_pct": 0.5232085279376626,
                  "filter_rolling_window": 958.4830581244589,
                  "n_positions": 1.0,
                  "total_wallet_exposure_limit": 2.5,
                  "unstuck_close_pct": 0.0769321770969871,
                  "unstuck_ema_dist": -0.004794514968398403,
                  "unstuck_loss_allowance_pct": 0.019031929285621026,
                  "unstuck_threshold": 0.891250356161312},
         "short": {"close_grid_markup_range": 0.010010986989110017,
                   "close_grid_min_markup": 0.024782954875316694,
                   "close_grid_qty_pct": 0.6637473695602979,
                   "close_trailing_grid_ratio": -0.1117476150530532,
                   "close_trailing_qty_pct": 0.7918111098891817,
                   "close_trailing_retracement_pct": 0.06271651964294388,
                   "close_trailing_threshold_pct": -0.083824294839681,
                   "ema_span_0": 988.0286435408643,
                   "ema_span_1": 1355.8863381646042,
                   "entry_grid_double_down_factor": 2.805501596494259,
                   "entry_grid_spacing_pct": 0.08982138321461168,
                   "entry_grid_spacing_weight": 0.21672026721599424,
                   "entry_initial_ema_dist": -0.08646409485085799,
                   "entry_initial_qty_pct": 0.06423531297152861,
                   "entry_trailing_grid_ratio": 0.20360103518420164,
                   "entry_trailing_retracement_pct": 0.05320837038023013,
                   "entry_trailing_threshold_pct": -0.09571556914384369,
                   "filter_relative_volume_clip_pct": 0.8466876433406179,
                   "filter_rolling_window": 1322.4303507359366,
                   "n_positions": 1.0,
                   "total_wallet_exposure_limit": 1.0,
                   "unstuck_close_pct": 0.06188687116993384,
                   "unstuck_ema_dist": -0.0646648247672182,
                   "unstuck_loss_allowance_pct": 0.03683902565834904,
                   "unstuck_threshold": 0.4879177920216537}},
 "live": {"approved_coins": ["ZETAUSDT"],
          "auto_gs": true,
          "coin_flags": {},
          "execution_delay_seconds": 2,
          "filter_by_min_effective_cost": true,
          "forced_mode_long": "",
          "forced_mode_short": "",
          "ignored_coins": [],
          "leverage": 10,
          "max_n_cancellations_per_batch": 5,
          "max_n_creations_per_batch": 3,
          "minimum_coin_age_days": 30,
          "ohlcv_rolling_window": 60,
          "pnls_max_lookback_days": 30,
          "price_distance_threshold": 0.002,
          "relative_volume_filter_clip_pct": 0.5,
          "time_in_force": "good_till_cancelled",
          "user": "hyperliquid_v7"},
 "optimize": {"bounds": {"long_close_grid_markup_range": [0, 0.06],
                         "long_close_grid_min_markup": [0.001, 0.06],
                         "long_close_grid_qty_pct": [0.05, 1],
                         "long_close_trailing_grid_ratio": [-1, 1],
                         "long_close_trailing_qty_pct": [0.05, 1],
                         "long_close_trailing_retracement_pct": [0, 0.3],
                         "long_close_trailing_threshold_pct": [-0.1, 0.1],
                         "long_ema_span_0": [200, 1440],
                         "long_ema_span_1": [200, 1440],
                         "long_entry_grid_double_down_factor": [0.1, 3],
                         "long_entry_grid_spacing_pct": [0.001, 0.12],
                         "long_entry_grid_spacing_weight": [0, 10],
                         "long_entry_initial_ema_dist": [-0.1, 0.003],
                         "long_entry_initial_qty_pct": [0.005, 0.1],
                         "long_entry_trailing_grid_ratio": [-1, 1],
                         "long_entry_trailing_retracement_pct": [0, 0.1],
                         "long_entry_trailing_threshold_pct": [-0.1, 0.1],
                         "long_filter_relative_volume_clip_pct": [0.0, 1.0],
                         "long_filter_rolling_window": [10.0, 1440.0],
                         "long_n_positions": [1.0, 1.0],
                         "long_total_wallet_exposure_limit": [2.5, 2.5],
                         "long_unstuck_close_pct": [0.001, 0.1],
                         "long_unstuck_ema_dist": [-0.1, 0.01],
                         "long_unstuck_loss_allowance_pct": [0, 0.05],
                         "long_unstuck_threshold": [0.4, 0.95],
                         "short_close_grid_markup_range": [0, 0.03],
                         "short_close_grid_min_markup": [0.001, 0.03],
                         "short_close_grid_qty_pct": [0.05, 1],
                         "short_close_trailing_grid_ratio": [-1, 1],
                         "short_close_trailing_qty_pct": [0.05, 1],
                         "short_close_trailing_retracement_pct": [0, 0.1],
                         "short_close_trailing_threshold_pct": [-0.1, 0.1],
                         "short_ema_span_0": [200, 1440],
                         "short_ema_span_1": [200, 1440],
                         "short_entry_grid_double_down_factor": [0.1, 3],
                         "short_entry_grid_spacing_pct": [0.001, 0.12],
                         "short_entry_grid_spacing_weight": [0, 10],
                         "short_entry_initial_ema_dist": [-0.1, 0.003],
                         "short_entry_initial_qty_pct": [0.005, 0.1],
                         "short_entry_trailing_grid_ratio": [-1, 1],
                         "short_entry_trailing_retracement_pct": [0, 0.1],
                         "short_entry_trailing_threshold_pct": [-0.1, 0.1],
                         "short_filter_relative_volume_clip_pct": [0.0, 1.0],
                         "short_filter_rolling_window": [10.0, 1440.0],
                         "short_n_positions": [1.0, 1.0],
                         "short_total_wallet_exposure_limit": [1.0, 1.0],
                         "short_unstuck_close_pct": [0.001, 0.1],
                         "short_unstuck_ema_dist": [-0.1, 0.01],