{"analysis": {"adg": 0.0032111976674227332,
              "drawdown_worst": 0.11447503580378504,
              "equity_balance_diff_max": 0.10430094324175357,
              "equity_balance_diff_mean": 0.00874567530781948,
              "loss_profit_ratio": 0.31506095078602,
              "mdg": 0.002584138349710975,
              "n_iters": 9530,
              "sharpe_ratio": 0.21602041737630875,
              "w_0": -0.002584138349710975,
              "w_1": -0.21602041737630875},
 "backtest": {"base_dir": "backtests",
              "end_date": "now",
              "exchange": "binance",
              "start_date": "2021-05-01",
              "starting_balance": 100000,
              "symbols": ["ZKUSDT"]},
 "bot": {"long": {"close_grid_markup_range": 0.00124185180807216,
                  "close_grid_min_markup": 0.015133134490663138,
                  "close_grid_qty_pct": 0.14922367948083864,
                  "close_trailing_grid_ratio": 0.08262019768117201,
                  "close_trailing_qty_pct": 0.7266787866892945,
                  "close_trailing_retracement_pct": 0.005425025100931749,
                  "close_trailing_threshold_pct": 0.00989483988182073,
                  "ema_span_0": 1396.5935399396196,
                  "ema_span_1": 1027.633250614152,
                  "entry_grid_double_down_factor": 0.2630227737400219,
                  "entry_grid_spacing_pct": 0.03414492577349107,
                  "entry_grid_spacing_weight": 2.3691503824638223,
                  "entry_initial_ema_dist": -0.017854069343138514,
                  "entry_initial_qty_pct": 0.00829564819071642,
                  "entry_trailing_grid_ratio": 0.7094618457327158,
                  "entry_trailing_retracement_pct": 0.01660675498617714,
                  "entry_trailing_threshold_pct": 0.04072649381304494,
                  "filter_relative_volume_clip_pct": 0.1826453325324035,
                  "filter_rolling_window": 742.2318421137021,
                  "n_positions": 1,
                  "total_wallet_exposure_limit": 2.5,
                  "unstuck_close_pct": 0.03059237774910071,
                  "unstuck_ema_dist": -0.08010661225756822,
                  "unstuck_loss_allowance_pct": 0.021272546570915485,
                  "unstuck_threshold": 0.42772020440970443},
         "short": {"close_grid_markup_range": 0.01580397035178406,
                   "close_grid_min_markup": 0.0069678888337471115,
                   "close_grid_qty_pct": 0.06024894434374384,
                   "close_trailing_grid_ratio": -0.17239167930279609,
                   "close_trailing_qty_pct": 0.8039146128975412,
                   "close_trailing_retracement_pct": 0.036541913552243746,
                   "close_trailing_threshold_pct": 0.04144634691717622,
                   "ema_span_0": 1328.3102042388382,
                   "ema_span_1": 1310.2079416406089,
                   "entry_grid_double_down_factor": 2.925103365853574,
                   "entry_grid_spacing_pct": 0.04645018543980754,
                   "entry_grid_spacing_weight": 0.33083078024505497,
                   "entry_initial_ema_dist": -0.01845839844861615,
                   "entry_initial_qty_pct": 0.051249931606824506,
                   "entry_trailing_grid_ratio": -0.3400216011691716,
                   "entry_trailing_retracement_pct": 0.0034888215855892676,
                   "entry_trailing_threshold_pct": -0.032748555756834344,
                   "filter_relative_volume_clip_pct": 0.7948155931342302,
                   "filter_rolling_window": 1060.1684168327488,
                   "n_positions": 1,
                   "total_wallet_exposure_limit": 1,
                   "unstuck_close_pct": 0.0913980214211146,
                   "unstuck_ema_dist": -0.09211371078613842,
                   "unstuck_loss_allowance_pct": 0.02156228043061973,
                   "unstuck_threshold": 0.6915566973038543}},
 "live": {"approved_coins": ["ZKUSDT"],
          "auto_gs": true,
          "coin_flags": {},
          "execution_delay_seconds": 2,
          "filter_by_min_effective_cost": true,
          "forced_mode_long": "",
          "forced_mode_short": "",
          "ignored_coins": [],
          "leverage": 10,
          "max_n_cancellations_per_batch": 5,
          "max_n_creations_per_batch": 3,
          "minimum_coin_age_days": 30,
          "ohlcv_rolling_window": 60,
          "pnls_max_lookback_days": 30,
          "price_distance_threshold": 0.002,
          "relative_volume_filter_clip_pct": 0.5,
          "time_in_force": "good_till_cancelled",
          "user": "hyperliquid_v7"},
 "optimize": {"bounds": {"long_close_grid_markup_range": [0, 0.06],
                         "long_close_grid_min_markup": [0.001, 0.06],
                         "long_close_grid_qty_pct": [0.05, 1],
                         "long_close_trailing_grid_ratio": [-1, 1],
                         "long_close_trailing_qty_pct": [0.05, 1],
                         "long_close_trailing_retracement_pct": [0, 0.3],
                         "long_close_trailing_threshold_pct": [-0.1, 0.1],
                         "long_ema_span_0": [200, 1440],
                         "long_ema_span_1": [200, 1440],
                         "long_entry_grid_double_down_factor": [0.1, 3],
                         "long_entry_grid_spacing_pct": [0.001, 0.12],
                         "long_entry_grid_spacing_weight": [0, 10],
                         "long_entry_initial_ema_dist": [-0.1, 0.003],
                         "long_entry_initial_qty_pct": [0.005, 0.1],
                         "long_entry_trailing_grid_ratio": [-1, 1],
                         "long_entry_trailing_retracement_pct": [0, 0.1],
                         "long_entry_trailing_threshold_pct": [-0.1, 0.1],
                         "long_filter_relative_volume_clip_pct": [0, 1],
                         "long_filter_rolling_window": [10, 1440],
                         "long_n_positions": [1, 1],
                         "long_total_wallet_exposure_limit": [2.5, 2.5],
                         "long_unstuck_close_pct": [0.001, 0.1],
                         "long_unstuck_ema_dist": [-0.1, 0.01],
                         "long_unstuck_loss_allowance_pct": [0, 0.05],
                         "long_unstuck_threshold": [0.4, 0.95],
                         "short_close_grid_markup_range": [0, 0.03],
                         "short_close_grid_min_markup": [0.001, 0.03],
                         "short_close_grid_qty_pct": [0.05, 1],
                         "short_close_trailing_grid_ratio": [-1, 1],
                         "short_close_trailing_qty_pct": [0.05, 1],
                         "short_close_trailing_retracement_pct": [0, 0.1],
                         "short_close_trailing_threshold_pct": [-0.1, 0.1],
                         "short_ema_span_0": [200, 1440],
                         "short_ema_span_1": [200, 1440],
                         "short_entry_grid_double_down_factor": [0.1, 3],
                         "short_entry_grid_spacing_pct": [0.001, 0.12],
                         "short_entry_grid_spacing_weight": [0, 10],
                         "short_entry_initial_ema_dist": [-0.1, 0.003],
                         "short_entry_initial_qty_pct": [0.005, 0.1],
                         "short_entry_trailing_grid_ratio": [-1, 1],
                         "short_entry_trailing_retracement_pct": [0, 0.1],
                         "short_entry_trailing_threshold_pct": [-0.1, 0.1],
                         "short_filter_relative_volume_clip_pct": [0, 1],
                         "short_filter_rolling_window": [10, 1440],
                         "short_n_positions": [1, 1],
                         "short_total_wallet_exposure_limit": [1, 1],
                         "short_unstuck_close_pct": [0.001, 0.1],
                         "short_unstuck_ema_dist": [-0.1, 0.01],
                         "short_unstuck_loss_allowance_pct": [0, 0.05],