{"analysis": {"adg": 0.004542622226199843,
              "drawdown_worst": 0.15533325069956744,
              "equity_balance_diff_max": 0.12884818816985777,
              "equity_balance_diff_mean": 0.00847141475788712,
              "loss_profit_ratio": 0.1900558855929506,
              "mdg": 0.0034824592277212796,
              "n_iters": 9486,
              "sharpe_ratio": 0.3239777595064343,
              "w_0": -0.0034824592277212796,
              "w_1": -0.3239777595064343},
 "backtest": {"base_dir": "backtests",
              "end_date": "now",
              "exchange": "binance",
              "start_date": "2021-05-01",
              "starting_balance": 100000,
              "symbols": ["ZROUSDT"]},
 "bot": {"long": {"close_grid_markup_range": 0.01215212976856017,
                  "close_grid_min_markup": 0.004381685470165763,
                  "close_grid_qty_pct": 0.6895626837047428,
                  "close_trailing_grid_ratio": -0.22369887493658222,
                  "close_trailing_qty_pct": 0.4133950413287362,
                  "close_trailing_retracement_pct": 0.20719984756391646,
                  "close_trailing_threshold_pct": 0.05969538317151259,
                  "ema_span_0": 725.3038344650902,
                  "ema_span_1": 544.7663489005095,
                  "entry_grid_double_down_factor": 2.087300204986754,
                  "entry_grid_spacing_pct": 0.026934086290564423,
                  "entry_grid_spacing_weight": 6.277647432202384,
                  "entry_initial_ema_dist": -0.0294065111410696,
                  "entry_initial_qty_pct": 0.015582176543834998,
                  "entry_trailing_grid_ratio": -0.6580806403882602,
                  "entry_trailing_retracement_pct": 0.021000725846136478,
                  "entry_trailing_threshold_pct": 0.017773245477514223,
                  "filter_relative_volume_clip_pct": 0.7988635484535567,
                  "filter_rolling_window": 1229.1948845236923,
                  "n_positions": 1.0,
                  "total_wallet_exposure_limit": 2.5,
                  "unstuck_close_pct": 0.07135404386548312,
                  "unstuck_ema_dist": -0.02061919710016365,
                  "unstuck_loss_allowance_pct": 0.00797643341061033,
                  "unstuck_threshold": 0.6071561089918336},
         "short": {"close_grid_markup_range": 0.0006370357795001756,
                   "close_grid_min_markup": 0.010601423773204353,
                   "close_grid_qty_pct": 0.35475159717100174,
                   "close_trailing_grid_ratio": 0.6932399739832222,
                   "close_trailing_qty_pct": 0.2321392030652163,
                   "close_trailing_retracement_pct": 0.07116406765500015,
                   "close_trailing_threshold_pct": 0.029391797909483416,
                   "ema_span_0": 410.46655634748333,
                   "ema_span_1": 1361.4259671423195,
                   "entry_grid_double_down_factor": 2.8368773425721447,
                   "entry_grid_spacing_pct": 0.09032581174301801,
                   "entry_grid_spacing_weight": 9.442151847654355,
                   "entry_initial_ema_dist": -0.09485883520702351,
                   "entry_initial_qty_pct": 0.014953407977901057,
                   "entry_trailing_grid_ratio": -0.4857719803474524,
                   "entry_trailing_retracement_pct": 0.012358818868667965,
                   "entry_trailing_threshold_pct": 0.09693831987142576,
                   "filter_relative_volume_clip_pct": 0.7710392150647045,
                   "filter_rolling_window": 96.15117049236551,
                   "n_positions": 1.0,
                   "total_wallet_exposure_limit": 1.0,
                   "unstuck_close_pct": 0.04539524461775116,
                   "unstuck_ema_dist": -0.012545836765282689,
                   "unstuck_loss_allowance_pct": 0.008395103645884144,
                   "unstuck_threshold": 0.44188808161587084}},
 "live": {"approved_coins": ["ZROUSDT"],
          "auto_gs": true,
          "coin_flags": {},
          "execution_delay_seconds": 2,
          "filter_by_min_effective_cost": true,
          "forced_mode_long": "",
          "forced_mode_short": "",
          "ignored_coins": [],
          "leverage": 10,
          "max_n_cancellations_per_batch": 5,
          "max_n_creations_per_batch": 3,
          "minimum_coin_age_days": 30,
          "ohlcv_rolling_window": 60,
          "pnls_max_lookback_days": 30,
          "price_distance_threshold": 0.002,
          "relative_volume_filter_clip_pct": 0.5,
          "time_in_force": "good_till_cancelled",
          "user": "hyperliquid_v7"},
 "optimize": {"bounds": {"long_close_grid_markup_range": [0, 0.06],
                         "long_close_grid_min_markup": [0.001, 0.06],
                         "long_close_grid_qty_pct": [0.05, 1],
                         "long_close_trailing_grid_ratio": [-1, 1],
                         "long_close_trailing_qty_pct": [0.05, 1],
                         "long_close_trailing_retracement_pct": [0, 0.3],
                         "long_close_trailing_threshold_pct": [-0.1, 0.1],
                         "long_ema_span_0": [200, 1440],
                         "long_ema_span_1": [200, 1440],
                         "long_entry_grid_double_down_factor": [0.1, 3],
                         "long_entry_grid_spacing_pct": [0.001, 0.12],
                         "long_entry_grid_spacing_weight": [0, 10],
                         "long_entry_initial_ema_dist": [-0.1, 0.003],
                         "long_entry_initial_qty_pct": [0.005, 0.1],
                         "long_entry_trailing_grid_ratio": [-1, 1],
                         "long_entry_trailing_retracement_pct": [0, 0.1],
                         "long_entry_trailing_threshold_pct": [-0.1, 0.1],
                         "long_filter_relative_volume_clip_pct": [0.0, 1.0],
                         "long_filter_rolling_window": [10.0, 1440.0],
                         "long_n_positions": [1.0, 1.0],
                         "long_total_wallet_exposure_limit": [2.5, 2.5],
                         "long_unstuck_close_pct": [0.001, 0.1],
                         "long_unstuck_ema_dist": [-0.1, 0.01],
                         "long_unstuck_loss_allowance_pct": [0, 0.05],
                         "long_unstuck_threshold": [0.4, 0.95],
                         "short_close_grid_markup_range": [0, 0.03],
                         "short_close_grid_min_markup": [0.001, 0.03],
                         "short_close_grid_qty_pct": [0.05, 1],
                         "short_close_trailing_grid_ratio": [-1, 1],
                         "short_close_trailing_qty_pct": [0.05, 1],
                         "short_close_trailing_retracement_pct": [0, 0.1],
                         "short_close_trailing_threshold_pct": [-0.1, 0.1],
                         "short_ema_span_0": [200, 1440],
                         "short_ema_span_1": [200, 1440],
                         "short_entry_grid_double_down_factor": [0.1, 3],
                         "short_entry_grid_spacing_pct": [0.001, 0.12],
                         "short_entry_grid_spacing_weight": [0, 10],
                         "short_entry_initial_ema_dist": [-0.1, 0.003],
                         "short_entry_initial_qty_pct": [0.005, 0.1],
                         "short_entry_trailing_grid_ratio": [-1, 1],
                         "short_entry_trailing_retracement_pct": [0, 0.1],
                         "short_entry_trailing_threshold_pct": [-0.1, 0.1],
                         "short_filter_relative_volume_clip_pct": [0.0, 1.0],
                         "short_filter_rolling_window": [10.0, 1440.0],
                         "short_n_positions": [1.0, 1.0],
                         "short_total_wallet_exposure_limit": [1.0, 1.0],
                         "short_unstuck_close_pct": [0.001, 0.1],
                         "short_unstuck_ema_dist": [-0.1, 0.01],