{"config_name": "clock_1_symbols_1440days",
 "long": {"backwards_tp": true,
          "delay_between_fills_minutes_close": 1019.473089747055,
          "delay_between_fills_minutes_entry": 901.1392482918715,
          "delay_weight_close": 28.167863741200296,
          "delay_weight_entry": 19.70725280907864,
          "ema_dist_close": -0.003520287220955803,
          "ema_dist_entry": -0.01524705674243773,
          "ema_span_0": 195.22888283372677,
          "ema_span_1": 1429.6626289791361,
          "enabled": true,
          "markup_range": 0.041827154333007106,
          "min_markup": 0.008010405494225846,
          "n_close_orders": 16,
          "qty_pct_close": 0.033387163729318804,
          "qty_pct_entry": 0.010011412439169493,
          "wallet_exposure_limit": 1.0,
          "we_multiplier_close": 0.0,
          "we_multiplier_entry": 5.364075616356826},
 "short": {"backwards_tp": true,
           "delay_between_fills_minutes_close": 787.0489836482726,
           "delay_between_fills_minutes_entry": 342.2035596216175,
           "delay_weight_close": 83.4225120194311,
           "delay_weight_entry": 5.2534020605935785,
           "ema_dist_close": 0.001331736760006891,
           "ema_dist_entry": 0.0029382144446021517,
           "ema_span_0": 1259.3099825581933,
           "ema_span_1": 457.8885379866398,
           "enabled": true,
           "markup_range": 0.004175684500139773,
           "min_markup": 0.004012259078262258,
           "n_close_orders": 8,
           "qty_pct_close": 0.05,
           "qty_pct_entry": 0.01,
           "wallet_exposure_limit": 1.0,
           "we_multiplier_close": 0.0,
           "we_multiplier_entry": 3.889910459917957}}