{"config_name": "clock_1_symbols_1440days",
 "long": {"backwards_tp": true,
          "delay_between_fills_minutes_close": 680.1555632342215,
          "delay_between_fills_minutes_entry": 1434.3711071189318,
          "delay_weight_close": 71.33247142277351,
          "delay_weight_entry": 21.525812318910884,
          "ema_dist_close": 0.0015449642409093227,
          "ema_dist_entry": -0.049919805686270906,
          "ema_span_0": 833.146147063665,
          "ema_span_1": 289.35295266569557,
          "enabled": true,
          "markup_range": 0.02126791567417979,
          "min_markup": 0.0099963625949188,
          "n_close_orders": 7,
          "qty_pct_close": 0.01,
          "qty_pct_entry": 0.010000207297279311,
          "wallet_exposure_limit": 1.0,
          "we_multiplier_close": 0.0,
          "we_multiplier_entry": 7.945325290666605},
 "short": {"backwards_tp": true,
           "delay_between_fills_minutes_close": 979.0905816187435,
           "delay_between_fills_minutes_entry": 925.6932641272911,
           "delay_weight_close": 27.539638367545308,
           "delay_weight_entry": 3.455931751413349,
           "ema_dist_close": -0.009864595672557416,
           "ema_dist_entry": -0.04665907458045518,
           "ema_span_0": 1392.7178816263454,
           "ema_span_1": 948.5130216010937,
           "enabled": true,
           "markup_range": 0.0033053291951477565,
           "min_markup": 0.008485055121633254,
           "n_close_orders": 6,
           "qty_pct_close": 0.04292623542958541,
           "qty_pct_entry": 0.016888676812216456,
           "wallet_exposure_limit": 1.0,
           "we_multiplier_close": 0.0,
           "we_multiplier_entry": 4.091058869600844}}