{"config_name": "clock_1_symbols_1440days",
 "long": {"backwards_tp": true,
          "delay_between_fills_minutes_close": 810.4650687206833,
          "delay_between_fills_minutes_entry": 866.0722667814865,
          "delay_weight_close": 66.20327856544971,
          "delay_weight_entry": 16.218117842759593,
          "ema_dist_close": -0.0055127417999143976,
          "ema_dist_entry": -0.04014478037268424,
          "ema_span_0": 636.6897320941081,
          "ema_span_1": 1410.107951378582,
          "enabled": true,
          "markup_range": 0.01816271461692508,
          "min_markup": 0.009284435401099302,
          "n_close_orders": 6,
          "qty_pct_close": 0.020395036421696315,
          "qty_pct_entry": 0.010014004853763322,
          "wallet_exposure_limit": 1.0,
          "we_multiplier_close": 0.0,
          "we_multiplier_entry": 5.224127191862166},
 "short": {"backwards_tp": true,
           "delay_between_fills_minutes_close": 1142.5424828787145,
           "delay_between_fills_minutes_entry": 261.5676278492289,
           "delay_weight_close": 23.900874140553622,
           "delay_weight_entry": 2.30219297402849,
           "ema_dist_close": -0.00991456581635114,
           "ema_dist_entry": -0.03807547121856902,
           "ema_span_0": 1118.262039242844,
           "ema_span_1": 627.9762403439751,
           "enabled": true,
           "markup_range": 0.013195679913812828,
           "min_markup": 0.004434193663195625,
           "n_close_orders": 13,
           "qty_pct_close": 0.027074323694373084,
           "qty_pct_entry": 0.041592073242404146,
           "wallet_exposure_limit": 1.0,
           "we_multiplier_close": 0.0,
           "we_multiplier_entry": 3.8844660839725256}}