{"config_name": "clock_1_symbols_1440days",
 "long": {"backwards_tp": true,
          "delay_between_fills_minutes_close": 584.7239982860057,
          "delay_between_fills_minutes_entry": 906.8994285010959,
          "delay_weight_close": 97.96685103449941,
          "delay_weight_entry": 24.63706284301255,
          "ema_dist_close": -0.005250891380696136,
          "ema_dist_entry": -0.00848959210366458,
          "ema_span_0": 1167.4240964757857,
          "ema_span_1": 1069.0991527603583,
          "enabled": true,
          "markup_range": 0.032759737777879785,
          "min_markup": 0.005471835129124074,
          "n_close_orders": 5,
          "qty_pct_close": 0.03674930127795192,
          "qty_pct_entry": 0.010025193903150674,
          "wallet_exposure_limit": 1.0,
          "we_multiplier_close": 0.0,
          "we_multiplier_entry": 1.4468996026773588},
 "short": {"backwards_tp": true,
           "delay_between_fills_minutes_close": 1440.0,
           "delay_between_fills_minutes_entry": 1293.6892882346897,
           "delay_weight_close": 100.0,
           "delay_weight_entry": 0,
           "ema_dist_close": 6.924923932910059e-05,
           "ema_dist_entry": 0.0013763776765055753,
           "ema_span_0": 791.798437017844,
           "ema_span_1": 1435.8825126722063,
           "enabled": true,
           "markup_range": 0.05999999987564373,
           "min_markup": 0.01,
           "n_close_orders": 16,
           "qty_pct_close": 0.01,
           "qty_pct_entry": 0.025473718379352618,
           "wallet_exposure_limit": 1.0,
           "we_multiplier_close": 0.0,
           "we_multiplier_entry": 6.064731614294175}}