{"config_name": "clock_1_symbols_1440days",
 "long": {"backwards_tp": true,
          "delay_between_fills_minutes_close": 829.0888639719085,
          "delay_between_fills_minutes_entry": 805.706598395015,
          "delay_weight_close": 42.24161757063923,
          "delay_weight_entry": 14.917818490330507,
          "ema_dist_close": -0.004166213156830258,
          "ema_dist_entry": -0.0015187199008021065,
          "ema_span_0": 41.103352956661986,
          "ema_span_1": 1018.991140090259,
          "enabled": true,
          "markup_range": 0.006516253006714405,
          "min_markup": 0.0028146861779117776,
          "n_close_orders": 4,
          "qty_pct_close": 0.026036913963861576,
          "qty_pct_entry": 0.026078914742195813,
          "wallet_exposure_limit": 1.0,
          "we_multiplier_close": 0.0,
          "we_multiplier_entry": 7.003120223688265},
 "short": {"backwards_tp": true,
           "delay_between_fills_minutes_close": 502.003175645862,
           "delay_between_fills_minutes_entry": 889.5645019873994,
           "delay_weight_close": 77.07018852049873,
           "delay_weight_entry": 21.40736025547112,
           "ema_dist_close": -0.004821209555099583,
           "ema_dist_entry": -0.02443203526249835,
           "ema_span_0": 487.41703860120816,
           "ema_span_1": 1338.358233209023,
           "enabled": true,
           "markup_range": 0.030028881371097913,
           "min_markup": 0.0056468495893545875,
           "n_close_orders": 3,
           "qty_pct_close": 0.0107729169472475,
           "qty_pct_entry": 0.012732073864095434,
           "wallet_exposure_limit": 1.0,
           "we_multiplier_close": 0.0,
           "we_multiplier_entry": 9.73015124418567}}