{"config_name": "clock_1_symbols_1440days",
 "long": {"backwards_tp": true,
          "delay_between_fills_minutes_close": 388.99722162996517,
          "delay_between_fills_minutes_entry": 1111.8793130784834,
          "delay_weight_close": 11.341965092452384,
          "delay_weight_entry": 90.4303263805584,
          "ema_dist_close": 0.00027058041665726053,
          "ema_dist_entry": -0.008501200831071015,
          "ema_span_0": 51.133737599877634,
          "ema_span_1": 25.828490075246116,
          "enabled": true,
          "markup_range": 2.0244943854850913e-05,
          "min_markup": 0.006238380879843942,
          "n_close_orders": 13,
          "qty_pct_close": 0.023684552573238565,
          "qty_pct_entry": 0.02330959134949602,
          "wallet_exposure_limit": 1.0,
          "we_multiplier_close": 0.0,
          "we_multiplier_entry": 6.188532107780513},
 "short": {"backwards_tp": true,
           "delay_between_fills_minutes_close": 888.1921221122896,
           "delay_between_fills_minutes_entry": 716.1425641427588,
           "delay_weight_close": 9.695935782424348,
           "delay_weight_entry": 45.89212184511753,
           "ema_dist_close": -0.0040150463349385695,
           "ema_dist_entry": -0.01851438153960711,
           "ema_span_0": 1242.2551171688729,
           "ema_span_1": 360.33289858412877,
           "enabled": true,
           "markup_range": 0.05997220834896603,
           "min_markup": 0.0036560311832191162,
           "n_close_orders": 10,
           "qty_pct_close": 0.02414503159398839,
           "qty_pct_entry": 0.011798776116460394,
           "wallet_exposure_limit": 1.0,
           "we_multiplier_close": 0.0,
           "we_multiplier_entry": 5.594845174025209}}