{"config_name": "clock_1_symbols_1440days",
 "long": {"backwards_tp": true,
          "delay_between_fills_minutes_close": 1368.7939996319608,
          "delay_between_fills_minutes_entry": 1436.4543422748065,
          "delay_weight_close": 3.975274608660564,
          "delay_weight_entry": 42.05409824716487,
          "ema_dist_close": -0.001374468220071909,
          "ema_dist_entry": 0.0014884432666125275,
          "ema_span_0": 455.43867790944796,
          "ema_span_1": 1440.0,
          "enabled": true,
          "markup_range": 0.0007355756152811336,
          "min_markup": 0.01,
          "n_close_orders": 15,
          "qty_pct_close": 0.010000409843615431,
          "qty_pct_entry": 0.010035189260483624,
          "wallet_exposure_limit": 1.0,
          "we_multiplier_close": 0.0,
          "we_multiplier_entry": 9.944833010624793},
 "short": {"backwards_tp": true,
           "delay_between_fills_minutes_close": 1437.5325020203477,
           "delay_between_fills_minutes_entry": 1439.9988133339439,
           "delay_weight_close": 92.18143078495866,
           "delay_weight_entry": 34.296595580803846,
           "ema_dist_close": -0.005876785170369444,
           "ema_dist_entry": -0.01451789214721365,
           "ema_span_0": 468.2175088542246,
           "ema_span_1": 1070.2152841697975,
           "enabled": true,
           "markup_range": 0.0,
           "min_markup": 0.0035606975438122255,
           "n_close_orders": 2,
           "qty_pct_close": 0.03558864408079531,
           "qty_pct_entry": 0.02405936787255683,
           "wallet_exposure_limit": 1.0,
           "we_multiplier_close": 0.0,
           "we_multiplier_entry": 2.803143555866008}}