{"config_name": "clock_1_symbols_1440days",
 "long": {"backwards_tp": true,
          "delay_between_fills_minutes_close": 1431.450369439668,
          "delay_between_fills_minutes_entry": 301.773124155718,
          "delay_weight_close": 99.11797380957739,
          "delay_weight_entry": 1.3202620275842814,
          "ema_dist_close": -0.006027328320116458,
          "ema_dist_entry": -0.0048920947907120736,
          "ema_span_0": 267.4287945270442,
          "ema_span_1": 474.0010353282743,
          "enabled": true,
          "markup_range": 0.006897478969549742,
          "min_markup": 0.003439669690600702,
          "n_close_orders": 3,
          "qty_pct_close": 0.013202431478295229,
          "qty_pct_entry": 0.016048087410812647,
          "wallet_exposure_limit": 1.0,
          "we_multiplier_close": 0.0,
          "we_multiplier_entry": 6.368244253110203},
 "short": {"backwards_tp": true,
           "delay_between_fills_minutes_close": 1335.0353128432066,
           "delay_between_fills_minutes_entry": 830.2547436283547,
           "delay_weight_close": 31.993830162574007,
           "delay_weight_entry": 0.22293039693178837,
           "ema_dist_close": 0.000320811340187439,
           "ema_dist_entry": -0.025985658754278555,
           "ema_span_0": 1348.1196025001204,
           "ema_span_1": 649.1116772815642,
           "enabled": true,
           "markup_range": 0.028075268505706092,
           "min_markup": 0.009528394887078438,
           "n_close_orders": 4,
           "qty_pct_close": 0.010121838369768552,
           "qty_pct_entry": 0.018770152418337387,
           "wallet_exposure_limit": 1.0,
           "we_multiplier_close": 0.0,
           "we_multiplier_entry": 8.353774868324532}}