{"config_name": "clock_1_symbols_1440days",
 "long": {"backwards_tp": true,
          "delay_between_fills_minutes_close": 1319.1279680383802,
          "delay_between_fills_minutes_entry": 1167.2610752639564,
          "delay_weight_close": 0.48952734026410333,
          "delay_weight_entry": 27.040987253888332,
          "ema_dist_close": -0.0004486407920448882,
          "ema_dist_entry": -0.044159631075310575,
          "ema_span_0": 1406.6444181936354,
          "ema_span_1": 52.757517362169686,
          "enabled": true,
          "markup_range": 0.007698109580927832,
          "min_markup": 0.003277869587220569,
          "n_close_orders": 2,
          "qty_pct_close": 0.03445153358323692,
          "qty_pct_entry": 0.01465681210128645,
          "wallet_exposure_limit": 1.0,
          "we_multiplier_close": 0.0,
          "we_multiplier_entry": 0.1514794207211255},
 "short": {"backwards_tp": true,
           "delay_between_fills_minutes_close": 1348.653376336381,
           "delay_between_fills_minutes_entry": 237.59921123241733,
           "delay_weight_close": 51.18928162289027,
           "delay_weight_entry": 0.1931513224283165,
           "ema_dist_close": -0.0032515506929010557,
           "ema_dist_entry": -0.0008022696833248211,
           "ema_span_0": 597.6661914330255,
           "ema_span_1": 1390.7139360068636,
           "enabled": true,
           "markup_range": 0.03237684548701868,
           "min_markup": 0.00940938126884985,
           "n_close_orders": 6,
           "qty_pct_close": 0.034615150182668794,
           "qty_pct_entry": 0.023524937628658874,
           "wallet_exposure_limit": 1.0,
           "we_multiplier_close": 0.0,
           "we_multiplier_entry": 7.90397116064223}}