{"config_name": "clock_1_symbols_1440days",
 "long": {"backwards_tp": true,
          "delay_between_fills_minutes_close": 561.8679975564686,
          "delay_between_fills_minutes_entry": 1035.558337506073,
          "delay_weight_close": 89.58923030501786,
          "delay_weight_entry": 13.932910107448365,
          "ema_dist_close": 0.0003703595153008395,
          "ema_dist_entry": 0.0029999254843566473,
          "ema_span_0": 1439.7103899612591,
          "ema_span_1": 352.1308205881243,
          "enabled": true,
          "markup_range": 0.04925168336990679,
          "min_markup": 0.0019446960212453654,
          "n_close_orders": 10,
          "qty_pct_close": 0.03253228603648531,
          "qty_pct_entry": 0.013522931965166253,
          "wallet_exposure_limit": 1.0,
          "we_multiplier_close": 0.0,
          "we_multiplier_entry": 5.38948976200434},
 "short": {"backwards_tp": true,
           "delay_between_fills_minutes_close": 1343.32894854814,
           "delay_between_fills_minutes_entry": 381.332562459981,
           "delay_weight_close": 100.0,
           "delay_weight_entry": 13.908467947647614,
           "ema_dist_close": -0.005821933309373268,
           "ema_dist_entry": 0.002999995140203143,
           "ema_span_0": 573.7310147075153,
           "ema_span_1": 1417.8205221270266,
           "enabled": true,
           "markup_range": 0.014613238629399262,
           "min_markup": 0.00905959726341714,
           "n_close_orders": 3,
           "qty_pct_close": 0.0434830182043453,
           "qty_pct_entry": 0.010488788168917657,
           "wallet_exposure_limit": 1.0,
           "we_multiplier_close": 0.0,
           "we_multiplier_entry": 3.1718377986355155}}