{"config_name": "clock_1_symbols_1440days",
 "long": {"backwards_tp": true,
          "delay_between_fills_minutes_close": 1438.8596039521449,
          "delay_between_fills_minutes_entry": 1438.808145833615,
          "delay_weight_close": 99.70377545473953,
          "delay_weight_entry": 3.915520284285579,
          "ema_dist_close": 0.002448355917847513,
          "ema_dist_entry": -0.005067867452051612,
          "ema_span_0": 1436.5923588905264,
          "ema_span_1": 1291.2307732555842,
          "enabled": true,
          "markup_range": 0.053434600396747044,
          "min_markup": 0.008610723928271032,
          "n_close_orders": 3,
          "qty_pct_close": 0.033344382922256464,
          "qty_pct_entry": 0.039057372510973534,
          "wallet_exposure_limit": 1.0,
          "we_multiplier_close": 0.0,
          "we_multiplier_entry": 9.340871286600008},
 "short": {"backwards_tp": true,
           "delay_between_fills_minutes_close": 935.905286002075,
           "delay_between_fills_minutes_entry": 941.4731982815456,
           "delay_weight_close": 33.84573130613641,
           "delay_weight_entry": 27.64043974386053,
           "ema_dist_close": -0.008884745984265127,
           "ema_dist_entry": -0.011871037761632286,
           "ema_span_0": 1190.7548365640048,
           "ema_span_1": 1351.157442336386,
           "enabled": true,
           "markup_range": 0.016287290778374052,
           "min_markup": 0.004208989862984247,
           "n_close_orders": 8,
           "qty_pct_close": 0.029122099983759652,
           "qty_pct_entry": 0.013153672685754833,
           "wallet_exposure_limit": 1.0,
           "we_multiplier_close": 0.0,
           "we_multiplier_entry": 1.6439753062974378}}