{"config_name": "clock_1_symbols_1440days",
 "long": {"backwards_tp": true,
          "delay_between_fills_minutes_close": 1099.895943785505,
          "delay_between_fills_minutes_entry": 635.6980307454234,
          "delay_weight_close": 6.219454858004371e-06,
          "delay_weight_entry": 18.617461369823022,
          "ema_dist_close": -0.006571729494439615,
          "ema_dist_entry": 0.0029840782657173793,
          "ema_span_0": 1283.7732070678096,
          "ema_span_1": 1440.0,
          "enabled": true,
          "markup_range": 0.02284418378345949,
          "min_markup": 0.007124184534996471,
          "n_close_orders": 5,
          "qty_pct_close": 0.03133318827888867,
          "qty_pct_entry": 0.01419067880103034,
          "wallet_exposure_limit": 1.0,
          "we_multiplier_close": 0.0,
          "we_multiplier_entry": 0.16450017686468643},
 "short": {"backwards_tp": true,
           "delay_between_fills_minutes_close": 1044.2799211735694,
           "delay_between_fills_minutes_entry": 1056.693193069788,
           "delay_weight_close": 56.57968752498011,
           "delay_weight_entry": 34.2295408821115,
           "ema_dist_close": -0.001395166283141624,
           "ema_dist_entry": -0.04413825538561504,
           "ema_span_0": 1355.1130858270208,
           "ema_span_1": 158.75241253129508,
           "enabled": true,
           "markup_range": 0.01240242136779373,
           "min_markup": 0.00872299301258408,
           "n_close_orders": 3,
           "qty_pct_close": 0.04977622066951373,
           "qty_pct_entry": 0.013947895408631202,
           "wallet_exposure_limit": 1.0,
           "we_multiplier_close": 0.0,
           "we_multiplier_entry": 9.606182892469118}}