{"config_name": "clock_1_symbols_1440days",
 "long": {"backwards_tp": true,
          "delay_between_fills_minutes_close": 162.1037094172053,
          "delay_between_fills_minutes_entry": 1075.940257881113,
          "delay_weight_close": 75.0784389063528,
          "delay_weight_entry": 17.85851580559693,
          "ema_dist_close": -0.0022907605935622195,
          "ema_dist_entry": 0.002999999897734937,
          "ema_span_0": 5.494697367949552,
          "ema_span_1": 574.0281067730473,
          "enabled": true,
          "markup_range": 0.0099563539062387,
          "min_markup": 0.009936653418972825,
          "n_close_orders": 9,
          "qty_pct_close": 0.049994683164530665,
          "qty_pct_entry": 0.01010320834348652,
          "wallet_exposure_limit": 1.0,
          "we_multiplier_close": 0.0,
          "we_multiplier_entry": 4.3029942317046945},
 "short": {"backwards_tp": true,
           "delay_between_fills_minutes_close": 1398.1357092137366,
           "delay_between_fills_minutes_entry": 1031.9433650814283,
           "delay_weight_close": 36.72771409347293,
           "delay_weight_entry": 0.60224590493288,
           "ema_dist_close": -0.005943793235192759,
           "ema_dist_entry": -0.014542685725768913,
           "ema_span_0": 1151.0692056954065,
           "ema_span_1": 1436.6681241587785,
           "enabled": true,
           "markup_range": 0.05413323994086719,
           "min_markup": 0.0012361852612626084,
           "n_close_orders": 6,
           "qty_pct_close": 0.010232002277172317,
           "qty_pct_entry": 0.013802975875625106,
           "wallet_exposure_limit": 1.0,
           "we_multiplier_close": 0.0,
           "we_multiplier_entry": 3.63687848530602}}