{"config_name": "clock_1_symbols_1440days",
 "long": {"backwards_tp": true,
          "delay_between_fills_minutes_close": 776.6779732154104,
          "delay_between_fills_minutes_entry": 398.2869616383374,
          "delay_weight_close": 68.66439289639739,
          "delay_weight_entry": 41.22278031448867,
          "ema_dist_close": 0.0024870786315847495,
          "ema_dist_entry": 0.002908854673572254,
          "ema_span_0": 604.621799133401,
          "ema_span_1": 850.0336654546219,
          "enabled": true,
          "markup_range": 6.699585624958688e-08,
          "min_markup": 0.005914203448183992,
          "n_close_orders": 2,
          "qty_pct_close": 0.04735247138401526,
          "qty_pct_entry": 0.011980277690897627,
          "wallet_exposure_limit": 1.0,
          "we_multiplier_close": 0.0,
          "we_multiplier_entry": 8.239895287224483},
 "short": {"backwards_tp": true,
           "delay_between_fills_minutes_close": 1295.8825022292503,
           "delay_between_fills_minutes_entry": 1390.0316548008861,
           "delay_weight_close": 95.44717952180041,
           "delay_weight_entry": 24.969535399345048,
           "ema_dist_close": 0.0014444504979387086,
           "ema_dist_entry": -0.026336211956883317,
           "ema_span_0": 344.1979193265121,
           "ema_span_1": 731.8843779268713,
           "enabled": true,
           "markup_range": 0.007565278451167083,
           "min_markup": 0.0014530336665016376,
           "n_close_orders": 5,
           "qty_pct_close": 0.0469457357802011,
           "qty_pct_entry": 0.01,
           "wallet_exposure_limit": 1.0,
           "we_multiplier_close": 0.0,
           "we_multiplier_entry": 9.968237211359481}}