{"config_name": "clock_1_symbols_1440days",
 "long": {"backwards_tp": true,
          "delay_between_fills_minutes_close": 541.5755863084545,
          "delay_between_fills_minutes_entry": 1380.1399243498934,
          "delay_weight_close": 52.62349900986468,
          "delay_weight_entry": 25.588129041320983,
          "ema_dist_close": -0.0004762651617598187,
          "ema_dist_entry": -0.000466606165830722,
          "ema_span_0": 877.9131478047278,
          "ema_span_1": 1244.266216810075,
          "enabled": true,
          "markup_range": 0.01607690900964176,
          "min_markup": 0.0042814012490398606,
          "n_close_orders": 15,
          "qty_pct_close": 0.01031972246126531,
          "qty_pct_entry": 0.012073563881268904,
          "wallet_exposure_limit": 1.0,
          "we_multiplier_close": 0.0,
          "we_multiplier_entry": 8.124881889282028},
 "short": {"backwards_tp": true,
           "delay_between_fills_minutes_close": 1085.2643633662994,
           "delay_between_fills_minutes_entry": 507.1294303859043,
           "delay_weight_close": 99.22039378481655,
           "delay_weight_entry": 8.00395534304684,
           "ema_dist_close": -0.0060593541425388335,
           "ema_dist_entry": -0.044120459271866114,
           "ema_span_0": 164.60944719564446,
           "ema_span_1": 1199.9388797310062,
           "enabled": true,
           "markup_range": 0.05439653886577143,
           "min_markup": 0.009782228665103832,
           "n_close_orders": 14,
           "qty_pct_close": 0.015774367485929235,
           "qty_pct_entry": 0.010000009994806413,
           "wallet_exposure_limit": 1.0,
           "we_multiplier_close": 0.0,
           "we_multiplier_entry": 9.615358084268173}}