{"config_name": "clock_1_symbols_1440days",
 "long": {"backwards_tp": true,
          "delay_between_fills_minutes_close": 1298.02932450297,
          "delay_between_fills_minutes_entry": 1034.5858910851673,
          "delay_weight_close": 69.5735001855263,
          "delay_weight_entry": 9.656906866801172,
          "ema_dist_close": -0.003337333428947308,
          "ema_dist_entry": 0.002983779146616961,
          "ema_span_0": 191.21081209321187,
          "ema_span_1": 1439.9998960067105,
          "enabled": true,
          "markup_range": 0.038842350590475264,
          "min_markup": 0.003929847845521689,
          "n_close_orders": 16,
          "qty_pct_close": 0.049322631835423444,
          "qty_pct_entry": 0.010007869237174307,
          "wallet_exposure_limit": 1.0,
          "we_multiplier_close": 0.0,
          "we_multiplier_entry": 8.87985214344335},
 "short": {"backwards_tp": true,
           "delay_between_fills_minutes_close": 1432.91584149069,
           "delay_between_fills_minutes_entry": 202.72599597492177,
           "delay_weight_close": 92.99489757469281,
           "delay_weight_entry": 3.7175556601562625,
           "ema_dist_close": 0.0028601104794059398,
           "ema_dist_entry": 0.0006098788606936288,
           "ema_span_0": 5.0,
           "ema_span_1": 1246.947013777544,
           "enabled": true,
           "markup_range": 0.0033991822895000088,
           "min_markup": 0.009502291635037158,
           "n_close_orders": 2,
           "qty_pct_close": 0.01045135402114358,
           "qty_pct_entry": 0.010458614196299858,
           "wallet_exposure_limit": 1.0,
           "we_multiplier_close": 0.0,
           "we_multiplier_entry": 9.076161213166479}}