{"config_name": "clock_1_symbols_1440days",
 "long": {"backwards_tp": true,
          "delay_between_fills_minutes_close": 1191.0618067681066,
          "delay_between_fills_minutes_entry": 989.9342467247544,
          "delay_weight_close": 95.91654561847983,
          "delay_weight_entry": 12.868164453750012,
          "ema_dist_close": -0.0047357151505375145,
          "ema_dist_entry": -0.04990935723275659,
          "ema_span_0": 1258.6541090885692,
          "ema_span_1": 1294.6653039507676,
          "enabled": true,
          "markup_range": 0.059999973752201605,
          "min_markup": 0.009991177198046384,
          "n_close_orders": 12,
          "qty_pct_close": 0.01,
          "qty_pct_entry": 0.010018903002597451,
          "wallet_exposure_limit": 1.0,
          "we_multiplier_close": 0.0,
          "we_multiplier_entry": 5.485284543603084},
 "short": {"backwards_tp": true,
           "delay_between_fills_minutes_close": 499.79225568871726,
           "delay_between_fills_minutes_entry": 925.5302046594818,
           "delay_weight_close": 7.817650260055354,
           "delay_weight_entry": 7.31630341769889,
           "ema_dist_close": 0.002827640641120327,
           "ema_dist_entry": 0.003,
           "ema_span_0": 1014.5795428989599,
           "ema_span_1": 1128.3895148108697,
           "enabled": true,
           "markup_range": 0.0,
           "min_markup": 0.0039187045249683364,
           "n_close_orders": 3,
           "qty_pct_close": 0.016256203447949785,
           "qty_pct_entry": 0.04236142663336272,
           "wallet_exposure_limit": 1.0,
           "we_multiplier_close": 0.0,
           "we_multiplier_entry": 8.893823902694647}}