{"config_name": "clock_1_symbols_1440days",
 "long": {"backwards_tp": true,
          "delay_between_fills_minutes_close": 122.68158270434087,
          "delay_between_fills_minutes_entry": 390.3365041652568,
          "delay_weight_close": 90.9584841972238,
          "delay_weight_entry": 13.475292119533835,
          "ema_dist_close": 0.0010947244111038997,
          "ema_dist_entry": 0.002982907784168216,
          "ema_span_0": 1440.0,
          "ema_span_1": 5,
          "enabled": true,
          "markup_range": 0.059915802873905265,
          "min_markup": 0.002440386420965235,
          "n_close_orders": 6,
          "qty_pct_close": 0.01684792738518892,
          "qty_pct_entry": 0.010000651493497683,
          "wallet_exposure_limit": 1.0,
          "we_multiplier_close": 0.0,
          "we_multiplier_entry": 9.060601198854748},
 "short": {"backwards_tp": true,
           "delay_between_fills_minutes_close": 1439.9156123569219,
           "delay_between_fills_minutes_entry": 583.1442021344974,
           "delay_weight_close": 27.165952807965493,
           "delay_weight_entry": 49.239191346937915,
           "ema_dist_close": -0.00447804905500909,
           "ema_dist_entry": -0.008228826005890649,
           "ema_span_0": 1440.0,
           "ema_span_1": 14.710820957401772,
           "enabled": true,
           "markup_range": 0.0,
           "min_markup": 0.007050502976543983,
           "n_close_orders": 10,
           "qty_pct_close": 0.05,
           "qty_pct_entry": 0.01,
           "wallet_exposure_limit": 1.0,
           "we_multiplier_close": 0.0,
           "we_multiplier_entry": 0.009733210097745923}}