{"config_name": "clock_1_symbols_1440days",
 "long": {"backwards_tp": true,
          "delay_between_fills_minutes_close": 226.84001466514164,
          "delay_between_fills_minutes_entry": 896.7410130589071,
          "delay_weight_close": 3.7759048517517244,
          "delay_weight_entry": 17.84964388707038,
          "ema_dist_close": -0.0005835309479899969,
          "ema_dist_entry": 0.003,
          "ema_span_0": 1440.0,
          "ema_span_1": 1431.4265004624344,
          "enabled": true,
          "markup_range": 0.06,
          "min_markup": 0.0033081810824874772,
          "n_close_orders": 5,
          "qty_pct_close": 0.019015164121819177,
          "qty_pct_entry": 0.01,
          "wallet_exposure_limit": 1.0,
          "we_multiplier_close": 0.0,
          "we_multiplier_entry": 0.10006460023624782},
 "short": {"backwards_tp": true,
           "delay_between_fills_minutes_close": 614.3690347905692,
           "delay_between_fills_minutes_entry": 1067.0196915068368,
           "delay_weight_close": 18.245161079455475,
           "delay_weight_entry": 17.575018915979506,
           "ema_dist_close": 0.002866985536668681,
           "ema_dist_entry": 0.0029381755018010117,
           "ema_span_0": 1434.033092484735,
           "ema_span_1": 453.43755421621603,
           "enabled": true,
           "markup_range": 0.00025532599175329395,
           "min_markup": 0.008300253761666305,
           "n_close_orders": 13,
           "qty_pct_close": 0.01010898262236129,
           "qty_pct_entry": 0.011239050024251747,
           "wallet_exposure_limit": 1.0,
           "we_multiplier_close": 0.0,
           "we_multiplier_entry": 9.998951419837523}}