{"config_name": "clock_1_symbols_1440days",
 "long": {"backwards_tp": true,
          "delay_between_fills_minutes_close": 1274.9463358392043,
          "delay_between_fills_minutes_entry": 872.5287897764384,
          "delay_weight_close": 10.656878119347276,
          "delay_weight_entry": 10.867817769086319,
          "ema_dist_close": -0.005319542051116037,
          "ema_dist_entry": -0.014249548088646242,
          "ema_span_0": 1283.6813911570691,
          "ema_span_1": 897.3986912339061,
          "enabled": true,
          "markup_range": 0.05875413391649352,
          "min_markup": 0.008663861452044301,
          "n_close_orders": 11,
          "qty_pct_close": 0.017994711520982757,
          "qty_pct_entry": 0.030892724280287248,
          "wallet_exposure_limit": 1.0,
          "we_multiplier_close": 0.0,
          "we_multiplier_entry": 9.946584048241661},
 "short": {"backwards_tp": true,
           "delay_between_fills_minutes_close": 1249.998956338685,
           "delay_between_fills_minutes_entry": 37.4880237984626,
           "delay_weight_close": 38.050748301766106,
           "delay_weight_entry": 0.5218608100803062,
           "ema_dist_close": -0.00986729135025139,
           "ema_dist_entry": -0.036406670119213384,
           "ema_span_0": 1384.0656190094853,
           "ema_span_1": 11.496501378798472,
           "enabled": true,
           "markup_range": 0.0005754556643735672,
           "min_markup": 0.008550108879690472,
           "n_close_orders": 7,
           "qty_pct_close": 0.03271588347024538,
           "qty_pct_entry": 0.03071849540237402,
           "wallet_exposure_limit": 1.0,
           "we_multiplier_close": 0.0,
           "we_multiplier_entry": 5.866366281583323}}