{"config_name": "clock_1_symbols_1440days",
 "long": {"backwards_tp": true,
          "delay_between_fills_minutes_close": 1440.0,
          "delay_between_fills_minutes_entry": 951.7667571989265,
          "delay_weight_close": 37.43393161821789,
          "delay_weight_entry": 12.341853523668112,
          "ema_dist_close": 0.0019959387310526724,
          "ema_dist_entry": -0.0015719793497150926,
          "ema_span_0": 1204.3923837558602,
          "ema_span_1": 45.65852118561595,
          "enabled": true,
          "markup_range": 0.0058168128886763705,
          "min_markup": 0.0012308733352819376,
          "n_close_orders": 12,
          "qty_pct_close": 0.010002336422056569,
          "qty_pct_entry": 0.033578675488093415,
          "wallet_exposure_limit": 1.0,
          "we_multiplier_close": 0.0,
          "we_multiplier_entry": 0.3727439150240061},
 "short": {"backwards_tp": true,
           "delay_between_fills_minutes_close": 1434.0054437140475,
           "delay_between_fills_minutes_entry": 1038.5443431723554,
           "delay_weight_close": 90.08092973569447,
           "delay_weight_entry": 2.808966650680955,
           "ema_dist_close": -0.009592090572535752,
           "ema_dist_entry": -0.041955915187924415,
           "ema_span_0": 60.971094121194184,
           "ema_span_1": 1307.6554991127293,
           "enabled": true,
           "markup_range": 0.024511215950747615,
           "min_markup": 0.009777529441651365,
           "n_close_orders": 16,
           "qty_pct_close": 0.01,
           "qty_pct_entry": 0.02127889105371886,
           "wallet_exposure_limit": 1.0,
           "we_multiplier_close": 0.0,
           "we_multiplier_entry": 1.3831965957858978}}