{
    "config_name": "clock_0days",
    "long": {
        "backwards_tp": true,
        "delay_between_fills_minutes_close": 776.157444829521,
        "delay_between_fills_minutes_entry": 1248.9066301464895,
        "delay_weight_close": 56.03334732640607,
        "delay_weight_entry": 26.514806685143643,
        "ema_dist_close": -0.017470641865407033,
        "ema_dist_entry": -0.005718437970332562,
        "ema_span_0": 1127.3609777503655,
        "ema_span_1": 1197.1734499349784,
        "enabled": true,
        "markup_range": 0.009268588096530094,
        "min_markup": 0.005658727399331694,
        "n_close_orders": 9,
        "qty_pct_close": 0.021835288187870415,
        "qty_pct_entry": 0.015969662134793908,
        "wallet_exposure_limit": 1.0,
        "we_multiplier_close": 0.5488059381507472,
        "we_multiplier_entry": 43.89184929578766
    },
    "short": {
        "backwards_tp": true,
        "delay_between_fills_minutes_close": 923.4332148278052,
        "delay_between_fills_minutes_entry": 718.0370739366859,
        "delay_weight_close": 0,
        "delay_weight_entry": 11.361889062158198,
        "ema_dist_close": -0.002237428810592892,
        "ema_dist_entry": -0.004265832545759081,
        "ema_span_0": 1049.6417003102388,
        "ema_span_1": 863.4851248240769,
        "enabled": true,
        "markup_range": 0.0045087749267992425,
        "min_markup": 0.006305350545351498,
        "n_close_orders": 11,
        "qty_pct_close": 0.013705393813393058,
        "qty_pct_entry": 0.011939341626625733,
        "wallet_exposure_limit": 1,
        "we_multiplier_close": 0,
        "we_multiplier_entry": 100.42809435340195
    }
}