{"config_name": "clock_1_symbols_1440days",
 "long": {"backwards_tp": true,
          "delay_between_fills_minutes_close": 136.54795646190104,
          "delay_between_fills_minutes_entry": 889.548612099616,
          "delay_weight_close": 81.104994544401,
          "delay_weight_entry": 12.809264827969978,
          "ema_dist_close": 0.0022025259434997613,
          "ema_dist_entry": 0.0029979529436049987,
          "ema_span_0": 1440,
          "ema_span_1": 5.223443970399657,
          "enabled": true,
          "markup_range": 0.06,
          "min_markup": 0.007959357904391099,
          "n_close_orders": 3,
          "qty_pct_close": 0.020400569078969776,
          "qty_pct_entry": 0.01072417609550609,
          "wallet_exposure_limit": 1.0,
          "we_multiplier_close": 0.0,
          "we_multiplier_entry": 9.104615549868662},
 "short": {"backwards_tp": true,
           "delay_between_fills_minutes_close": 1038.3149480511465,
           "delay_between_fills_minutes_entry": 761.4329655857997,
           "delay_weight_close": 23.92551912522033,
           "delay_weight_entry": 23.041481048796488,
           "ema_dist_close": -0.0028629421634590894,
           "ema_dist_entry": -0.007756119424370809,
           "ema_span_0": 5,
           "ema_span_1": 1407.626584344489,
           "enabled": true,
           "markup_range": 0.009002732705846657,
           "min_markup": 0.008820248653879125,
           "n_close_orders": 11,
           "qty_pct_close": 0.033754566680499205,
           "qty_pct_entry": 0.01681557366101034,
           "wallet_exposure_limit": 1.0,
           "we_multiplier_close": 0.0,
           "we_multiplier_entry": 1.657590571301064}}