{
    "config_name": "clock_0days",
    "long": {
        "backwards_tp": true,
        "delay_between_fills_minutes_close": 1341.05120462425,
        "delay_between_fills_minutes_entry": 1083.4045623421043,
        "delay_weight_close": 51.55571764167006,
        "delay_weight_entry": 20.305019518474708,
        "ema_dist_close": 0.0025501033424056596,
        "ema_dist_entry": -0.010093841097552056,
        "ema_span_0": 1365.0333262854585,
        "ema_span_1": 849.9228667649454,
        "enabled": true,
        "markup_range": 0.04769926417577563,
        "min_markup": 0.005619941089449408,
        "n_close_orders": 5,
        "qty_pct_close": 0.023400794180661197,
        "qty_pct_entry": 0.01,
        "wallet_exposure_limit": 1,
        "we_multiplier_close": 0,
        "we_multiplier_entry": 23.120460924637953
    },
    "short": {
        "backwards_tp": true,
        "delay_between_fills_minutes_close": 432.80115739121885,
        "delay_between_fills_minutes_entry": 1026.9700299624442,
        "delay_weight_close": 0.0,
        "delay_weight_entry": 23.484486487241668,
        "ema_dist_close": -0.0016851783266459202,
        "ema_dist_entry": 0.002517440081555802,
        "ema_span_0": 1085.1067374861593,
        "ema_span_1": 508.0994544047462,
        "enabled": true,
        "markup_range": 0.013085503655713803,
        "min_markup": 0.0071130426207592825,
        "n_close_orders": 9,
        "qty_pct_close": 0.02568938313388742,
        "qty_pct_entry": 0.010031828889642665,
        "wallet_exposure_limit": 1.0,
        "we_multiplier_close": 0.0,
        "we_multiplier_entry": 143.95007602705627
    }
}