{"config_name": "clock_1_symbols_1080days",
 "long": {"backwards_tp": true,
          "delay_between_fills_minutes_close": 1166.512633018252,
          "delay_between_fills_minutes_entry": 934.2739679549237,
          "delay_weight_close": 88.06292543362726,
          "delay_weight_entry": 15.26032667235647,
          "ema_dist_close": 0.0022811798691543396,
          "ema_dist_entry": 0.001259242875959772,
          "ema_span_0": 636.5265027906466,
          "ema_span_1": 1421.0257001222915,
          "enabled": true,
          "markup_range": 0.056196230663696445,
          "min_markup": 0.009195737056480614,
          "n_close_orders": 8,
          "qty_pct_close": 0.03420987178886582,
          "qty_pct_entry": 0.018026243982457148,
          "wallet_exposure_limit": 1.0,
          "we_multiplier_close": 0.0,
          "we_multiplier_entry": 9.083590634497304},
 "short": {"backwards_tp": true,
           "delay_between_fills_minutes_close": 1422.8895396462578,
           "delay_between_fills_minutes_entry": 579.7848247912453,
           "delay_weight_close": 50.06492616294144,
           "delay_weight_entry": 0,
           "ema_dist_close": -0.007752383908025191,
           "ema_dist_entry": 0.003,
           "ema_span_0": 507.5067888390235,
           "ema_span_1": 1440.0,
           "enabled": true,
           "markup_range": 0.05999990074665201,
           "min_markup": 0.009969392153051667,
           "n_close_orders": 3,
           "qty_pct_close": 0.01000000070315322,
           "qty_pct_entry": 0.010025959075239706,
           "wallet_exposure_limit": 1.0,
           "we_multiplier_close": 0.0,
           "we_multiplier_entry": 9.876333794640663}}