{"config_name": "clock_1_symbols_1440days",
 "long": {"backwards_tp": true,
          "delay_between_fills_minutes_close": 330.4166519146229,
          "delay_between_fills_minutes_entry": 901.2950624490206,
          "delay_weight_close": 100.0,
          "delay_weight_entry": 43.34296141233026,
          "ema_dist_close": -0.008573813283663105,
          "ema_dist_entry": -0.0011845241472026112,
          "ema_span_0": 189.65212303263473,
          "ema_span_1": 1440.0,
          "enabled": true,
          "markup_range": 0.0,
          "min_markup": 0.00847096403811403,
          "n_close_orders": 2,
          "qty_pct_close": 0.022121431374520533,
          "qty_pct_entry": 0.01282322412937921,
          "wallet_exposure_limit": 1.0,
          "we_multiplier_close": 0.0,
          "we_multiplier_entry": 3.1665439392576546},
 "short": {"backwards_tp": true,
           "delay_between_fills_minutes_close": 1399.2791751779178,
           "delay_between_fills_minutes_entry": 736.2349249194367,
           "delay_weight_close": 58.41197310174832,
           "delay_weight_entry": 11.709567760774403,
           "ema_dist_close": 0.0028673908447431878,
           "ema_dist_entry": -3.171280554363733e-05,
           "ema_span_0": 191.736992214121,
           "ema_span_1": 1191.728012162283,
           "enabled": true,
           "markup_range": 0.013451377417173147,
           "min_markup": 0.0017883334669787836,
           "n_close_orders": 3,
           "qty_pct_close": 0.028268887757657093,
           "qty_pct_entry": 0.02659199408054284,
           "wallet_exposure_limit": 1.0,
           "we_multiplier_close": 0.0,
           "we_multiplier_entry": 5.652338756406051}}