{"config_name": "clock_1_symbols_1440days",
 "long": {"backwards_tp": true,
          "delay_between_fills_minutes_close": 881.2820134035677,
          "delay_between_fills_minutes_entry": 1182.8828403473274,
          "delay_weight_close": 72.8430608432774,
          "delay_weight_entry": 28.932391144234504,
          "ema_dist_close": -0.0059772413798896765,
          "ema_dist_entry": -0.0007610399346779592,
          "ema_span_0": 1188.7747180937902,
          "ema_span_1": 627.0889469030923,
          "enabled": true,
          "markup_range": 0.031448632729635474,
          "min_markup": 0.0018160334372777532,
          "n_close_orders": 5,
          "qty_pct_close": 0.02220904604249217,
          "qty_pct_entry": 0.01358274899099738,
          "wallet_exposure_limit": 1.0,
          "we_multiplier_close": 0.0,
          "we_multiplier_entry": 5.763945144174779},
 "short": {"backwards_tp": true,
           "delay_between_fills_minutes_close": 1439.835609671453,
           "delay_between_fills_minutes_entry": 1439.9973766458725,
           "delay_weight_close": 99.99319827454903,
           "delay_weight_entry": 8.968744743935929,
           "ema_dist_close": 0.0027127399949823314,
           "ema_dist_entry": 0.0024979910446123414,
           "ema_span_0": 1439.9930513370311,
           "ema_span_1": 787.1965127647437,
           "enabled": true,
           "markup_range": 0.03903049391534198,
           "min_markup": 0.01,
           "n_close_orders": 7,
           "qty_pct_close": 0.020185999747612083,
           "qty_pct_entry": 0.010009645009377444,
           "wallet_exposure_limit": 1.0,
           "we_multiplier_close": 0.0,
           "we_multiplier_entry": 6.682238943136574}}