{"config_name": "clock_1_symbols_1440days",
 "long": {"backwards_tp": true,
          "delay_between_fills_minutes_close": 522.694419825868,
          "delay_between_fills_minutes_entry": 1434.572179606915,
          "delay_weight_close": 17.707459905922963,
          "delay_weight_entry": 21.17231178087071,
          "ema_dist_close": -0.0073891829876684585,
          "ema_dist_entry": -0.021872023872375287,
          "ema_span_0": 384.78373505865574,
          "ema_span_1": 1190.7314993286498,
          "enabled": true,
          "markup_range": 0.019833954636290514,
          "min_markup": 0.0029197173834603135,
          "n_close_orders": 10,
          "qty_pct_close": 0.010925530017961772,
          "qty_pct_entry": 0.014256158582022413,
          "wallet_exposure_limit": 1.0,
          "we_multiplier_close": 0.0,
          "we_multiplier_entry": 5.042742786490466},
 "short": {"backwards_tp": true,
           "delay_between_fills_minutes_close": 818.9900221134778,
           "delay_between_fills_minutes_entry": 1439.9706064422073,
           "delay_weight_close": 51.32220152163208,
           "delay_weight_entry": 12.965844041877522,
           "ema_dist_close": 0.002062556661892071,
           "ema_dist_entry": -0.017416180094014914,
           "ema_span_0": 486.6495086733754,
           "ema_span_1": 1440.0,
           "enabled": true,
           "markup_range": 0.013118426772646867,
           "min_markup": 0.008605773024467283,
           "n_close_orders": 4,
           "qty_pct_close": 0.020719106341611514,
           "qty_pct_entry": 0.04047470363865145,
           "wallet_exposure_limit": 1.0,
           "we_multiplier_close": 0.0,
           "we_multiplier_entry": 8.561110251584815}}