{"config_name": "clock_1_symbols_1440days",
 "long": {"backwards_tp": true,
          "delay_between_fills_minutes_close": 776.6808742774824,
          "delay_between_fills_minutes_entry": 1395.816816955798,
          "delay_weight_close": 0.06653787332871874,
          "delay_weight_entry": 13.031769466878846,
          "ema_dist_close": -0.005101859673851039,
          "ema_dist_entry": 0.003,
          "ema_span_0": 410.2921565620582,
          "ema_span_1": 1439.8044277181352,
          "enabled": true,
          "markup_range": 0.05825204740939511,
          "min_markup": 0.009837029901360197,
          "n_close_orders": 15,
          "qty_pct_close": 0.045763122258563486,
          "qty_pct_entry": 0.010307530917992573,
          "wallet_exposure_limit": 1.0,
          "we_multiplier_close": 0.0,
          "we_multiplier_entry": 2.3589857714282485},
 "short": {"backwards_tp": true,
           "delay_between_fills_minutes_close": 1412.5677054501,
           "delay_between_fills_minutes_entry": 1435.4741076715213,
           "delay_weight_close": 20.251974128757695,
           "delay_weight_entry": 9.171899940215116,
           "ema_dist_close": -0.0068955080848969,
           "ema_dist_entry": 0.0011400232101973964,
           "ema_span_0": 995.310996860133,
           "ema_span_1": 389.39550925216315,
           "enabled": true,
           "markup_range": 0.012365441034934822,
           "min_markup": 0.0029037335423096563,
           "n_close_orders": 2,
           "qty_pct_close": 0.01011198281509092,
           "qty_pct_entry": 0.02969514449690044,
           "wallet_exposure_limit": 1.0,
           "we_multiplier_close": 0.0,
           "we_multiplier_entry": 8.568865005984389}}