{"config_name": "clock_1_symbols_1440days",
 "long": {"backwards_tp": true,
          "delay_between_fills_minutes_close": 625.0492154540082,
          "delay_between_fills_minutes_entry": 523.6005002154549,
          "delay_weight_close": 75.16600628153805,
          "delay_weight_entry": 69.57448914352481,
          "ema_dist_close": -0.0001328401415690524,
          "ema_dist_entry": -0.004136654222327937,
          "ema_span_0": 493.22054566939255,
          "ema_span_1": 74.07023530497882,
          "enabled": true,
          "markup_range": 3.854307307977736e-06,
          "min_markup": 0.0033461981719545746,
          "n_close_orders": 2,
          "qty_pct_close": 0.010768802743991118,
          "qty_pct_entry": 0.05,
          "wallet_exposure_limit": 1.0,
          "we_multiplier_close": 0.0,
          "we_multiplier_entry": 9.225146493422443},
 "short": {"backwards_tp": true,
           "delay_between_fills_minutes_close": 1273.9221219952112,
           "delay_between_fills_minutes_entry": 1177.868889490851,
           "delay_weight_close": 69.2873285322705,
           "delay_weight_entry": 29.12664799310915,
           "ema_dist_close": -0.005952215954772387,
           "ema_dist_entry": -0.02482295347207276,
           "ema_span_0": 886.0798982217908,
           "ema_span_1": 853.357244779367,
           "enabled": true,
           "markup_range": 0.028252518282012997,
           "min_markup": 0.009242092689952268,
           "n_close_orders": 15,
           "qty_pct_close": 0.03580106143423359,
           "qty_pct_entry": 0.04725893343575875,
           "wallet_exposure_limit": 1.0,
           "we_multiplier_close": 0.0,
           "we_multiplier_entry": 9.577564452624538}}