{"config_name": "clock_1_symbols_1440days",
 "long": {"backwards_tp": true,
          "delay_between_fills_minutes_close": 1439.998656604605,
          "delay_between_fills_minutes_entry": 516.1643504786194,
          "delay_weight_close": 13.858491181048327,
          "delay_weight_entry": 14.808319166565028,
          "ema_dist_close": 0.002776809831009097,
          "ema_dist_entry": -0.0048035351301440815,
          "ema_span_0": 1072.8020914838746,
          "ema_span_1": 546.9875525802296,
          "enabled": true,
          "markup_range": 0.004043293573135032,
          "min_markup": 0.009918443780519596,
          "n_close_orders": 13,
          "qty_pct_close": 0.01452930595146822,
          "qty_pct_entry": 0.01,
          "wallet_exposure_limit": 1.0,
          "we_multiplier_close": 0.0,
          "we_multiplier_entry": 9.689128245685918},
 "short": {"backwards_tp": true,
           "delay_between_fills_minutes_close": 1129.6338738966642,
           "delay_between_fills_minutes_entry": 1022.3864499761883,
           "delay_weight_close": 11.50132331318839,
           "delay_weight_entry": 30.944117925240697,
           "ema_dist_close": -0.0008125300139788326,
           "ema_dist_entry": -0.0027028187071444975,
           "ema_span_0": 801.2226155710362,
           "ema_span_1": 1027.3504149788398,
           "enabled": true,
           "markup_range": 0.013309372900733123,
           "min_markup": 0.00975271180468314,
           "n_close_orders": 5,
           "qty_pct_close": 0.039543525679568495,
           "qty_pct_entry": 0.016377061815608152,
           "wallet_exposure_limit": 1.0,
           "we_multiplier_close": 0.0,
           "we_multiplier_entry": 9.173013618361082}}