{"config_name": "clock_1_symbols_1080days",
 "long": {"backwards_tp": true,
          "delay_between_fills_minutes_close": 961.3144621001952,
          "delay_between_fills_minutes_entry": 1439.997638068782,
          "delay_weight_close": 53.33578677486111,
          "delay_weight_entry": 25.091803502410343,
          "ema_dist_close": -0.002216550365037026,
          "ema_dist_entry": -0.022588617526650843,
          "ema_span_0": 190.58214054834252,
          "ema_span_1": 1436.5463933523,
          "enabled": true,
          "markup_range": 0.03978033961550348,
          "min_markup": 0.0010434918754622872,
          "n_close_orders": 5,
          "qty_pct_close": 0.0482764749219487,
          "qty_pct_entry": 0.011865564979530516,
          "wallet_exposure_limit": 1.0,
          "we_multiplier_close": 0.0,
          "we_multiplier_entry": 0.07930347136723694},
 "short": {"backwards_tp": true,
           "delay_between_fills_minutes_close": 1057.204271950364,
           "delay_between_fills_minutes_entry": 696.7253961972757,
           "delay_weight_close": 79.44872373448658,
           "delay_weight_entry": 15.280753371419683,
           "ema_dist_close": -0.00010466525367526917,
           "ema_dist_entry": -0.007392952395238597,
           "ema_span_0": 326.3231535290967,
           "ema_span_1": 689.8560218135411,
           "enabled": true,
           "markup_range": 0.023905285509072668,
           "min_markup": 0.0043326149862576106,
           "n_close_orders": 13,
           "qty_pct_close": 0.03797301563209564,
           "qty_pct_entry": 0.02656844225306255,
           "wallet_exposure_limit": 1.0,
           "we_multiplier_close": 0.0,
           "we_multiplier_entry": 9.999825746882944}}