{"config_name": "clock_1_symbols_1440days",
 "long": {"backwards_tp": true,
          "delay_between_fills_minutes_close": 1036.1367788672214,
          "delay_between_fills_minutes_entry": 1428.8940906755613,
          "delay_weight_close": 81.2291897444531,
          "delay_weight_entry": 33.164055243033815,
          "ema_dist_close": -0.00026510179453480737,
          "ema_dist_entry": -0.007932892822812954,
          "ema_span_0": 176.7570136982598,
          "ema_span_1": 1436.9695440024298,
          "enabled": true,
          "markup_range": 0.04908177055506114,
          "min_markup": 0.005754789779387307,
          "n_close_orders": 3,
          "qty_pct_close": 0.010066375699968946,
          "qty_pct_entry": 0.01,
          "wallet_exposure_limit": 1.0,
          "we_multiplier_close": 0.0,
          "we_multiplier_entry": 7.992099039635885},
 "short": {"backwards_tp": true,
           "delay_between_fills_minutes_close": 1439.9952924511065,
           "delay_between_fills_minutes_entry": 487.198369432256,
           "delay_weight_close": 14.081068937293388,
           "delay_weight_entry": 0.00023237727936004953,
           "ema_dist_close": -0.00029583292636786414,
           "ema_dist_entry": -0.007520167925599834,
           "ema_span_0": 627.2671119580467,
           "ema_span_1": 1204.0221415690983,
           "enabled": true,
           "markup_range": 0.0006232322392426396,
           "min_markup": 0.009999981643243571,
           "n_close_orders": 11,
           "qty_pct_close": 0.010002071355516192,
           "qty_pct_entry": 0.010054706249512886,
           "wallet_exposure_limit": 1.0,
           "we_multiplier_close": 0.0,
           "we_multiplier_entry": 9.88387972557003}}