{"config_name": "clock_1_symbols_1440days",
 "long": {"backwards_tp": true,
          "delay_between_fills_minutes_close": 1372.9416327262904,
          "delay_between_fills_minutes_entry": 996.7245192188892,
          "delay_weight_close": 73.9677011819058,
          "delay_weight_entry": 0,
          "ema_dist_close": 0.0029929158207977874,
          "ema_dist_entry": -0.031508757523913945,
          "ema_span_0": 5.0,
          "ema_span_1": 1361.0062318175267,
          "enabled": true,
          "markup_range": 1.5655586710449218e-05,
          "min_markup": 0.008697357494967932,
          "n_close_orders": 7,
          "qty_pct_close": 0.01000351186842958,
          "qty_pct_entry": 0.02040173987539759,
          "wallet_exposure_limit": 1.0,
          "we_multiplier_close": 0.0,
          "we_multiplier_entry": 5.514998349467333},
 "short": {"backwards_tp": true,
           "delay_between_fills_minutes_close": 1152.9661274620623,
           "delay_between_fills_minutes_entry": 111.51324513008166,
           "delay_weight_close": 54.898725156309965,
           "delay_weight_entry": 2.3830286639585596,
           "ema_dist_close": 0.0029528182895440795,
           "ema_dist_entry": 0.00264740301692928,
           "ema_span_0": 1332.1138250258452,
           "ema_span_1": 689.0139795330748,
           "enabled": true,
           "markup_range": 0.009118761140416848,
           "min_markup": 0.0016464607253524606,
           "n_close_orders": 4,
           "qty_pct_close": 0.05,
           "qty_pct_entry": 0.0100028811511242,
           "wallet_exposure_limit": 1.0,
           "we_multiplier_close": 0.0,
           "we_multiplier_entry": 8.113865822694022}}