{"config_name": "clock_1_symbols_1440days",
 "long": {"backwards_tp": true,
          "delay_between_fills_minutes_close": 1422.6822601610875,
          "delay_between_fills_minutes_entry": 564.882361013869,
          "delay_weight_close": 99.25058612744067,
          "delay_weight_entry": 32.780280286221114,
          "ema_dist_close": -0.003758784628877006,
          "ema_dist_entry": -0.04230432731703773,
          "ema_span_0": 1440.0,
          "ema_span_1": 640.4174980081943,
          "enabled": true,
          "markup_range": 0.0,
          "min_markup": 0.0027235374454874996,
          "n_close_orders": 10,
          "qty_pct_close": 0.04965460472002272,
          "qty_pct_entry": 0.010696395434122987,
          "wallet_exposure_limit": 1.0,
          "we_multiplier_close": 0.0,
          "we_multiplier_entry": 3.3417288068348907},
 "short": {"backwards_tp": true,
           "delay_between_fills_minutes_close": 1249.8948769114438,
           "delay_between_fills_minutes_entry": 1146.0129002095127,
           "delay_weight_close": 62.29565788119704,
           "delay_weight_entry": 55.54296874412168,
           "ema_dist_close": -0.0052995774964632435,
           "ema_dist_entry": -0.011540152800035128,
           "ema_span_0": 561.9590472624379,
           "ema_span_1": 711.9081825844293,
           "enabled": true,
           "markup_range": 0.0,
           "min_markup": 0.005953034277999479,
           "n_close_orders": 11,
           "qty_pct_close": 0.022026948715914284,
           "qty_pct_entry": 0.01,
           "wallet_exposure_limit": 1.0,
           "we_multiplier_close": 0.0,
           "we_multiplier_entry": 8.444620514563582}}