{"config_name": "clock_1_symbols_1080days",
 "long": {"backwards_tp": true,
          "delay_between_fills_minutes_close": 307.1534666877688,
          "delay_between_fills_minutes_entry": 852.1467227375812,
          "delay_weight_close": 88.6983409063559,
          "delay_weight_entry": 47.88159997511278,
          "ema_dist_close": -0.003023182960974366,
          "ema_dist_entry": -0.008051992656840494,
          "ema_span_0": 1235.6676196668259,
          "ema_span_1": 1174.0853411349203,
          "enabled": true,
          "markup_range": 0.006949029891954164,
          "min_markup": 0.0037036127682143517,
          "n_close_orders": 14,
          "qty_pct_close": 0.03378504071502649,
          "qty_pct_entry": 0.010016613817121421,
          "wallet_exposure_limit": 1.0,
          "we_multiplier_close": 0.0,
          "we_multiplier_entry": 3.106182980881175},
 "short": {"backwards_tp": true,
           "delay_between_fills_minutes_close": 1084.2207824400914,
           "delay_between_fills_minutes_entry": 1439.548180821204,
           "delay_weight_close": 76.59571350898094,
           "delay_weight_entry": 16.22639163035548,
           "ema_dist_close": -0.004983435409494747,
           "ema_dist_entry": -0.020083732420847343,
           "ema_span_0": 437.9812969246624,
           "ema_span_1": 776.3769316944756,
           "enabled": true,
           "markup_range": 0.010291065081387852,
           "min_markup": 0.009469233782337185,
           "n_close_orders": 9,
           "qty_pct_close": 0.011944227487622855,
           "qty_pct_entry": 0.01440091791020561,
           "wallet_exposure_limit": 1.0,
           "we_multiplier_close": 0.0,
           "we_multiplier_entry": 4.308647417082314}}