{
    "config_name": "clock_0days",
    "long": {
        "backwards_tp": true,
        "delay_between_fills_minutes_close": 452.282220472448,
        "delay_between_fills_minutes_entry": 281.2649317169931,
        "delay_weight_close": 99.11843201557998,
        "delay_weight_entry": 15.41363214123075,
        "ema_dist_close": -0.008110039515143287,
        "ema_dist_entry": -0.44618817352821666,
        "ema_span_0": 1394.4056038435228,
        "ema_span_1": 168.3354168172445,
        "enabled": true,
        "markup_range": 0.04282512867569552,
        "min_markup": 0.008834537128161025,
        "n_close_orders": 9,
        "qty_pct_close": 0.011906608842730612,
        "qty_pct_entry": 0.017156451007161067,
        "wallet_exposure_limit": 0.3,
        "we_multiplier_close": 1.820639151227751,
        "we_multiplier_entry": 13.391800046246551
    },
    "short": {
        "backwards_tp": true,
        "delay_between_fills_minutes_close": 1431.3815761609765,
        "delay_between_fills_minutes_entry": 722.7236525080583,
        "delay_weight_close": 0.12102026875657006,
        "delay_weight_entry": 25.004758863191487,
        "ema_dist_close": -0.016281053620817318,
        "ema_dist_entry": -0.003454572688168426,
        "ema_span_0": 1439.2283042186073,
        "ema_span_1": 73.80915198811856,
        "enabled": true,
        "markup_range": 0.005957808742596041,
        "min_markup": 0.0038191240162163357,
        "n_close_orders": 14,
        "qty_pct_close": 0.047859142720715404,
        "qty_pct_entry": 0.01308054608659846,
        "wallet_exposure_limit": 1,
        "we_multiplier_close": 0,
        "we_multiplier_entry": 179.70810905277096
    }
}