{"config_name": "clock_1_symbols_1312days",
 "long": {"backwards_tp": true,
          "delay_between_fills_minutes_close": 319.9928552026566,
          "delay_between_fills_minutes_entry": 778.2181104190611,
          "delay_weight_close": 56.51203025522946,
          "delay_weight_entry": 47.71544919920333,
          "ema_dist_close": -0.005376834499872087,
          "ema_dist_entry": 0.003,
          "ema_span_0": 623.6083817863171,
          "ema_span_1": 129.05880659495642,
          "enabled": true,
          "markup_range": 0.010692940230142499,
          "min_markup": 0.009119632213292705,
          "n_close_orders": 2,
          "qty_pct_close": 0.018172861435489872,
          "qty_pct_entry": 0.010088617367439712,
          "wallet_exposure_limit": 1,
          "we_multiplier_close": 0,
          "we_multiplier_entry": 10},
 "short": {"backwards_tp": true,
           "delay_between_fills_minutes_close": 656.118925056485,
           "delay_between_fills_minutes_entry": 1181.0325825281648,
           "delay_weight_close": 57.13670030121873,
           "delay_weight_entry": 20.4053731059395,
           "ema_dist_close": -0.009723490450983661,
           "ema_dist_entry": 0.0014581229476026997,
           "ema_span_0": 64.8976916807736,
           "ema_span_1": 24.18355676595318,
           "enabled": true,
           "markup_range": 0.01394019451495923,
           "min_markup": 0.00995421675644726,
           "n_close_orders": 8,
           "qty_pct_close": 0.01060766807489964,
           "qty_pct_entry": 0.01,
           "wallet_exposure_limit": 1,
           "we_multiplier_close": 0,
           "we_multiplier_entry": 9.86696579157804}}