{"config_name": "clock_1_symbols_1440days",
 "long": {"backwards_tp": true,
          "delay_between_fills_minutes_close": 1376.520191924071,
          "delay_between_fills_minutes_entry": 187.812748822285,
          "delay_weight_close": 58.10556807923141,
          "delay_weight_entry": 0.9533238236009387,
          "ema_dist_close": 0.0018693079464211348,
          "ema_dist_entry": -0.0013553254000175704,
          "ema_span_0": 133.6510131660893,
          "ema_span_1": 1236.8814834244513,
          "enabled": true,
          "markup_range": 0.005914106603739257,
          "min_markup": 0.00486089645417001,
          "n_close_orders": 11,
          "qty_pct_close": 0.010487005970622184,
          "qty_pct_entry": 0.010491750522929033,
          "wallet_exposure_limit": 1.0,
          "we_multiplier_close": 0.0,
          "we_multiplier_entry": 8.73191781629727},
 "short": {"backwards_tp": true,
           "delay_between_fills_minutes_close": 1228.2322320166465,
           "delay_between_fills_minutes_entry": 524.9051757502326,
           "delay_weight_close": 4.736013139544038,
           "delay_weight_entry": 30.44628448711506,
           "ema_dist_close": -0.006120848372018185,
           "ema_dist_entry": 0.003,
           "ema_span_0": 1437.5160588818112,
           "ema_span_1": 54.15904598031,
           "enabled": true,
           "markup_range": 0.01164655173943486,
           "min_markup": 0.0010000201519425266,
           "n_close_orders": 16,
           "qty_pct_close": 0.049989724562626583,
           "qty_pct_entry": 0.010266779911928018,
           "wallet_exposure_limit": 1.0,
           "we_multiplier_close": 0.0,
           "we_multiplier_entry": 9.998496939947941}}