{"config_name": "clock_1_symbols_1440days",
 "long": {"backwards_tp": true,
          "delay_between_fills_minutes_close": 437.62224827509715,
          "delay_between_fills_minutes_entry": 1316.42971471054,
          "delay_weight_close": 92.99532015775834,
          "delay_weight_entry": 29.35833822544429,
          "ema_dist_close": -0.002233065739482306,
          "ema_dist_entry": 0.002999996989916593,
          "ema_span_0": 871.7693242561714,
          "ema_span_1": 513.9333457973993,
          "enabled": true,
          "markup_range": 0.06,
          "min_markup": 0.002351202170112767,
          "n_close_orders": 16,
          "qty_pct_close": 0.04699741718774236,
          "qty_pct_entry": 0.011057683917312924,
          "wallet_exposure_limit": 1.0,
          "we_multiplier_close": 0.0,
          "we_multiplier_entry": 6.161168061566056},
 "short": {"backwards_tp": true,
           "delay_between_fills_minutes_close": 1434.647174684113,
           "delay_between_fills_minutes_entry": 541.4144274253927,
           "delay_weight_close": 79.90041662847355,
           "delay_weight_entry": 28.578795712386995,
           "ema_dist_close": 0.002925727953181409,
           "ema_dist_entry": -0.017214222150022433,
           "ema_span_0": 5.0,
           "ema_span_1": 1348.9546550472733,
           "enabled": true,
           "markup_range": 0.0017970910580116105,
           "min_markup": 0.009990952671024856,
           "n_close_orders": 3,
           "qty_pct_close": 0.03633097388068412,
           "qty_pct_entry": 0.01,
           "wallet_exposure_limit": 1.0,
           "we_multiplier_close": 0.0,
           "we_multiplier_entry": 0.7719643188398331}}