{"config_name": "clock_1_symbols_1440days",
 "long": {"backwards_tp": true,
          "delay_between_fills_minutes_close": 1429.862629276466,
          "delay_between_fills_minutes_entry": 1439.7284899318652,
          "delay_weight_close": 3.1527689541718056,
          "delay_weight_entry": 0,
          "ema_dist_close": -0.00959816890335513,
          "ema_dist_entry": -0.015739710001049255,
          "ema_span_0": 5.0,
          "ema_span_1": 1085.2769642068915,
          "enabled": true,
          "markup_range": 0.0,
          "min_markup": 0.002525469817796213,
          "n_close_orders": 14,
          "qty_pct_close": 0.01038751496806142,
          "qty_pct_entry": 0.04406963065825847,
          "wallet_exposure_limit": 1.0,
          "we_multiplier_close": 0.0,
          "we_multiplier_entry": 1.9881420260223504},
 "short": {"backwards_tp": true,
           "delay_between_fills_minutes_close": 1197.2053385593633,
           "delay_between_fills_minutes_entry": 1440.0,
           "delay_weight_close": 0,
           "delay_weight_entry": 22.975946971614974,
           "ema_dist_close": 0.003,
           "ema_dist_entry": -0.0011496437548660905,
           "ema_span_0": 5.000007186910363,
           "ema_span_1": 1419.0352280713655,
           "enabled": true,
           "markup_range": 0.0017438930132971497,
           "min_markup": 0.009543189910100617,
           "n_close_orders": 11,
           "qty_pct_close": 0.01,
           "qty_pct_entry": 0.01,
           "wallet_exposure_limit": 1.0,
           "we_multiplier_close": 0.0,
           "we_multiplier_entry": 9.992820290568291}}