{"config_name": "clock_1_symbols_1440days",
 "long": {"backwards_tp": true,
          "delay_between_fills_minutes_close": 1425.2955240711865,
          "delay_between_fills_minutes_entry": 379.2689223394924,
          "delay_weight_close": 62.90825411933635,
          "delay_weight_entry": 5.582431866485305,
          "ema_dist_close": -0.004406336695012216,
          "ema_dist_entry": -0.013844754892502734,
          "ema_span_0": 637.5453266327092,
          "ema_span_1": 1361.637016395231,
          "enabled": true,
          "markup_range": 0.014269454162808224,
          "min_markup": 0.0076527904229620235,
          "n_close_orders": 2,
          "qty_pct_close": 0.021070283780970797,
          "qty_pct_entry": 0.018335263258166503,
          "wallet_exposure_limit": 1.0,
          "we_multiplier_close": 0.0,
          "we_multiplier_entry": 3.825696619210604},
 "short": {"backwards_tp": true,
           "delay_between_fills_minutes_close": 1346.240887101184,
           "delay_between_fills_minutes_entry": 1431.0818215329314,
           "delay_weight_close": 0.026381189394942765,
           "delay_weight_entry": 24.431549613116452,
           "ema_dist_close": -0.0010526125872130415,
           "ema_dist_entry": -0.009954607844709135,
           "ema_span_0": 1439.9664023092012,
           "ema_span_1": 996.5193808705986,
           "enabled": true,
           "markup_range": 0.001279641547976187,
           "min_markup": 0.009719758672097569,
           "n_close_orders": 11,
           "qty_pct_close": 0.04688436173990712,
           "qty_pct_entry": 0.03728854935114042,
           "wallet_exposure_limit": 1.0,
           "we_multiplier_close": 0.0,
           "we_multiplier_entry": 0.0021682886599773193}}