{"config_name": "clock_1_symbols_1440days",
 "long": {"backwards_tp": true,
          "delay_between_fills_minutes_close": 841.5433936799238,
          "delay_between_fills_minutes_entry": 1427.9542145776618,
          "delay_weight_close": 39.073038446648056,
          "delay_weight_entry": 14.908474229909524,
          "ema_dist_close": 0.0005459679523830996,
          "ema_dist_entry": 0.002453794253507428,
          "ema_span_0": 1104.4507793786697,
          "ema_span_1": 38.1414764876913,
          "enabled": true,
          "markup_range": 0.013141299866135787,
          "min_markup": 0.005808874346820553,
          "n_close_orders": 4,
          "qty_pct_close": 0.01442111264443573,
          "qty_pct_entry": 0.01033205909006924,
          "wallet_exposure_limit": 1.0,
          "we_multiplier_close": 0.0,
          "we_multiplier_entry": 6.4090521907510164e-06},
 "short": {"backwards_tp": true,
           "delay_between_fills_minutes_close": 141.15819282539343,
           "delay_between_fills_minutes_entry": 124.00202671182527,
           "delay_weight_close": 99.90670690222422,
           "delay_weight_entry": 8.339902060551834,
           "ema_dist_close": -0.004444905572348853,
           "ema_dist_entry": 0.0029996493940582145,
           "ema_span_0": 1437.1392059388104,
           "ema_span_1": 1239.166513579866,
           "enabled": true,
           "markup_range": 0.014213711853827315,
           "min_markup": 0.008625859484015565,
           "n_close_orders": 14,
           "qty_pct_close": 0.044286743741655935,
           "qty_pct_entry": 0.010000242507485527,
           "wallet_exposure_limit": 1.0,
           "we_multiplier_close": 0.0,
           "we_multiplier_entry": 9.999999179704718}}