{"config_name": "clock_1_symbols_1440days",
 "long": {"backwards_tp": true,
          "delay_between_fills_minutes_close": 348.6059633541576,
          "delay_between_fills_minutes_entry": 1426.2411872270166,
          "delay_weight_close": 95.05658310759819,
          "delay_weight_entry": 17.915889390127756,
          "ema_dist_close": 0.002876125425159022,
          "ema_dist_entry": 0.002994026498087554,
          "ema_span_0": 1438.8042968689945,
          "ema_span_1": 28.934580994856542,
          "enabled": true,
          "markup_range": 0.05999889904487588,
          "min_markup": 0.0031171469533774333,
          "n_close_orders": 16,
          "qty_pct_close": 0.03424526193960387,
          "qty_pct_entry": 0.010137431163420117,
          "wallet_exposure_limit": 1.0,
          "we_multiplier_close": 0.0,
          "we_multiplier_entry": 0.6763489315810145},
 "short": {"backwards_tp": true,
           "delay_between_fills_minutes_close": 1429.4854358417506,
           "delay_between_fills_minutes_entry": 128.52624450206827,
           "delay_weight_close": 82.28876398491484,
           "delay_weight_entry": 17.36850489697014,
           "ema_dist_close": 0.00036289958835220514,
           "ema_dist_entry": 0.002407225073491576,
           "ema_span_0": 1347.041570774844,
           "ema_span_1": 1435.6023567891766,
           "enabled": true,
           "markup_range": 0.00446326105308501,
           "min_markup": 0.005752305458949063,
           "n_close_orders": 8,
           "qty_pct_close": 0.049209822445518844,
           "qty_pct_entry": 0.010000004352558307,
           "wallet_exposure_limit": 1.0,
           "we_multiplier_close": 0.0,
           "we_multiplier_entry": 2.6138690011433185}}