{"config_name": "clock_1_symbols_1440days",
 "long": {"backwards_tp": true,
          "delay_between_fills_minutes_close": 1067.5942867847207,
          "delay_between_fills_minutes_entry": 768.074259576661,
          "delay_weight_close": 0.02066529781284324,
          "delay_weight_entry": 5.0264126095653525,
          "ema_dist_close": -0.0013258462385265788,
          "ema_dist_entry": -0.0018032107333446105,
          "ema_span_0": 1436.6000305720083,
          "ema_span_1": 94.02485831166702,
          "enabled": true,
          "markup_range": 0.03690322356477484,
          "min_markup": 0.007716623776249507,
          "n_close_orders": 13,
          "qty_pct_close": 0.026017539839787527,
          "qty_pct_entry": 0.010266614494310246,
          "wallet_exposure_limit": 1.0,
          "we_multiplier_close": 0.0,
          "we_multiplier_entry": 2.1318585509919434},
 "short": {"backwards_tp": true,
           "delay_between_fills_minutes_close": 1359.3043938952449,
           "delay_between_fills_minutes_entry": 1336.4288290236889,
           "delay_weight_close": 32.06870018843938,
           "delay_weight_entry": 1.5453111319274146,
           "ema_dist_close": -0.007025655418357281,
           "ema_dist_entry": 0.0029914324544947084,
           "ema_span_0": 1436.4436512765699,
           "ema_span_1": 972.8031227707291,
           "enabled": true,
           "markup_range": 0.05184838646152306,
           "min_markup": 0.0032370937715250022,
           "n_close_orders": 2,
           "qty_pct_close": 0.010000052464709912,
           "qty_pct_entry": 0.02155490388160442,
           "wallet_exposure_limit": 1.0,
           "we_multiplier_close": 0.0,
           "we_multiplier_entry": 7.688596240254047}}