{"config_name": "clock_1_symbols_1440days",
 "long": {"backwards_tp": true,
          "delay_between_fills_minutes_close": 1439.523424113222,
          "delay_between_fills_minutes_entry": 720.7051323689242,
          "delay_weight_close": 34.26114439723225,
          "delay_weight_entry": 31.20883820774174,
          "ema_dist_close": -0.009603919328658173,
          "ema_dist_entry": 0.002869625544724773,
          "ema_span_0": 263.33016562946096,
          "ema_span_1": 1298.582308450654,
          "enabled": true,
          "markup_range": 0.012178337810701973,
          "min_markup": 0.002452512950948163,
          "n_close_orders": 12,
          "qty_pct_close": 0.02065607162082962,
          "qty_pct_entry": 0.011934233980618167,
          "wallet_exposure_limit": 1.0,
          "we_multiplier_close": 0.0,
          "we_multiplier_entry": 9.93643474512508},
 "short": {"backwards_tp": true,
           "delay_between_fills_minutes_close": 516.6839394081168,
           "delay_between_fills_minutes_entry": 990.2356122769155,
           "delay_weight_close": 62.542399728693916,
           "delay_weight_entry": 19.89516510158615,
           "ema_dist_close": -0.008953383276394737,
           "ema_dist_entry": -0.010243367097131247,
           "ema_span_0": 1181.0213437851685,
           "ema_span_1": 387.9095438019107,
           "enabled": true,
           "markup_range": 0.024833646848511328,
           "min_markup": 0.0022159829416132843,
           "n_close_orders": 9,
           "qty_pct_close": 0.018904445728940157,
           "qty_pct_entry": 0.03376398430492293,
           "wallet_exposure_limit": 1.0,
           "we_multiplier_close": 0.0,
           "we_multiplier_entry": 5.724153532997849}}