{"config_name": "clock_1_symbols_1440days",
 "long": {"backwards_tp": true,
          "delay_between_fills_minutes_close": 1382.8156737690133,
          "delay_between_fills_minutes_entry": 895.8700523940122,
          "delay_weight_close": 61.11062820320007,
          "delay_weight_entry": 18.03091345994566,
          "ema_dist_close": -0.007363075433742839,
          "ema_dist_entry": -0.026275502741253107,
          "ema_span_0": 346.81640743285834,
          "ema_span_1": 1421.577494292144,
          "enabled": true,
          "markup_range": 0.027892707089562745,
          "min_markup": 0.005923153032756086,
          "n_close_orders": 13,
          "qty_pct_close": 0.020858418989910605,
          "qty_pct_entry": 0.010006822166777542,
          "wallet_exposure_limit": 1.0,
          "we_multiplier_close": 0.0,
          "we_multiplier_entry": 0},
 "short": {"backwards_tp": true,
           "delay_between_fills_minutes_close": 826.6245238277029,
           "delay_between_fills_minutes_entry": 1338.8158148859818,
           "delay_weight_close": 65.73185346657266,
           "delay_weight_entry": 0.0008757449158024614,
           "ema_dist_close": 0.002999057863983142,
           "ema_dist_entry": 0.002012019725864802,
           "ema_span_0": 1423.2723386743655,
           "ema_span_1": 82.66357413026277,
           "enabled": true,
           "markup_range": 0.006469551283613127,
           "min_markup": 0.006849432699141967,
           "n_close_orders": 2,
           "qty_pct_close": 0.010000000696812545,
           "qty_pct_entry": 0.03945585928219541,
           "wallet_exposure_limit": 1.0,
           "we_multiplier_close": 0.0,
           "we_multiplier_entry": 7.514241932857173}}