{"config_name": "clock_1_symbols_1440days",
 "long": {"backwards_tp": true,
          "delay_between_fills_minutes_close": 245.95767199611788,
          "delay_between_fills_minutes_entry": 1439.7729468462333,
          "delay_weight_close": 34.985436216285585,
          "delay_weight_entry": 17.31532019055924,
          "ema_dist_close": 0.003,
          "ema_dist_entry": 0.003,
          "ema_span_0": 1437.9148164139144,
          "ema_span_1": 990.1252207593988,
          "enabled": true,
          "markup_range": 0.01817190487259757,
          "min_markup": 0.009999528426372086,
          "n_close_orders": 2,
          "qty_pct_close": 0.01,
          "qty_pct_entry": 0.01,
          "wallet_exposure_limit": 1.0,
          "we_multiplier_close": 0.0,
          "we_multiplier_entry": 0},
 "short": {"backwards_tp": true,
           "delay_between_fills_minutes_close": 802.0813837738776,
           "delay_between_fills_minutes_entry": 1361.6217467738609,
           "delay_weight_close": 6.256779924345788,
           "delay_weight_entry": 14.289202292505125,
           "ema_dist_close": -0.006661784920608535,
           "ema_dist_entry": 0.0025353020792923445,
           "ema_span_0": 1440,
           "ema_span_1": 945.3061671912469,
           "enabled": true,
           "markup_range": 0.00791372442048017,
           "min_markup": 0.001528306447850366,
           "n_close_orders": 5,
           "qty_pct_close": 0.0493198602399178,
           "qty_pct_entry": 0.01005402326743868,
           "wallet_exposure_limit": 1.0,
           "we_multiplier_close": 0.0,
           "we_multiplier_entry": 9.80337111616259}}