{"config_name": "clock_1_symbols_1440days",
 "long": {"backwards_tp": true,
          "delay_between_fills_minutes_close": 974.1129326479931,
          "delay_between_fills_minutes_entry": 1334.364884889653,
          "delay_weight_close": 48.89491370774058,
          "delay_weight_entry": 30.475783841586015,
          "ema_dist_close": -0.0014578437493982493,
          "ema_dist_entry": -0.0009400050529997028,
          "ema_span_0": 1437.6417450100619,
          "ema_span_1": 302.5051305412908,
          "enabled": true,
          "markup_range": 0.008050225060486338,
          "min_markup": 0.009889367957142865,
          "n_close_orders": 8,
          "qty_pct_close": 0.03109681942601898,
          "qty_pct_entry": 0.010000002095383478,
          "wallet_exposure_limit": 1.0,
          "we_multiplier_close": 0.0,
          "we_multiplier_entry": 5.905643566336715},
 "short": {"backwards_tp": true,
           "delay_between_fills_minutes_close": 746.0537971403645,
           "delay_between_fills_minutes_entry": 1122.232622289802,
           "delay_weight_close": 96.77932268498753,
           "delay_weight_entry": 98.480758987951,
           "ema_dist_close": -0.008294249208848654,
           "ema_dist_entry": -0.03818908748693835,
           "ema_span_0": 1161.0555614148666,
           "ema_span_1": 568.9585173406946,
           "enabled": true,
           "markup_range": 0.007924446857944953,
           "min_markup": 0.0010049949076588627,
           "n_close_orders": 6,
           "qty_pct_close": 0.04741886067193103,
           "qty_pct_entry": 0.010020994317211197,
           "wallet_exposure_limit": 1.0,
           "we_multiplier_close": 0.0,
           "we_multiplier_entry": 9.969085118313414}}