{"config_name": "clock_1_symbols_1440days",
 "long": {"backwards_tp": true,
          "delay_between_fills_minutes_close": 523.6846934214991,
          "delay_between_fills_minutes_entry": 298.2225417765843,
          "delay_weight_close": 55.875257402598834,
          "delay_weight_entry": 45.15440101728055,
          "ema_dist_close": -0.0047771078262558485,
          "ema_dist_entry": -0.0264611092163485,
          "ema_span_0": 33.893297230301336,
          "ema_span_1": 714.8267332643439,
          "enabled": true,
          "markup_range": 0.0001129798488076557,
          "min_markup": 0.0045462255721396665,
          "n_close_orders": 5,
          "qty_pct_close": 0.010890822896801369,
          "qty_pct_entry": 0.018155442080191053,
          "wallet_exposure_limit": 1.0,
          "we_multiplier_close": 0.0,
          "we_multiplier_entry": 0.028630199228296082},
 "short": {"backwards_tp": true,
           "delay_between_fills_minutes_close": 884.4229848014317,
           "delay_between_fills_minutes_entry": 765.1351104595292,
           "delay_weight_close": 92.38813135520306,
           "delay_weight_entry": 19.950833340014345,
           "ema_dist_close": -0.0032333741381476767,
           "ema_dist_entry": 0.00243822404751691,
           "ema_span_0": 1397.3097257148602,
           "ema_span_1": 108.71261509596727,
           "enabled": true,
           "markup_range": 0.0005666256412644383,
           "min_markup": 0.004253497072023608,
           "n_close_orders": 12,
           "qty_pct_close": 0.04821484048578807,
           "qty_pct_entry": 0.01698184400668603,
           "wallet_exposure_limit": 1.0,
           "we_multiplier_close": 0.0,
           "we_multiplier_entry": 7.812556477271259}}