{"config_name": "clock_1_symbols_1440days",
 "long": {"backwards_tp": true,
          "delay_between_fills_minutes_close": 1070.4772989750616,
          "delay_between_fills_minutes_entry": 536.361088937854,
          "delay_weight_close": 79.57969031414017,
          "delay_weight_entry": 30.056292591764038,
          "ema_dist_close": -0.004785807734811923,
          "ema_dist_entry": 0.003,
          "ema_span_0": 1440.0,
          "ema_span_1": 688.1989705383144,
          "enabled": true,
          "markup_range": 0.010824456186864327,
          "min_markup": 0.001062021563000152,
          "n_close_orders": 2,
          "qty_pct_close": 0.03249869724984174,
          "qty_pct_entry": 0.010696864956909533,
          "wallet_exposure_limit": 1.0,
          "we_multiplier_close": 0.0,
          "we_multiplier_entry": 0.12048454559573914},
 "short": {"backwards_tp": true,
           "delay_between_fills_minutes_close": 758.5297794955901,
           "delay_between_fills_minutes_entry": 650.9097596585841,
           "delay_weight_close": 23.198949574943935,
           "delay_weight_entry": 17.063817708671642,
           "ema_dist_close": 0.002910139861619742,
           "ema_dist_entry": -0.00220678716273561,
           "ema_span_0": 973.8140170287903,
           "ema_span_1": 1236.9930277739134,
           "enabled": true,
           "markup_range": 0.03304219747094092,
           "min_markup": 0.00541941735341762,
           "n_close_orders": 8,
           "qty_pct_close": 0.03176439699876263,
           "qty_pct_entry": 0.011529248051569352,
           "wallet_exposure_limit": 1.0,
           "we_multiplier_close": 0.0,
           "we_multiplier_entry": 6.939428639363289}}