{"config_name": "clock_1_symbols_1440days",
 "long": {"backwards_tp": true,
          "delay_between_fills_minutes_close": 586.1460113679645,
          "delay_between_fills_minutes_entry": 1390.6829224277253,
          "delay_weight_close": 33.0017977603184,
          "delay_weight_entry": 20.90027380448797,
          "ema_dist_close": -0.002115558512516936,
          "ema_dist_entry": 0.0029982322661167766,
          "ema_span_0": 303.2508894926089,
          "ema_span_1": 1270.5650027692848,
          "enabled": true,
          "markup_range": 0.024910910944925254,
          "min_markup": 0.003589211742834038,
          "n_close_orders": 7,
          "qty_pct_close": 0.04693942089724008,
          "qty_pct_entry": 0.016993645018189812,
          "wallet_exposure_limit": 1.0,
          "we_multiplier_close": 0.0,
          "we_multiplier_entry": 5.659625431864618},
 "short": {"backwards_tp": true,
           "delay_between_fills_minutes_close": 777.6873182639579,
           "delay_between_fills_minutes_entry": 1411.102122466489,
           "delay_weight_close": 55.70325920976248,
           "delay_weight_entry": 59.319717332124654,
           "ema_dist_close": 0.002957446000301209,
           "ema_dist_entry": 0.003,
           "ema_span_0": 1293.3216350235195,
           "ema_span_1": 290.6424034722059,
           "enabled": true,
           "markup_range": 0.014620991909770212,
           "min_markup": 0.00790906470636419,
           "n_close_orders": 13,
           "qty_pct_close": 0.0382783647975571,
           "qty_pct_entry": 0.010426118840820049,
           "wallet_exposure_limit": 1.0,
           "we_multiplier_close": 0.0,
           "we_multiplier_entry": 9.705217952751454}}