{"config_name": "clock_1_symbols_1440days",
 "long": {"backwards_tp": true,
          "delay_between_fills_minutes_close": 806.6559311549917,
          "delay_between_fills_minutes_entry": 1440.0,
          "delay_weight_close": 89.85737559051883,
          "delay_weight_entry": 12.496586868982682,
          "ema_dist_close": -0.0033382178852703836,
          "ema_dist_entry": 0.0028468227005915003,
          "ema_span_0": 1439.7679044453014,
          "ema_span_1": 1218.7851233215147,
          "enabled": true,
          "markup_range": 0.04654965886064788,
          "min_markup": 0.00989217574058266,
          "n_close_orders": 14,
          "qty_pct_close": 0.011941487105855719,
          "qty_pct_entry": 0.01942171032932505,
          "wallet_exposure_limit": 1.0,
          "we_multiplier_close": 0.0,
          "we_multiplier_entry": 9.986593161937826},
 "short": {"backwards_tp": true,
           "delay_between_fills_minutes_close": 1079.745930467278,
           "delay_between_fills_minutes_entry": 1142.3145628528453,
           "delay_weight_close": 74.6800835506553,
           "delay_weight_entry": 60.93144102149371,
           "ema_dist_close": 0.0029999850240736,
           "ema_dist_entry": 0.0029753386421061366,
           "ema_span_0": 491.13718599500663,
           "ema_span_1": 457.6659914439507,
           "enabled": true,
           "markup_range": 0.017202155287036256,
           "min_markup": 0.005147237942046883,
           "n_close_orders": 14,
           "qty_pct_close": 0.03062750304149205,
           "qty_pct_entry": 0.010702646006450324,
           "wallet_exposure_limit": 1.0,
           "we_multiplier_close": 0.0,
           "we_multiplier_entry": 0.26911445608528356}}