{"config_name": "clock_1_symbols_1440days",
 "long": {"backwards_tp": true,
          "delay_between_fills_minutes_close": 1419.717394874813,
          "delay_between_fills_minutes_entry": 864.6843915958349,
          "delay_weight_close": 95.81636159843299,
          "delay_weight_entry": 9.581979684795046,
          "ema_dist_close": -0.006592814344800264,
          "ema_dist_entry": 0.0029678309973097355,
          "ema_span_0": 507.3481718827076,
          "ema_span_1": 171.21362063442754,
          "enabled": true,
          "markup_range": 0.03978513127062472,
          "min_markup": 0.008509531961898001,
          "n_close_orders": 9,
          "qty_pct_close": 0.010374810137250175,
          "qty_pct_entry": 0.018387952741335208,
          "wallet_exposure_limit": 1.0,
          "we_multiplier_close": 0.0,
          "we_multiplier_entry": 8.148617453331868},
 "short": {"backwards_tp": true,
           "delay_between_fills_minutes_close": 1383.641099485814,
           "delay_between_fills_minutes_entry": 372.1551747055598,
           "delay_weight_close": 3.671820944605342,
           "delay_weight_entry": 9.576041122881414e-06,
           "ema_dist_close": -0.0029619333267181715,
           "ema_dist_entry": 0.0028955950241600806,
           "ema_span_0": 807.2056206346547,
           "ema_span_1": 44.488943412189585,
           "enabled": true,
           "markup_range": 0.02028947295197408,
           "min_markup": 0.009986722793348573,
           "n_close_orders": 11,
           "qty_pct_close": 0.010190225106232357,
           "qty_pct_entry": 0.01274834303337672,
           "wallet_exposure_limit": 1.0,
           "we_multiplier_close": 0.0,
           "we_multiplier_entry": 9.458939985031277}}