{"config_name": "clock_1_symbols_1440days",
 "long": {"backwards_tp": true,
          "delay_between_fills_minutes_close": 653.4054321892517,
          "delay_between_fills_minutes_entry": 137.65748277808237,
          "delay_weight_close": 31.782800289020823,
          "delay_weight_entry": 14.079128233093027,
          "ema_dist_close": 0.0028619373734234893,
          "ema_dist_entry": 0.0029227529665396567,
          "ema_span_0": 723.98098161208,
          "ema_span_1": 1105.063923984775,
          "enabled": true,
          "markup_range": 0.004153960501710826,
          "min_markup": 0.008876016041879431,
          "n_close_orders": 6,
          "qty_pct_close": 0.04278279651211082,
          "qty_pct_entry": 0.029436419427320934,
          "wallet_exposure_limit": 1.0,
          "we_multiplier_close": 0.0,
          "we_multiplier_entry": 6.081648095073078},
 "short": {"backwards_tp": true,
           "delay_between_fills_minutes_close": 611.6431681241077,
           "delay_between_fills_minutes_entry": 1439.7664498119273,
           "delay_weight_close": 0.019103496533957393,
           "delay_weight_entry": 32.38475924714721,
           "ema_dist_close": -0.006469701873215913,
           "ema_dist_entry": -0.014891527754296497,
           "ema_span_0": 1439.5475015426607,
           "ema_span_1": 1372.4600415454117,
           "enabled": true,
           "markup_range": 0.05804752855097829,
           "min_markup": 0.006228901124049846,
           "n_close_orders": 15,
           "qty_pct_close": 0.014276818091869191,
           "qty_pct_entry": 0.04662234131212758,
           "wallet_exposure_limit": 1.0,
           "we_multiplier_close": 0.0,
           "we_multiplier_entry": 8.25294470870023}}