{"config_name": "clock_1_symbols_1440days",
 "long": {"backwards_tp": true,
          "delay_between_fills_minutes_close": 1272.1951467335205,
          "delay_between_fills_minutes_entry": 1034.366603725892,
          "delay_weight_close": 39.358664711450686,
          "delay_weight_entry": 66.50505777722616,
          "ema_dist_close": -0.009501615864572679,
          "ema_dist_entry": 0.002166196706021715,
          "ema_span_0": 165.29922155167216,
          "ema_span_1": 1054.3067276287861,
          "enabled": true,
          "markup_range": 0.0,
          "min_markup": 0.00663837122600766,
          "n_close_orders": 4,
          "qty_pct_close": 0.041769633658942526,
          "qty_pct_entry": 0.01,
          "wallet_exposure_limit": 1.0,
          "we_multiplier_close": 0.0,
          "we_multiplier_entry": 4.5752206001144256},
 "short": {"backwards_tp": true,
           "delay_between_fills_minutes_close": 120.01119891538553,
           "delay_between_fills_minutes_entry": 741.6065066791217,
           "delay_weight_close": 78.1063295074537,
           "delay_weight_entry": 71.44567486960597,
           "ema_dist_close": 0.0025402444270990437,
           "ema_dist_entry": -0.00045365622491391066,
           "ema_span_0": 1081.8201032883308,
           "ema_span_1": 695.8390664978385,
           "enabled": true,
           "markup_range": 0.0026086068610718547,
           "min_markup": 0.008768967740783553,
           "n_close_orders": 5,
           "qty_pct_close": 0.02448517778668936,
           "qty_pct_entry": 0.014581498008943405,
           "wallet_exposure_limit": 1.0,
           "we_multiplier_close": 0.0,
           "we_multiplier_entry": 8.781452476473422}}