{"config_name": "clock_1_symbols_1440days",
 "long": {"backwards_tp": true,
          "delay_between_fills_minutes_close": 1420.040243435957,
          "delay_between_fills_minutes_entry": 1411.846037201339,
          "delay_weight_close": 51.26249913794923,
          "delay_weight_entry": 32.08742271048569,
          "ema_dist_close": -0.007148547042468172,
          "ema_dist_entry": -0.04435897938756531,
          "ema_span_0": 900.9169556901685,
          "ema_span_1": 694.5753204204835,
          "enabled": true,
          "markup_range": 0.0015036590277292654,
          "min_markup": 0.007377775524656104,
          "n_close_orders": 3,
          "qty_pct_close": 0.012074052314597595,
          "qty_pct_entry": 0.028042248276152607,
          "wallet_exposure_limit": 1.0,
          "we_multiplier_close": 0.0,
          "we_multiplier_entry": 8.58152165745125},
 "short": {"backwards_tp": true,
           "delay_between_fills_minutes_close": 825.8057952501035,
           "delay_between_fills_minutes_entry": 382.4775304327089,
           "delay_weight_close": 47.132056584777764,
           "delay_weight_entry": 0,
           "ema_dist_close": 0.000974625995410984,
           "ema_dist_entry": 0.0029670954408065483,
           "ema_span_0": 663.8980792158924,
           "ema_span_1": 1438.1710388947893,
           "enabled": true,
           "markup_range": 0.020466380709276127,
           "min_markup": 0.003725126248142111,
           "n_close_orders": 7,
           "qty_pct_close": 0.011689765444897363,
           "qty_pct_entry": 0.02006530966084511,
           "wallet_exposure_limit": 1.0,
           "we_multiplier_close": 0.0,
           "we_multiplier_entry": 6.98720073687885}}