{"config_name": "clock_1_symbols_1440days",
 "long": {"backwards_tp": true,
          "delay_between_fills_minutes_close": 1411.4002251897252,
          "delay_between_fills_minutes_entry": 1439.8425096470905,
          "delay_weight_close": 49.188538646677664,
          "delay_weight_entry": 64.17390314867595,
          "ema_dist_close": -0.0049285963596398235,
          "ema_dist_entry": -0.034934281430631,
          "ema_span_0": 751.279399791935,
          "ema_span_1": 1269.9120032259896,
          "enabled": true,
          "markup_range": 0.010899175884194328,
          "min_markup": 0.002118448158379926,
          "n_close_orders": 7,
          "qty_pct_close": 0.01925366527648281,
          "qty_pct_entry": 0.010020550069081357,
          "wallet_exposure_limit": 1.0,
          "we_multiplier_close": 0.0,
          "we_multiplier_entry": 2.6896749137995535},
 "short": {"backwards_tp": true,
           "delay_between_fills_minutes_close": 828.6923195974967,
           "delay_between_fills_minutes_entry": 837.1964409121174,
           "delay_weight_close": 31.964403390723447,
           "delay_weight_entry": 33.20517340513755,
           "ema_dist_close": 0.0025624879658164095,
           "ema_dist_entry": -0.00971013666936705,
           "ema_span_0": 503.0882645961649,
           "ema_span_1": 353.93983319676914,
           "enabled": true,
           "markup_range": 0.017818336300684013,
           "min_markup": 0.0062618318413105774,
           "n_close_orders": 7,
           "qty_pct_close": 0.010042730709328476,
           "qty_pct_entry": 0.01000139171193131,
           "wallet_exposure_limit": 1.0,
           "we_multiplier_close": 0.0,
           "we_multiplier_entry": 0.4120263210160701}}