{"config_name": "clock_1_symbols_1440days",
 "long": {"backwards_tp": true,
          "delay_between_fills_minutes_close": 727.6327407338297,
          "delay_between_fills_minutes_entry": 1001.5397652713997,
          "delay_weight_close": 75.85471501381025,
          "delay_weight_entry": 18.288371469925718,
          "ema_dist_close": -0.0069120006238604205,
          "ema_dist_entry": -0.04018756645850521,
          "ema_span_0": 174.1910870345509,
          "ema_span_1": 1393.6014443224547,
          "enabled": true,
          "markup_range": 0.02452176334518788,
          "min_markup": 0.0031578661330535227,
          "n_close_orders": 15,
          "qty_pct_close": 0.010649713931217027,
          "qty_pct_entry": 0.015032368617026254,
          "wallet_exposure_limit": 1.0,
          "we_multiplier_close": 0.0,
          "we_multiplier_entry": 3.00799393098506},
 "short": {"backwards_tp": true,
           "delay_between_fills_minutes_close": 861.8257311631255,
           "delay_between_fills_minutes_entry": 602.3431323357783,
           "delay_weight_close": 34.7252610159771,
           "delay_weight_entry": 28.440241724028322,
           "ema_dist_close": -8.157784023107236e-05,
           "ema_dist_entry": 0.0028705799877382,
           "ema_span_0": 1295.1915414706434,
           "ema_span_1": 642.7604869131732,
           "enabled": true,
           "markup_range": 0.023932717725213444,
           "min_markup": 0.0013610839901092564,
           "n_close_orders": 5,
           "qty_pct_close": 0.03373603077156594,
           "qty_pct_entry": 0.01,
           "wallet_exposure_limit": 1.0,
           "we_multiplier_close": 0.0,
           "we_multiplier_entry": 7.85943295826412}}