{"config_name": "clock_1_symbols_1440days",
 "long": {"backwards_tp": true,
          "delay_between_fills_minutes_close": 1082.5738868442784,
          "delay_between_fills_minutes_entry": 588.0994055465535,
          "delay_weight_close": 99.98721849687509,
          "delay_weight_entry": 13.930935945859527,
          "ema_dist_close": 0.0029995918173551387,
          "ema_dist_entry": -0.008808587480867942,
          "ema_span_0": 659.3842230951376,
          "ema_span_1": 5.001544230534243,
          "enabled": true,
          "markup_range": 0.033541860039668046,
          "min_markup": 0.0021960091324386053,
          "n_close_orders": 15,
          "qty_pct_close": 0.01,
          "qty_pct_entry": 0.01000233145147819,
          "wallet_exposure_limit": 1.0,
          "we_multiplier_close": 0.0,
          "we_multiplier_entry": 2.2027490390318443},
 "short": {"backwards_tp": true,
           "delay_between_fills_minutes_close": 1421.2156109279938,
           "delay_between_fills_minutes_entry": 859.3404732671054,
           "delay_weight_close": 64.566901698196,
           "delay_weight_entry": 54.95452464562315,
           "ema_dist_close": -0.0030778087850728115,
           "ema_dist_entry": -0.0023957730102791117,
           "ema_span_0": 47.79726653630801,
           "ema_span_1": 1437.8473530459378,
           "enabled": true,
           "markup_range": 0.004177473561888626,
           "min_markup": 0.0027405888108398557,
           "n_close_orders": 16,
           "qty_pct_close": 0.04465415866025692,
           "qty_pct_entry": 0.010884996503474008,
           "wallet_exposure_limit": 1.0,
           "we_multiplier_close": 0.0,
           "we_multiplier_entry": 0.2908838262539591}}