{"config_name": "clock_1_symbols_1440days",
 "long": {"backwards_tp": true,
          "delay_between_fills_minutes_close": 1415.019481778896,
          "delay_between_fills_minutes_entry": 1321.231012875476,
          "delay_weight_close": 66.97072463937779,
          "delay_weight_entry": 26.917884819799312,
          "ema_dist_close": -0.002567843181587576,
          "ema_dist_entry": -0.02892063971848852,
          "ema_span_0": 368.11596720468924,
          "ema_span_1": 1001.623833161224,
          "enabled": true,
          "markup_range": 0.0033300709872623913,
          "min_markup": 0.0017494775160575913,
          "n_close_orders": 9,
          "qty_pct_close": 0.03268939910474116,
          "qty_pct_entry": 0.025010853854889086,
          "wallet_exposure_limit": 1.0,
          "we_multiplier_close": 0.0,
          "we_multiplier_entry": 3.6138767014354687},
 "short": {"backwards_tp": true,
           "delay_between_fills_minutes_close": 1172.2081148207008,
           "delay_between_fills_minutes_entry": 507.74188278758936,
           "delay_weight_close": 74.80384487068345,
           "delay_weight_entry": 0,
           "ema_dist_close": -0.007173453529161862,
           "ema_dist_entry": -0.007492864164895442,
           "ema_span_0": 82.7718911749417,
           "ema_span_1": 821.3836401858663,
           "enabled": true,
           "markup_range": 0.039050393428150705,
           "min_markup": 0.0010000000058484457,
           "n_close_orders": 8,
           "qty_pct_close": 0.012928321973942749,
           "qty_pct_entry": 0.03946508924699945,
           "wallet_exposure_limit": 1.0,
           "we_multiplier_close": 0.0,
           "we_multiplier_entry": 7.567629545603945}}