{"config_name": "clock_1_symbols_1440days",
 "long": {"backwards_tp": true,
          "delay_between_fills_minutes_close": 1439.356359115425,
          "delay_between_fills_minutes_entry": 1372.0592634244324,
          "delay_weight_close": 92.71537114560707,
          "delay_weight_entry": 99.21197526829378,
          "ema_dist_close": -0.007193532765993983,
          "ema_dist_entry": -0.0466479640872553,
          "ema_span_0": 844.9217482301163,
          "ema_span_1": 1178.766905538229,
          "enabled": true,
          "markup_range": 0.0,
          "min_markup": 0.0013774949046450068,
          "n_close_orders": 9,
          "qty_pct_close": 0.029922413414319306,
          "qty_pct_entry": 0.01,
          "wallet_exposure_limit": 1.0,
          "we_multiplier_close": 0.0,
          "we_multiplier_entry": 9.339011547921285},
 "short": {"backwards_tp": true,
           "delay_between_fills_minutes_close": 224.203219644913,
           "delay_between_fills_minutes_entry": 440.924571092286,
           "delay_weight_close": 74.50144422060414,
           "delay_weight_entry": 0,
           "ema_dist_close": -0.0027077404254846303,
           "ema_dist_entry": -0.04992335731129892,
           "ema_span_0": 1389.0935861719179,
           "ema_span_1": 254.04905929780205,
           "enabled": true,
           "markup_range": 0.045089247389027295,
           "min_markup": 0.0024221925867012354,
           "n_close_orders": 8,
           "qty_pct_close": 0.018077096233349226,
           "qty_pct_entry": 0.026432920344655268,
           "wallet_exposure_limit": 1.0,
           "we_multiplier_close": 0.0,
           "we_multiplier_entry": 9.709960932678143}}