{"config_name": "clock_1_symbols_1440days",
 "long": {"backwards_tp": true,
          "delay_between_fills_minutes_close": 894.0244366967247,
          "delay_between_fills_minutes_entry": 1419.370516096053,
          "delay_weight_close": 29.816166420181528,
          "delay_weight_entry": 13.574903162712289,
          "ema_dist_close": -0.0071693476576728705,
          "ema_dist_entry": 0.0029998383480642115,
          "ema_span_0": 1439.9830398168676,
          "ema_span_1": 922.8828977494401,
          "enabled": true,
          "markup_range": 0.015482492926761052,
          "min_markup": 0.009610688426387388,
          "n_close_orders": 14,
          "qty_pct_close": 0.04336644581344717,
          "qty_pct_entry": 0.01,
          "wallet_exposure_limit": 1.0,
          "we_multiplier_close": 0.0,
          "we_multiplier_entry": 7.079608629388565},
 "short": {"backwards_tp": true,
           "delay_between_fills_minutes_close": 1394.0539518034043,
           "delay_between_fills_minutes_entry": 1440.0,
           "delay_weight_close": 51.362100194424386,
           "delay_weight_entry": 10.796083799074665,
           "ema_dist_close": 0.003,
           "ema_dist_entry": -0.01339261386953147,
           "ema_span_0": 5.0,
           "ema_span_1": 534.8746257329136,
           "enabled": true,
           "markup_range": 0.01919130162087952,
           "min_markup": 0.001969568905009826,
           "n_close_orders": 2,
           "qty_pct_close": 0.012509763820345436,
           "qty_pct_entry": 0.024451116213523593,
           "wallet_exposure_limit": 1.0,
           "we_multiplier_close": 0.0,
           "we_multiplier_entry": 5.6297201115674325}}