{"config_name": "clock_1_symbols_1440days",
 "long": {"backwards_tp": true,
          "delay_between_fills_minutes_close": 1440,
          "delay_between_fills_minutes_entry": 953.8116619638135,
          "delay_weight_close": 10.832367876057965,
          "delay_weight_entry": 0.007858784691377949,
          "ema_dist_close": -0.009999995458984326,
          "ema_dist_entry": -0.025604264779785058,
          "ema_span_0": 1440,
          "ema_span_1": 616.2099973809626,
          "enabled": true,
          "markup_range": 0.040685460080741864,
          "min_markup": 0.01,
          "n_close_orders": 6,
          "qty_pct_close": 0.010000539413931371,
          "qty_pct_entry": 0.016895763274698012,
          "wallet_exposure_limit": 1.0,
          "we_multiplier_close": 0.0,
          "we_multiplier_entry": 9.736034034601934},
 "short": {"backwards_tp": true,
           "delay_between_fills_minutes_close": 1143.6102886133117,
           "delay_between_fills_minutes_entry": 800.7761548448807,
           "delay_weight_close": 20.823755466738895,
           "delay_weight_entry": 17.631117143813807,
           "ema_dist_close": 0.003,
           "ema_dist_entry": -0.01650506210607116,
           "ema_span_0": 826.2583637871332,
           "ema_span_1": 543.1408434415146,
           "enabled": true,
           "markup_range": 0.005956943381111381,
           "min_markup": 0.008270456942323375,
           "n_close_orders": 10,
           "qty_pct_close": 0.012445444813093851,
           "qty_pct_entry": 0.04080482731976535,
           "wallet_exposure_limit": 1.0,
           "we_multiplier_close": 0.0,
           "we_multiplier_entry": 4.816769996769669}}