{"config_name": "clock_1_symbols_1440days",
 "long": {"backwards_tp": true,
          "delay_between_fills_minutes_close": 976.9639944075257,
          "delay_between_fills_minutes_entry": 1092.3378421466743,
          "delay_weight_close": 78.19075027764218,
          "delay_weight_entry": 17.622838593813977,
          "ema_dist_close": -0.008269298761037311,
          "ema_dist_entry": 0.003,
          "ema_span_0": 1367.3525180979752,
          "ema_span_1": 249.14905916240255,
          "enabled": true,
          "markup_range": 0.05716806523889396,
          "min_markup": 0.009403255229738797,
          "n_close_orders": 10,
          "qty_pct_close": 0.0196819224840929,
          "qty_pct_entry": 0.010013725076460334,
          "wallet_exposure_limit": 1.0,
          "we_multiplier_close": 0.0,
          "we_multiplier_entry": 4.026031194027596},
 "short": {"backwards_tp": true,
           "delay_between_fills_minutes_close": 754.8370197008957,
           "delay_between_fills_minutes_entry": 1405.2010050240392,
           "delay_weight_close": 13.85944452533897,
           "delay_weight_entry": 43.936579196732275,
           "ema_dist_close": -0.007124103732765425,
           "ema_dist_entry": -0.008571725100512087,
           "ema_span_0": 990.256313792694,
           "ema_span_1": 863.0236864225524,
           "enabled": true,
           "markup_range": 0.008783771669197,
           "min_markup": 0.007546528910533629,
           "n_close_orders": 8,
           "qty_pct_close": 0.01848794877382268,
           "qty_pct_entry": 0.016643502215624714,
           "wallet_exposure_limit": 1.0,
           "we_multiplier_close": 0.0,
           "we_multiplier_entry": 9.422381052794876}}