{"config_name": "clock_1_symbols_1440days",
 "long": {"backwards_tp": true,
          "delay_between_fills_minutes_close": 1020.2211587231574,
          "delay_between_fills_minutes_entry": 1336.2078795908233,
          "delay_weight_close": 47.83604978338138,
          "delay_weight_entry": 16.580041292084356,
          "ema_dist_close": 0.0029986074823595966,
          "ema_dist_entry": -0.01230709113150617,
          "ema_span_0": 915.3135116272279,
          "ema_span_1": 1439.9946619084906,
          "enabled": true,
          "markup_range": 0.0429002418124989,
          "min_markup": 0.005450849999765122,
          "n_close_orders": 15,
          "qty_pct_close": 0.01843403759778796,
          "qty_pct_entry": 0.01011519582041238,
          "wallet_exposure_limit": 1.0,
          "we_multiplier_close": 0.0,
          "we_multiplier_entry": 1.750664623998099},
 "short": {"backwards_tp": true,
           "delay_between_fills_minutes_close": 1075.9862866698184,
           "delay_between_fills_minutes_entry": 791.9103954592105,
           "delay_weight_close": 48.891886955521315,
           "delay_weight_entry": 3.6819410279400966,
           "ema_dist_close": -0.009881208974936738,
           "ema_dist_entry": -0.03954501079720469,
           "ema_span_0": 868.190908388829,
           "ema_span_1": 115.69653671983355,
           "enabled": true,
           "markup_range": 0.025165207101781797,
           "min_markup": 0.006771979187098854,
           "n_close_orders": 12,
           "qty_pct_close": 0.015141959676733546,
           "qty_pct_entry": 0.01669028467460518,
           "wallet_exposure_limit": 1.0,
           "we_multiplier_close": 0.0,
           "we_multiplier_entry": 6.632957310275989}}