{"config_name": "clock_1_symbols_1440days",
 "long": {"backwards_tp": true,
          "delay_between_fills_minutes_close": 998.9650142414512,
          "delay_between_fills_minutes_entry": 1440.0,
          "delay_weight_close": 100.0,
          "delay_weight_entry": 14.271160975115347,
          "ema_dist_close": -0.004030763876109106,
          "ema_dist_entry": 0.003,
          "ema_span_0": 535.3742384892824,
          "ema_span_1": 1440.0,
          "enabled": true,
          "markup_range": 0.04768904218040304,
          "min_markup": 0.009999999558476292,
          "n_close_orders": 7,
          "qty_pct_close": 0.014195109188551812,
          "qty_pct_entry": 0.01000907172497288,
          "wallet_exposure_limit": 1.0,
          "we_multiplier_close": 0.0,
          "we_multiplier_entry": 5.811595067618957},
 "short": {"backwards_tp": true,
           "delay_between_fills_minutes_close": 868.769785707367,
           "delay_between_fills_minutes_entry": 1440.0,
           "delay_weight_close": 100.0,
           "delay_weight_entry": 7.432065515015075,
           "ema_dist_close": 0.002999534431347897,
           "ema_dist_entry": 0.0029925828864010937,
           "ema_span_0": 5.0,
           "ema_span_1": 1162.155579482283,
           "enabled": true,
           "markup_range": 0.046373904419986074,
           "min_markup": 0.009985227500293835,
           "n_close_orders": 14,
           "qty_pct_close": 0.01,
           "qty_pct_entry": 0.03017820701905118,
           "wallet_exposure_limit": 1.0,
           "we_multiplier_close": 0.0,
           "we_multiplier_entry": 7.820889107423112}}