{"config_name": "clock_1_symbols_1440days",
 "long": {"backwards_tp": true,
          "delay_between_fills_minutes_close": 916.5245291690956,
          "delay_between_fills_minutes_entry": 1001.6446832219261,
          "delay_weight_close": 39.01053028120774,
          "delay_weight_entry": 9.918661721374923,
          "ema_dist_close": -0.0011244132281197955,
          "ema_dist_entry": -0.005563097156003466,
          "ema_span_0": 415.8015218438867,
          "ema_span_1": 1395.04941293005,
          "enabled": true,
          "markup_range": 0.04030267267791257,
          "min_markup": 0.0035133203179826757,
          "n_close_orders": 4,
          "qty_pct_close": 0.030665741522678595,
          "qty_pct_entry": 0.015806186202421958,
          "wallet_exposure_limit": 1.0,
          "we_multiplier_close": 0.0,
          "we_multiplier_entry": 9.39122115754967},
 "short": {"backwards_tp": true,
           "delay_between_fills_minutes_close": 949.8982318401138,
           "delay_between_fills_minutes_entry": 1234.0034986841854,
           "delay_weight_close": 66.63149245207288,
           "delay_weight_entry": 39.27288174361057,
           "ema_dist_close": -0.004881323370785137,
           "ema_dist_entry": 0.0015325021576784884,
           "ema_span_0": 759.1969536529002,
           "ema_span_1": 1001.2216195603809,
           "enabled": true,
           "markup_range": 0.004220246275853129,
           "min_markup": 0.002266765908510843,
           "n_close_orders": 14,
           "qty_pct_close": 0.046851686530153126,
           "qty_pct_entry": 0.011560043735963439,
           "wallet_exposure_limit": 1.0,
           "we_multiplier_close": 0.0,
           "we_multiplier_entry": 6.086566440636162}}