{"config_name": "clock_1_symbols_1440days",
 "long": {"backwards_tp": true,
          "delay_between_fills_minutes_close": 971.9611736536456,
          "delay_between_fills_minutes_entry": 1175.3765740433405,
          "delay_weight_close": 96.40190809657757,
          "delay_weight_entry": 19.140748536752668,
          "ema_dist_close": 0.0013044638005912917,
          "ema_dist_entry": -0.038680843120830664,
          "ema_span_0": 1398.2817988862257,
          "ema_span_1": 801.3613352503581,
          "enabled": true,
          "markup_range": 0.036514345285269006,
          "min_markup": 0.00629930559291248,
          "n_close_orders": 7,
          "qty_pct_close": 0.017128288785187504,
          "qty_pct_entry": 0.010216985055945746,
          "wallet_exposure_limit": 1.0,
          "we_multiplier_close": 0.0,
          "we_multiplier_entry": 5.070751402290067},
 "short": {"backwards_tp": true,
           "delay_between_fills_minutes_close": 128.92559201706848,
           "delay_between_fills_minutes_entry": 1001.9473938009826,
           "delay_weight_close": 89.69769532002442,
           "delay_weight_entry": 98.75020885091855,
           "ema_dist_close": 0.003,
           "ema_dist_entry": 0.003,
           "ema_span_0": 1255.6296639102618,
           "ema_span_1": 1440.0,
           "enabled": true,
           "markup_range": 0.002333503544505925,
           "min_markup": 0.001066198454417556,
           "n_close_orders": 2,
           "qty_pct_close": 0.03854505441900758,
           "qty_pct_entry": 0.010119473333665847,
           "wallet_exposure_limit": 1.0,
           "we_multiplier_close": 0.0,
           "we_multiplier_entry": 6.8433932695005515}}