{
    "config_name": "clock_0days",
    "long": {
        "backwards_tp": true,
        "delay_between_fills_minutes_close": 330.00693166282895,
        "delay_between_fills_minutes_entry": 487.28277740924824,
        "delay_weight_close": 135.1252744716918,
        "delay_weight_entry": 19.995778866870708,
        "ema_dist_close": -0.012600266555804842,
        "ema_dist_entry": -0.4949942339195067,
        "ema_span_0": 500.3913150111886,
        "ema_span_1": 406.5893097820141,
        "enabled": true,
        "markup_range": 0.012362152865104383,
        "min_markup": 0.02539901090864494,
        "n_close_orders": 8,
        "qty_pct_close": 0.019829124672382976,
        "qty_pct_entry": 0.01017445696946762,
        "wallet_exposure_limit": 0.3,
        "we_multiplier_close": 4.609947497938672,
        "we_multiplier_entry": 113.75120731092466
    },
    "short": {
        "backwards_tp": true,
        "delay_between_fills_minutes_close": 191.59942349208404,
        "delay_between_fills_minutes_entry": 358.9745918181667,
        "delay_weight_close": 147.18740284713343,
        "delay_weight_entry": 8.637203048580494,
        "ema_dist_close": 0.01,
        "ema_dist_entry": 0.004113830073890214,
        "ema_span_0": 493.5139832199191,
        "ema_span_1": 58.458287638607494,
        "enabled": true,
        "markup_range": 0.02,
        "min_markup": 0.01,
        "n_close_orders": 2,
        "qty_pct_close": 0.01,
        "qty_pct_entry": 0.01,
        "wallet_exposure_limit": 0.1,
        "we_multiplier_close": 45.688157075400134,
        "we_multiplier_entry": 40.646681824088375
    }
}