{"config_name": "clock_1_symbols_1440days",
 "long": {"backwards_tp": true,
          "delay_between_fills_minutes_close": 935.1893717543983,
          "delay_between_fills_minutes_entry": 1433.1095346615639,
          "delay_weight_close": 48.896432620906985,
          "delay_weight_entry": 24.594824704473094,
          "ema_dist_close": 0.002872918438632447,
          "ema_dist_entry": -0.005642023768579033,
          "ema_span_0": 1289.222122696279,
          "ema_span_1": 1259.8981660653099,
          "enabled": true,
          "markup_range": 0.01066688528624066,
          "min_markup": 0.009532714933618434,
          "n_close_orders": 16,
          "qty_pct_close": 0.05,
          "qty_pct_entry": 0.01,
          "wallet_exposure_limit": 1.0,
          "we_multiplier_close": 0.0,
          "we_multiplier_entry": 5.452552994337188},
 "short": {"backwards_tp": true,
           "delay_between_fills_minutes_close": 818.4154065569294,
           "delay_between_fills_minutes_entry": 1439.99492509099,
           "delay_weight_close": 21.250190275820835,
           "delay_weight_entry": 22.673507652382874,
           "ema_dist_close": -0.007438977826771037,
           "ema_dist_entry": -0.0011596725078172818,
           "ema_span_0": 1436.3336548431043,
           "ema_span_1": 1434.4897921607871,
           "enabled": true,
           "markup_range": 0.0022171806139337047,
           "min_markup": 0.006585940581937368,
           "n_close_orders": 6,
           "qty_pct_close": 0.01,
           "qty_pct_entry": 0.01,
           "wallet_exposure_limit": 1.0,
           "we_multiplier_close": 0.0,
           "we_multiplier_entry": 4.921426018666526}}