{"config_name": "clock_1_symbols_1440days",
 "long": {"backwards_tp": true,
          "delay_between_fills_minutes_close": 625.0099564745091,
          "delay_between_fills_minutes_entry": 1409.0003222448454,
          "delay_weight_close": 57.622460495352634,
          "delay_weight_entry": 21.12587311769116,
          "ema_dist_close": -0.005048732640994023,
          "ema_dist_entry": -0.00602289864452428,
          "ema_span_0": 1438.0209386081924,
          "ema_span_1": 1311.800517652463,
          "enabled": true,
          "markup_range": 0.010267563593353825,
          "min_markup": 0.009953658862474807,
          "n_close_orders": 4,
          "qty_pct_close": 0.014330604865924204,
          "qty_pct_entry": 0.010156467728271676,
          "wallet_exposure_limit": 1.0,
          "we_multiplier_close": 0.0,
          "we_multiplier_entry": 2.358318258698119},
 "short": {"backwards_tp": true,
           "delay_between_fills_minutes_close": 1437.8869851371558,
           "delay_between_fills_minutes_entry": 30.87234367310826,
           "delay_weight_close": 35.961413029311295,
           "delay_weight_entry": 0,
           "ema_dist_close": -0.009964419575312676,
           "ema_dist_entry": 0.0004892483823317168,
           "ema_span_0": 1440.0,
           "ema_span_1": 154.42131868187616,
           "enabled": true,
           "markup_range": 0.00013269949477165974,
           "min_markup": 0.0025945138664830855,
           "n_close_orders": 14,
           "qty_pct_close": 0.049529668117812634,
           "qty_pct_entry": 0.01,
           "wallet_exposure_limit": 1.0,
           "we_multiplier_close": 0.0,
           "we_multiplier_entry": 10.0}}