{"config_name": "clock_1_symbols_1440days",
 "long": {"backwards_tp": true,
          "delay_between_fills_minutes_close": 1345.7051265056941,
          "delay_between_fills_minutes_entry": 1131.444746803496,
          "delay_weight_close": 98.56434216448942,
          "delay_weight_entry": 19.640287988752405,
          "ema_dist_close": 0.0008797918179066291,
          "ema_dist_entry": -0.020428970006990958,
          "ema_span_0": 1302.6017406549877,
          "ema_span_1": 281.2430265859308,
          "enabled": true,
          "markup_range": 0.0013560273937615692,
          "min_markup": 0.008236197985494501,
          "n_close_orders": 16,
          "qty_pct_close": 0.024735785392896965,
          "qty_pct_entry": 0.019440221216772708,
          "wallet_exposure_limit": 1.0,
          "we_multiplier_close": 0.0,
          "we_multiplier_entry": 4.768091128526464},
 "short": {"backwards_tp": true,
           "delay_between_fills_minutes_close": 1168.5827406385558,
           "delay_between_fills_minutes_entry": 810.6628511130339,
           "delay_weight_close": 55.595623689278554,
           "delay_weight_entry": 9.15530357941058,
           "ema_dist_close": -0.0015758687559866496,
           "ema_dist_entry": 0.002965510962954118,
           "ema_span_0": 947.9710227336471,
           "ema_span_1": 139.43896787165346,
           "enabled": true,
           "markup_range": 0.0559019900466447,
           "min_markup": 0.008243039080807939,
           "n_close_orders": 7,
           "qty_pct_close": 0.021425872251025976,
           "qty_pct_entry": 0.029133596849666193,
           "wallet_exposure_limit": 1.0,
           "we_multiplier_close": 0.0,
           "we_multiplier_entry": 3.4749423235995613}}