{"config_name": "clock_1_symbols_1440days",
 "long": {"backwards_tp": true,
          "delay_between_fills_minutes_close": 572.9602428231207,
          "delay_between_fills_minutes_entry": 1123.2919997016795,
          "delay_weight_close": 0.6009281528905608,
          "delay_weight_entry": 18.134152513959393,
          "ema_dist_close": 0.0017847083275229312,
          "ema_dist_entry": 0.003,
          "ema_span_0": 5.0,
          "ema_span_1": 1436.1631304585694,
          "enabled": true,
          "markup_range": 0.0006508450949645157,
          "min_markup": 0.0016579373294905028,
          "n_close_orders": 16,
          "qty_pct_close": 0.010128015463150616,
          "qty_pct_entry": 0.010003363129594494,
          "wallet_exposure_limit": 1.0,
          "we_multiplier_close": 0.0,
          "we_multiplier_entry": 0.0011937913595793433},
 "short": {"backwards_tp": true,
           "delay_between_fills_minutes_close": 120.17066216199473,
           "delay_between_fills_minutes_entry": 1142.6345083804085,
           "delay_weight_close": 68.31791097080479,
           "delay_weight_entry": 94.75829602060747,
           "ema_dist_close": -0.007300727326630461,
           "ema_dist_entry": 0.002903285287042333,
           "ema_span_0": 194.6680964560756,
           "ema_span_1": 1153.9181816289163,
           "enabled": true,
           "markup_range": 8.996545009646571e-05,
           "min_markup": 0.001738671854077606,
           "n_close_orders": 8,
           "qty_pct_close": 0.010706446684358072,
           "qty_pct_entry": 0.024854168000508846,
           "wallet_exposure_limit": 1.0,
           "we_multiplier_close": 0.0,
           "we_multiplier_entry": 6.47439920963027}}