{"config_name": "clock_1_symbols_1440days",
 "long": {"backwards_tp": true,
          "delay_between_fills_minutes_close": 695.7014605722496,
          "delay_between_fills_minutes_entry": 1435.3691537278287,
          "delay_weight_close": 97.48079008210313,
          "delay_weight_entry": 18.177148959275236,
          "ema_dist_close": -0.009965913591383487,
          "ema_dist_entry": 0.0027510901200836777,
          "ema_span_0": 998.6296091901639,
          "ema_span_1": 928.6249869251632,
          "enabled": true,
          "markup_range": 0.03264843942994869,
          "min_markup": 0.004067540267007991,
          "n_close_orders": 6,
          "qty_pct_close": 0.049542531210328936,
          "qty_pct_entry": 0.010233994628097192,
          "wallet_exposure_limit": 1.0,
          "we_multiplier_close": 0.0,
          "we_multiplier_entry": 3.4263508210756197},
 "short": {"backwards_tp": true,
           "delay_between_fills_minutes_close": 1393.0737691372515,
           "delay_between_fills_minutes_entry": 265.93500546020516,
           "delay_weight_close": 60.89988318604817,
           "delay_weight_entry": 0.013297847139463252,
           "ema_dist_close": -0.00917208196686508,
           "ema_dist_entry": 0.003,
           "ema_span_0": 1439.8743388248909,
           "ema_span_1": 1146.0141623184727,
           "enabled": true,
           "markup_range": 0.011890520427932537,
           "min_markup": 0.005227938594552055,
           "n_close_orders": 14,
           "qty_pct_close": 0.04296247773986247,
           "qty_pct_entry": 0.01746628672519518,
           "wallet_exposure_limit": 1.0,
           "we_multiplier_close": 0.0,
           "we_multiplier_entry": 9.164102803860219}}