{"config_name": "clock_1_symbols_1440days",
 "long": {"backwards_tp": true,
          "delay_between_fills_minutes_close": 1069.061548446131,
          "delay_between_fills_minutes_entry": 1439.9992462949756,
          "delay_weight_close": 77.78078431682889,
          "delay_weight_entry": 24.333872691253344,
          "ema_dist_close": -0.008523979772282714,
          "ema_dist_entry": -0.021008165987790248,
          "ema_span_0": 1010.3122539538579,
          "ema_span_1": 63.79889980562414,
          "enabled": true,
          "markup_range": 0.05573945885308642,
          "min_markup": 0.0013039845710223037,
          "n_close_orders": 12,
          "qty_pct_close": 0.04718354905093655,
          "qty_pct_entry": 0.020771097377747842,
          "wallet_exposure_limit": 1.0,
          "we_multiplier_close": 0.0,
          "we_multiplier_entry": 5.193383101156451},
 "short": {"backwards_tp": true,
           "delay_between_fills_minutes_close": 1056.9179899602698,
           "delay_between_fills_minutes_entry": 1439.0852791537027,
           "delay_weight_close": 28.016496105943975,
           "delay_weight_entry": 10.246188384756625,
           "ema_dist_close": -0.00888932103845075,
           "ema_dist_entry": 0.0029831310555470596,
           "ema_span_0": 1439.7133816304554,
           "ema_span_1": 508.9321979845414,
           "enabled": true,
           "markup_range": 0.022815250132230843,
           "min_markup": 0.009041217676980259,
           "n_close_orders": 9,
           "qty_pct_close": 0.046512012967726314,
           "qty_pct_entry": 0.010000051482164613,
           "wallet_exposure_limit": 1.0,
           "we_multiplier_close": 0.0,
           "we_multiplier_entry": 6.554446563668586}}