{"config_name": "clock_1_symbols_1440days",
 "long": {"backwards_tp": true,
          "delay_between_fills_minutes_close": 893.3052674077442,
          "delay_between_fills_minutes_entry": 843.9962135706538,
          "delay_weight_close": 72.40338027800183,
          "delay_weight_entry": 32.91085410766894,
          "ema_dist_close": -0.0075926073119568505,
          "ema_dist_entry": -0.01165926814596925,
          "ema_span_0": 274.4466107024917,
          "ema_span_1": 490.5391962960631,
          "enabled": true,
          "markup_range": 0.02250373032052525,
          "min_markup": 0.0096118299284462,
          "n_close_orders": 8,
          "qty_pct_close": 0.014582233365214551,
          "qty_pct_entry": 0.027678837786983785,
          "wallet_exposure_limit": 1.0,
          "we_multiplier_close": 0.0,
          "we_multiplier_entry": 4.258306737077107},
 "short": {"backwards_tp": true,
           "delay_between_fills_minutes_close": 1151.8123600346858,
           "delay_between_fills_minutes_entry": 1439.594740856668,
           "delay_weight_close": 20.223566949355497,
           "delay_weight_entry": 51.75712465037215,
           "ema_dist_close": -0.00415752055541123,
           "ema_dist_entry": -0.007709498261988253,
           "ema_span_0": 611.3868647066848,
           "ema_span_1": 135.75047830639207,
           "enabled": true,
           "markup_range": 0.045099701088086426,
           "min_markup": 0.009305438465416684,
           "n_close_orders": 11,
           "qty_pct_close": 0.024006592352738252,
           "qty_pct_entry": 0.04130333318811835,
           "wallet_exposure_limit": 1.0,
           "we_multiplier_close": 0.0,
           "we_multiplier_entry": 4.323933101494999}}