{"config_name": "clock_1_symbols_1440days",
 "long": {"backwards_tp": true,
          "delay_between_fills_minutes_close": 1223.1536232974333,
          "delay_between_fills_minutes_entry": 1074.7118713459322,
          "delay_weight_close": 54.78720517017588,
          "delay_weight_entry": 8.440983732335154,
          "ema_dist_close": 0.0029120389607245703,
          "ema_dist_entry": 3.27852237635618e-05,
          "ema_span_0": 1270.397446357859,
          "ema_span_1": 561.9156311747295,
          "enabled": true,
          "markup_range": 0.05306377933859439,
          "min_markup": 0.004269342816894027,
          "n_close_orders": 5,
          "qty_pct_close": 0.010001678794866284,
          "qty_pct_entry": 0.01484053720130813,
          "wallet_exposure_limit": 1.0,
          "we_multiplier_close": 0.0,
          "we_multiplier_entry": 3.76277308993896},
 "short": {"backwards_tp": true,
           "delay_between_fills_minutes_close": 1030.3681091982432,
           "delay_between_fills_minutes_entry": 148.11232500243955,
           "delay_weight_close": 92.72996206793636,
           "delay_weight_entry": 15.386620329058099,
           "ema_dist_close": -0.002765453024821574,
           "ema_dist_entry": -0.02468316670091452,
           "ema_span_0": 739.6726172417787,
           "ema_span_1": 1275.0124183908365,
           "enabled": true,
           "markup_range": 0.002377960111497145,
           "min_markup": 0.0030871801907359836,
           "n_close_orders": 15,
           "qty_pct_close": 0.049969435721409085,
           "qty_pct_entry": 0.011048346534109939,
           "wallet_exposure_limit": 1.0,
           "we_multiplier_close": 0.0,
           "we_multiplier_entry": 9.22035421775232}}