{"config_name": "clock_1_symbols_1440days",
 "long": {"backwards_tp": true,
          "delay_between_fills_minutes_close": 1336.4386260330257,
          "delay_between_fills_minutes_entry": 1156.3036203202435,
          "delay_weight_close": 46.71513371637386,
          "delay_weight_entry": 39.646255976439576,
          "ema_dist_close": -0.0009950193013105696,
          "ema_dist_entry": 0.000490892681036082,
          "ema_span_0": 1157.862658500747,
          "ema_span_1": 438.8193989534497,
          "enabled": true,
          "markup_range": 2.2211165975311306e-09,
          "min_markup": 0.00712498508922459,
          "n_close_orders": 16,
          "qty_pct_close": 0.04548927354122923,
          "qty_pct_entry": 0.020131052249235625,
          "wallet_exposure_limit": 1.0,
          "we_multiplier_close": 0.0,
          "we_multiplier_entry": 4.947151478361818},
 "short": {"backwards_tp": true,
           "delay_between_fills_minutes_close": 938.7384487528881,
           "delay_between_fills_minutes_entry": 1438.2160621156117,
           "delay_weight_close": 17.23547271514923,
           "delay_weight_entry": 17.380194648271686,
           "ema_dist_close": 0.0009709777383821472,
           "ema_dist_entry": -0.003920369113412094,
           "ema_span_0": 782.7965053728941,
           "ema_span_1": 178.28218343291744,
           "enabled": true,
           "markup_range": 0.04182026684312054,
           "min_markup": 0.007658784394688018,
           "n_close_orders": 8,
           "qty_pct_close": 0.02006459280833559,
           "qty_pct_entry": 0.010918628815700049,
           "wallet_exposure_limit": 1.0,
           "we_multiplier_close": 0.0,
           "we_multiplier_entry": 7.820907757289948}}