{"config_name": "clock_1_symbols_1440days",
 "long": {"backwards_tp": true,
          "delay_between_fills_minutes_close": 1315.7566644792437,
          "delay_between_fills_minutes_entry": 1438.1818686476822,
          "delay_weight_close": 97.94454398913268,
          "delay_weight_entry": 13.848602528975674,
          "ema_dist_close": -0.007253038026533903,
          "ema_dist_entry": -0.005276552802453222,
          "ema_span_0": 554.7997430737545,
          "ema_span_1": 1287.676413693595,
          "enabled": true,
          "markup_range": 0.059998839268626106,
          "min_markup": 0.009641432167661107,
          "n_close_orders": 7,
          "qty_pct_close": 0.010665381944674672,
          "qty_pct_entry": 0.010667501507270557,
          "wallet_exposure_limit": 1.0,
          "we_multiplier_close": 0.0,
          "we_multiplier_entry": 4.365873260187847},
 "short": {"backwards_tp": true,
           "delay_between_fills_minutes_close": 214.7934330449869,
           "delay_between_fills_minutes_entry": 1174.0202605478307,
           "delay_weight_close": 27.277289804107948,
           "delay_weight_entry": 62.95375669854257,
           "ema_dist_close": 0.00019977997553272955,
           "ema_dist_entry": 0.0017815156652219682,
           "ema_span_0": 1380.2493153392338,
           "ema_span_1": 1198.381660311177,
           "enabled": true,
           "markup_range": 0.0006092868037909869,
           "min_markup": 0.007492479901292495,
           "n_close_orders": 9,
           "qty_pct_close": 0.03513718403952474,
           "qty_pct_entry": 0.015075276447156066,
           "wallet_exposure_limit": 1.0,
           "we_multiplier_close": 0.0,
           "we_multiplier_entry": 9.75543195605885}}