{"config_name": "clock_1_symbols_1440days",
 "long": {"backwards_tp": true,
          "delay_between_fills_minutes_close": 413.7530542291352,
          "delay_between_fills_minutes_entry": 830.6840678027883,
          "delay_weight_close": 66.78697009949154,
          "delay_weight_entry": 73.24916931582088,
          "ema_dist_close": -0.006014838647067596,
          "ema_dist_entry": -0.004588879809930613,
          "ema_span_0": 39.382684896357944,
          "ema_span_1": 1257.997922744159,
          "enabled": true,
          "markup_range": 0.0,
          "min_markup": 0.0017909293390988067,
          "n_close_orders": 6,
          "qty_pct_close": 0.01,
          "qty_pct_entry": 0.01,
          "wallet_exposure_limit": 1.0,
          "we_multiplier_close": 0.0,
          "we_multiplier_entry": 6.072920338554241},
 "short": {"backwards_tp": true,
           "delay_between_fills_minutes_close": 1404.6218058349993,
           "delay_between_fills_minutes_entry": 638.926390889548,
           "delay_weight_close": 41.10452252979222,
           "delay_weight_entry": 7.110629521488257,
           "ema_dist_close": -0.003216674207529357,
           "ema_dist_entry": -0.04905194232948537,
           "ema_span_0": 222.13312880256908,
           "ema_span_1": 633.8177740470994,
           "enabled": true,
           "markup_range": 0.018046354901024658,
           "min_markup": 0.004111301375833439,
           "n_close_orders": 6,
           "qty_pct_close": 0.03227573775718927,
           "qty_pct_entry": 0.04564311419982625,
           "wallet_exposure_limit": 1.0,
           "we_multiplier_close": 0.0,
           "we_multiplier_entry": 9.89292435146908}}