{"config_name": "clock_1_symbols_1440days",
 "long": {"backwards_tp": true,
          "delay_between_fills_minutes_close": 120.07291543356035,
          "delay_between_fills_minutes_entry": 1383.3799093996931,
          "delay_weight_close": 99.76320367269051,
          "delay_weight_entry": 78.11284258513604,
          "ema_dist_close": 0.001700973292794918,
          "ema_dist_entry": 0.003,
          "ema_span_0": 5,
          "ema_span_1": 1352.716463121713,
          "enabled": true,
          "markup_range": 0.041886443872785034,
          "min_markup": 0.0052534296830215035,
          "n_close_orders": 10,
          "qty_pct_close": 0.02242233821147758,
          "qty_pct_entry": 0.01427708148034,
          "wallet_exposure_limit": 1.0,
          "we_multiplier_close": 0.0,
          "we_multiplier_entry": 3.2656868649994526},
 "short": {"backwards_tp": true,
           "delay_between_fills_minutes_close": 1415.635389727853,
           "delay_between_fills_minutes_entry": 1431.269038187409,
           "delay_weight_close": 98.70131042532304,
           "delay_weight_entry": 4.6249761030760315,
           "ema_dist_close": -0.009020544902543988,
           "ema_dist_entry": -0.02422250925078021,
           "ema_span_0": 1439.3562549356068,
           "ema_span_1": 734.7414924897009,
           "enabled": true,
           "markup_range": 0.05608196343190968,
           "min_markup": 0.009998949434453898,
           "n_close_orders": 4,
           "qty_pct_close": 0.01,
           "qty_pct_entry": 0.025346892163191935,
           "wallet_exposure_limit": 1.0,
           "we_multiplier_close": 0.0,
           "we_multiplier_entry": 5.332411710757873}}