{"config_name": "clock_1_symbols_1440days",
 "long": {"backwards_tp": true,
          "delay_between_fills_minutes_close": 1406.0700201205696,
          "delay_between_fills_minutes_entry": 728.1821075285096,
          "delay_weight_close": 62.07193243623084,
          "delay_weight_entry": 30.503024351250648,
          "ema_dist_close": -0.0019179360976660851,
          "ema_dist_entry": -0.015579489672352627,
          "ema_span_0": 291.2480801204245,
          "ema_span_1": 1173.2195615686746,
          "enabled": true,
          "markup_range": 0.024124981413032764,
          "min_markup": 0.009999975685252306,
          "n_close_orders": 15,
          "qty_pct_close": 0.02162042365146436,
          "qty_pct_entry": 0.010000000063626061,
          "wallet_exposure_limit": 1.0,
          "we_multiplier_close": 0.0,
          "we_multiplier_entry": 0.021474943718903513},
 "short": {"backwards_tp": true,
           "delay_between_fills_minutes_close": 749.2619714779852,
           "delay_between_fills_minutes_entry": 628.2623832637595,
           "delay_weight_close": 6.276053836506577,
           "delay_weight_entry": 16.45016813836714,
           "ema_dist_close": -0.005866161599003243,
           "ema_dist_entry": 0.002973970850013103,
           "ema_span_0": 476.37113898943085,
           "ema_span_1": 283.43196172944147,
           "enabled": true,
           "markup_range": 0.007882875620000056,
           "min_markup": 0.006330670937272349,
           "n_close_orders": 14,
           "qty_pct_close": 0.021960035847280877,
           "qty_pct_entry": 0.025189519419090936,
           "wallet_exposure_limit": 1.0,
           "we_multiplier_close": 0.0,
           "we_multiplier_entry": 3.571576667327799}}