{"config_name": "clock_1_symbols_1440days",
 "long": {"backwards_tp": true,
          "delay_between_fills_minutes_close": 146.2336783632432,
          "delay_between_fills_minutes_entry": 505.2714571122248,
          "delay_weight_close": 55.23834277254019,
          "delay_weight_entry": 26.030176772093377,
          "ema_dist_close": -0.0033584546217499452,
          "ema_dist_entry": -0.031033898666844733,
          "ema_span_0": 789.6863465579495,
          "ema_span_1": 152.0123910541843,
          "enabled": true,
          "markup_range": 0.0011455057905682404,
          "min_markup": 0.0054389244338575015,
          "n_close_orders": 8,
          "qty_pct_close": 0.018578002525904247,
          "qty_pct_entry": 0.03988546309325629,
          "wallet_exposure_limit": 1.0,
          "we_multiplier_close": 0.0,
          "we_multiplier_entry": 6.003342112523403},
 "short": {"backwards_tp": true,
           "delay_between_fills_minutes_close": 1382.0809456762347,
           "delay_between_fills_minutes_entry": 866.592192057162,
           "delay_weight_close": 6.319887784529336,
           "delay_weight_entry": 36.67943765867258,
           "ema_dist_close": -0.00835614262679138,
           "ema_dist_entry": -0.04545563104617524,
           "ema_span_0": 563.7242343674038,
           "ema_span_1": 128.23561687852802,
           "enabled": true,
           "markup_range": 0.0004726766696912783,
           "min_markup": 0.007453388623042949,
           "n_close_orders": 8,
           "qty_pct_close": 0.01855545128888155,
           "qty_pct_entry": 0.01000026482496245,
           "wallet_exposure_limit": 1.0,
           "we_multiplier_close": 0.0,
           "we_multiplier_entry": 9.999999453220383}}