{"config_name": "clock_1_symbols_1440days",
 "long": {"backwards_tp": true,
          "delay_between_fills_minutes_close": 638.5858415487659,
          "delay_between_fills_minutes_entry": 1424.4280589294206,
          "delay_weight_close": 52.357815707961215,
          "delay_weight_entry": 30.932116287025437,
          "ema_dist_close": 0.0029888269012552315,
          "ema_dist_entry": -0.023723636921179504,
          "ema_span_0": 1436.0456551575166,
          "ema_span_1": 29.950980854140422,
          "enabled": true,
          "markup_range": 0.022976985241623324,
          "min_markup": 0.005090973803959842,
          "n_close_orders": 11,
          "qty_pct_close": 0.03437483474004138,
          "qty_pct_entry": 0.02288975118126197,
          "wallet_exposure_limit": 1.0,
          "we_multiplier_close": 0.0,
          "we_multiplier_entry": 9.26729460340501},
 "short": {"backwards_tp": true,
           "delay_between_fills_minutes_close": 1348.5350692196562,
           "delay_between_fills_minutes_entry": 942.9434259799381,
           "delay_weight_close": 67.63682917378748,
           "delay_weight_entry": 42.337126002670374,
           "ema_dist_close": -0.003362786512399574,
           "ema_dist_entry": 0.003,
           "ema_span_0": 435.1554385627063,
           "ema_span_1": 1361.5351533900455,
           "enabled": true,
           "markup_range": 0.02512842943938036,
           "min_markup": 0.009918224917094823,
           "n_close_orders": 12,
           "qty_pct_close": 0.0319053681622052,
           "qty_pct_entry": 0.025050216714205886,
           "wallet_exposure_limit": 1.0,
           "we_multiplier_close": 0.0,
           "we_multiplier_entry": 4.213469601339788}}