{"config_name": "clock_1_symbols_1440days",
 "long": {"backwards_tp": true,
          "delay_between_fills_minutes_close": 650.5862131317851,
          "delay_between_fills_minutes_entry": 1432.6007584642102,
          "delay_weight_close": 90.44255229314356,
          "delay_weight_entry": 23.52310855783917,
          "ema_dist_close": 0.0026418865410885056,
          "ema_dist_entry": 0.001081735341782037,
          "ema_span_0": 784.6608124120057,
          "ema_span_1": 1362.8891454900124,
          "enabled": true,
          "markup_range": 0.041205597716716905,
          "min_markup": 0.004932816985762945,
          "n_close_orders": 10,
          "qty_pct_close": 0.016616919918729153,
          "qty_pct_entry": 0.01552382987216738,
          "wallet_exposure_limit": 1.0,
          "we_multiplier_close": 0.0,
          "we_multiplier_entry": 7.183409930152532},
 "short": {"backwards_tp": true,
           "delay_between_fills_minutes_close": 609.4489371894922,
           "delay_between_fills_minutes_entry": 137.93374337299403,
           "delay_weight_close": 22.231859277261293,
           "delay_weight_entry": 0,
           "ema_dist_close": -0.00349708194518438,
           "ema_dist_entry": 0.003,
           "ema_span_0": 6.811611994492454,
           "ema_span_1": 1274.4621673949741,
           "enabled": true,
           "markup_range": 0.028585734684533508,
           "min_markup": 0.0041483906261154824,
           "n_close_orders": 10,
           "qty_pct_close": 0.032179811158671905,
           "qty_pct_entry": 0.021189469561929825,
           "wallet_exposure_limit": 1.0,
           "we_multiplier_close": 0.0,
           "we_multiplier_entry": 9.956640827917136}}