{"config_name": "clock_1_symbols_1440days",
 "long": {"backwards_tp": true,
          "delay_between_fills_minutes_close": 1409.2651396175593,
          "delay_between_fills_minutes_entry": 1319.0364680320276,
          "delay_weight_close": 74.55499899360558,
          "delay_weight_entry": 16.403343087924565,
          "ema_dist_close": -0.00585523177856818,
          "ema_dist_entry": 0.0017490661778817047,
          "ema_span_0": 1427.4303344180491,
          "ema_span_1": 709.5055522689985,
          "enabled": true,
          "markup_range": 0.014368820016552916,
          "min_markup": 0.007395060574397607,
          "n_close_orders": 12,
          "qty_pct_close": 0.0455032622599737,
          "qty_pct_entry": 0.016093878228798122,
          "wallet_exposure_limit": 1.0,
          "we_multiplier_close": 0.0,
          "we_multiplier_entry": 3.7089053626066013},
 "short": {"backwards_tp": true,
           "delay_between_fills_minutes_close": 1440.0,
           "delay_between_fills_minutes_entry": 1300.541135969484,
           "delay_weight_close": 0.0025396009415170583,
           "delay_weight_entry": 0,
           "ema_dist_close": -0.009773229719480206,
           "ema_dist_entry": -0.014949945979652747,
           "ema_span_0": 1440.0,
           "ema_span_1": 538.31564186484,
           "enabled": true,
           "markup_range": 0.04068774882681127,
           "min_markup": 0.0013330793593899894,
           "n_close_orders": 7,
           "qty_pct_close": 0.01,
           "qty_pct_entry": 0.014714037911569017,
           "wallet_exposure_limit": 1.0,
           "we_multiplier_close": 0.0,
           "we_multiplier_entry": 3.2127332981478247}}