{"config_name": "clock_1_symbols_1440days",
 "long": {"backwards_tp": true,
          "delay_between_fills_minutes_close": 1006.8683755268858,
          "delay_between_fills_minutes_entry": 1439.9620614465994,
          "delay_weight_close": 35.90764559376163,
          "delay_weight_entry": 20.93822642569727,
          "ema_dist_close": -0.0057080762484352345,
          "ema_dist_entry": -0.019865893587892567,
          "ema_span_0": 778.742662614571,
          "ema_span_1": 1120.5962038234381,
          "enabled": true,
          "markup_range": 0.039604386585704233,
          "min_markup": 0.0028778834075515766,
          "n_close_orders": 7,
          "qty_pct_close": 0.01940803265464739,
          "qty_pct_entry": 0.015420498779886355,
          "wallet_exposure_limit": 1.0,
          "we_multiplier_close": 0.0,
          "we_multiplier_entry": 7.934435234892526},
 "short": {"backwards_tp": true,
           "delay_between_fills_minutes_close": 151.32824398494705,
           "delay_between_fills_minutes_entry": 1311.6893543642125,
           "delay_weight_close": 73.5938656120599,
           "delay_weight_entry": 48.64932750595481,
           "ema_dist_close": -0.0026766933937057004,
           "ema_dist_entry": -0.032208094539637834,
           "ema_span_0": 1393.3077835262736,
           "ema_span_1": 1063.8540098833196,
           "enabled": true,
           "markup_range": 0.02820814116008096,
           "min_markup": 0.009471829692633967,
           "n_close_orders": 12,
           "qty_pct_close": 0.024816458054929713,
           "qty_pct_entry": 0.01724841566874592,
           "wallet_exposure_limit": 1.0,
           "we_multiplier_close": 0.0,
           "we_multiplier_entry": 0.5003532600965684}}