{"config_name": "clock_1_symbols_1440days",
 "long": {"backwards_tp": true,
          "delay_between_fills_minutes_close": 1024.502529488849,
          "delay_between_fills_minutes_entry": 1211.3519811921674,
          "delay_weight_close": 72.33879864162503,
          "delay_weight_entry": 27.821972646262154,
          "ema_dist_close": -0.004241019276570972,
          "ema_dist_entry": -0.01896210273422994,
          "ema_span_0": 871.2191937493541,
          "ema_span_1": 1318.2029254284348,
          "enabled": true,
          "markup_range": 0.00998005338629685,
          "min_markup": 0.004814500989898971,
          "n_close_orders": 12,
          "qty_pct_close": 0.03669136612249036,
          "qty_pct_entry": 0.010145596866095008,
          "wallet_exposure_limit": 1.0,
          "we_multiplier_close": 0.0,
          "we_multiplier_entry": 6.521725156828632},
 "short": {"backwards_tp": true,
           "delay_between_fills_minutes_close": 588.029785768564,
           "delay_between_fills_minutes_entry": 1245.5943907676374,
           "delay_weight_close": 0,
           "delay_weight_entry": 20.365251835776608,
           "ema_dist_close": 0.00299403013464703,
           "ema_dist_entry": -0.04092969885781079,
           "ema_span_0": 1025.0463527647846,
           "ema_span_1": 5.0,
           "enabled": true,
           "markup_range": 0.06,
           "min_markup": 0.0010001163551473912,
           "n_close_orders": 7,
           "qty_pct_close": 0.0475763793229127,
           "qty_pct_entry": 0.010187801262616859,
           "wallet_exposure_limit": 1.0,
           "we_multiplier_close": 0.0,
           "we_multiplier_entry": 9.326244308857714}}