{"config_name": "clock_1_symbols_1440days",
 "long": {"backwards_tp": true,
          "delay_between_fills_minutes_close": 747.0417024161912,
          "delay_between_fills_minutes_entry": 443.84758956412844,
          "delay_weight_close": 60.360963310743074,
          "delay_weight_entry": 63.49855430417159,
          "ema_dist_close": -0.0017043897019780433,
          "ema_dist_entry": -0.0069423218628009145,
          "ema_span_0": 1118.701285060071,
          "ema_span_1": 530.1060723152975,
          "enabled": true,
          "markup_range": 2.2224230801839604e-05,
          "min_markup": 0.005999735845693477,
          "n_close_orders": 2,
          "qty_pct_close": 0.04728509526460574,
          "qty_pct_entry": 0.01,
          "wallet_exposure_limit": 1.0,
          "we_multiplier_close": 0.0,
          "we_multiplier_entry": 10.0},
 "short": {"backwards_tp": true,
           "delay_between_fills_minutes_close": 773.4539606332639,
           "delay_between_fills_minutes_entry": 160.63371380988505,
           "delay_weight_close": 35.58773761832317,
           "delay_weight_entry": 7.95798559000592,
           "ema_dist_close": 0.002999600887887709,
           "ema_dist_entry": 0.0016628830032506612,
           "ema_span_0": 602.3694062671698,
           "ema_span_1": 1300.5416217496793,
           "enabled": true,
           "markup_range": 0.009327889162172006,
           "min_markup": 0.0010014187966883642,
           "n_close_orders": 7,
           "qty_pct_close": 0.01,
           "qty_pct_entry": 0.010032050607876129,
           "wallet_exposure_limit": 1.0,
           "we_multiplier_close": 0.0,
           "we_multiplier_entry": 9.801106188193232}}