{
    "config_name": "clock_0days",
    "long": {
        "backwards_tp": true,
        "delay_between_fills_minutes_close": 480.4009857199114,
        "delay_between_fills_minutes_entry": 436.43356948928647,
        "delay_weight_close": 102.99058050409366,
        "delay_weight_entry": 24.28616985520289,
        "ema_dist_close": -0.010361204006908875,
        "ema_dist_entry": 0.005205433533374196,
        "ema_span_0": 198.98921131367786,
        "ema_span_1": 177.0069736244149,
        "enabled": true,
        "markup_range": 0.02912861751192984,
        "min_markup": 0.009961889705173163,
        "n_close_orders": 2,
        "qty_pct_close": 0.011722107188319014,
        "qty_pct_entry": 0.01083000406891012,
        "wallet_exposure_limit": 0.3,
        "we_multiplier_close": 0.5096158572309681,
        "we_multiplier_entry": 97.52087405729668
    },
    "short": {
        "backwards_tp": true,
        "delay_between_fills_minutes_close": 1440,
        "delay_between_fills_minutes_entry": 1233.9904295953702,
        "delay_weight_close": 0,
        "delay_weight_entry": 29.14803766082176,
        "ema_dist_close": 0.0025292205959706604,
        "ema_dist_entry": -0.0021956625120941797,
        "ema_span_0": 923.7387355766683,
        "ema_span_1": 309.1067910329972,
        "enabled": true,
        "markup_range": 0.003257438290602177,
        "min_markup": 0.002723657269964439,
        "n_close_orders": 12,
        "qty_pct_close": 0.01010616933694794,
        "qty_pct_entry": 0.010065618834140212,
        "wallet_exposure_limit": 1,
        "we_multiplier_close": 0,
        "we_multiplier_entry": 122.79749440826512
    }
}