{"config_name": "clock_1_symbols_1440days",
 "long": {"backwards_tp": true,
          "delay_between_fills_minutes_close": 1317.8426167424902,
          "delay_between_fills_minutes_entry": 1172.0751514100807,
          "delay_weight_close": 38.813096291129945,
          "delay_weight_entry": 0,
          "ema_dist_close": -0.005006074301884904,
          "ema_dist_entry": 0.0026940351810009608,
          "ema_span_0": 908.3668637472805,
          "ema_span_1": 1387.1502258209432,
          "enabled": true,
          "markup_range": 0.025742970720405184,
          "min_markup": 0.009916046140114798,
          "n_close_orders": 3,
          "qty_pct_close": 0.02444787318196822,
          "qty_pct_entry": 0.030066515177856277,
          "wallet_exposure_limit": 1.0,
          "we_multiplier_close": 0.0,
          "we_multiplier_entry": 9.727438460737252},
 "short": {"backwards_tp": true,
           "delay_between_fills_minutes_close": 841.9329685002106,
           "delay_between_fills_minutes_entry": 1394.9504097649763,
           "delay_weight_close": 26.039199115988193,
           "delay_weight_entry": 60.35404998796432,
           "ema_dist_close": -0.0021267656205629618,
           "ema_dist_entry": 0.0019103244705089405,
           "ema_span_0": 961.9468895408482,
           "ema_span_1": 1178.4560643383254,
           "enabled": true,
           "markup_range": 0.012824535788824896,
           "min_markup": 0.0060908354467664304,
           "n_close_orders": 15,
           "qty_pct_close": 0.049765946203170854,
           "qty_pct_entry": 0.01,
           "wallet_exposure_limit": 1.0,
           "we_multiplier_close": 0.0,
           "we_multiplier_entry": 3.379847561313402}}