{"config_name": "clock_1_symbols_1440days",
 "long": {"backwards_tp": true,
          "delay_between_fills_minutes_close": 1402.4668538538679,
          "delay_between_fills_minutes_entry": 1437.7530091486192,
          "delay_weight_close": 98.77687190296234,
          "delay_weight_entry": 18.914602307968643,
          "ema_dist_close": -0.009100335815268043,
          "ema_dist_entry": 0.002214076845295318,
          "ema_span_0": 1440.0,
          "ema_span_1": 702.0076693978688,
          "enabled": true,
          "markup_range": 0.05999714821229099,
          "min_markup": 0.001108640617749941,
          "n_close_orders": 7,
          "qty_pct_close": 0.0446053151498202,
          "qty_pct_entry": 0.011284483431501742,
          "wallet_exposure_limit": 1.0,
          "we_multiplier_close": 0.0,
          "we_multiplier_entry": 7.788793894469115},
 "short": {"backwards_tp": true,
           "delay_between_fills_minutes_close": 950.3140630708689,
           "delay_between_fills_minutes_entry": 283.3449528785138,
           "delay_weight_close": 26.51103418554962,
           "delay_weight_entry": 17.835680620279284,
           "ema_dist_close": 0.0013488105323343832,
           "ema_dist_entry": 0.0011805765565706915,
           "ema_span_0": 475.0983483760281,
           "ema_span_1": 211.96971440963378,
           "enabled": true,
           "markup_range": 0.0014373801611797304,
           "min_markup": 0.004663741661381027,
           "n_close_orders": 16,
           "qty_pct_close": 0.05,
           "qty_pct_entry": 0.027774042565273965,
           "wallet_exposure_limit": 1.0,
           "we_multiplier_close": 0.0,
           "we_multiplier_entry": 9.955426835744197}}