{"config_name": "clock_1_symbols_1440days",
 "long": {"backwards_tp": true,
          "delay_between_fills_minutes_close": 376.6968232163716,
          "delay_between_fills_minutes_entry": 743.0656524002152,
          "delay_weight_close": 7.510853210511713,
          "delay_weight_entry": 19.416152953551915,
          "ema_dist_close": -0.0025922681963820066,
          "ema_dist_entry": 0.0014718905190753057,
          "ema_span_0": 1428.3241878347383,
          "ema_span_1": 1252.9274155702335,
          "enabled": true,
          "markup_range": 0.041734649057851195,
          "min_markup": 0.004944337393417449,
          "n_close_orders": 13,
          "qty_pct_close": 0.01249084071707966,
          "qty_pct_entry": 0.010002152615222751,
          "wallet_exposure_limit": 1.0,
          "we_multiplier_close": 0.0,
          "we_multiplier_entry": 3.6428741979242085},
 "short": {"backwards_tp": true,
           "delay_between_fills_minutes_close": 1138.927868080187,
           "delay_between_fills_minutes_entry": 1295.8696824014914,
           "delay_weight_close": 61.302195495907284,
           "delay_weight_entry": 10.390230509914781,
           "ema_dist_close": -0.005788276408077661,
           "ema_dist_entry": -0.04028663544684777,
           "ema_span_0": 794.3815635044685,
           "ema_span_1": 1427.608531686612,
           "enabled": true,
           "markup_range": 0.012202995765090771,
           "min_markup": 0.007276339907951976,
           "n_close_orders": 13,
           "qty_pct_close": 0.012468361678512145,
           "qty_pct_entry": 0.021024630511359523,
           "wallet_exposure_limit": 1.0,
           "we_multiplier_close": 0.0,
           "we_multiplier_entry": 5.110614165721715}}