{"config_name": "clock_1_symbols_1440days",
 "long": {"backwards_tp": true,
          "delay_between_fills_minutes_close": 160.7265026408384,
          "delay_between_fills_minutes_entry": 1440,
          "delay_weight_close": 0,
          "delay_weight_entry": 25.942556720662132,
          "ema_dist_close": -0.006505273809629199,
          "ema_dist_entry": 0.0027730752103830064,
          "ema_span_0": 405.4189257407639,
          "ema_span_1": 503.1807664357421,
          "enabled": true,
          "markup_range": 0.0599975435764532,
          "min_markup": 0.009831748760304342,
          "n_close_orders": 2,
          "qty_pct_close": 0.010009697539774428,
          "qty_pct_entry": 0.015725466795584214,
          "wallet_exposure_limit": 1.0,
          "we_multiplier_close": 0.0,
          "we_multiplier_entry": 1.1045018172751542},
 "short": {"backwards_tp": true,
           "delay_between_fills_minutes_close": 1378.6868404700165,
           "delay_between_fills_minutes_entry": 713.7794558463645,
           "delay_weight_close": 50.43772063597366,
           "delay_weight_entry": 14.02440241016741,
           "ema_dist_close": -0.000779832027642414,
           "ema_dist_entry": -0.002082563991764064,
           "ema_span_0": 99.2892016230005,
           "ema_span_1": 1011.5815774108088,
           "enabled": true,
           "markup_range": 0.028911864839692183,
           "min_markup": 0.001063150056049296,
           "n_close_orders": 2,
           "qty_pct_close": 0.015552606908033392,
           "qty_pct_entry": 0.01837885432193042,
           "wallet_exposure_limit": 1.0,
           "we_multiplier_close": 0.0,
           "we_multiplier_entry": 5.744066835882557}}