{"config_name": "clock_1_symbols_1440days",
 "long": {"backwards_tp": true,
          "delay_between_fills_minutes_close": 844.7034679765023,
          "delay_between_fills_minutes_entry": 1088.1182156217415,
          "delay_weight_close": 44.99849286537317,
          "delay_weight_entry": 42.2237274671589,
          "ema_dist_close": -0.006560325566547745,
          "ema_dist_entry": -0.04616983629976455,
          "ema_span_0": 675.4097907005595,
          "ema_span_1": 558.541788233765,
          "enabled": true,
          "markup_range": 0.0022671764412827743,
          "min_markup": 0.003129577610446393,
          "n_close_orders": 16,
          "qty_pct_close": 0.04191787295966145,
          "qty_pct_entry": 0.04310063856083169,
          "wallet_exposure_limit": 1.0,
          "we_multiplier_close": 0.0,
          "we_multiplier_entry": 3.6338811947494},
 "short": {"backwards_tp": true,
           "delay_between_fills_minutes_close": 373.9200425753523,
           "delay_between_fills_minutes_entry": 1184.234519448249,
           "delay_weight_close": 76.04090240171648,
           "delay_weight_entry": 66.68197270644558,
           "ema_dist_close": -0.005808912565552153,
           "ema_dist_entry": -0.000885565789882929,
           "ema_span_0": 1276.4840254466055,
           "ema_span_1": 1326.2318505877488,
           "enabled": true,
           "markup_range": 0.032853561657261304,
           "min_markup": 0.004230380474430051,
           "n_close_orders": 8,
           "qty_pct_close": 0.011939946253198204,
           "qty_pct_entry": 0.018739930373466898,
           "wallet_exposure_limit": 1.0,
           "we_multiplier_close": 0.0,
           "we_multiplier_entry": 6.1074572573303625}}