{"config_name": "clock_1_symbols_1440days",
 "long": {"backwards_tp": true,
          "delay_between_fills_minutes_close": 1439.9023486125557,
          "delay_between_fills_minutes_entry": 418.5400401392569,
          "delay_weight_close": 22.596910741411442,
          "delay_weight_entry": 0,
          "ema_dist_close": 0.0029861336688409407,
          "ema_dist_entry": -0.044864740879711394,
          "ema_span_0": 1124.296860642381,
          "ema_span_1": 1431.5065126402692,
          "enabled": true,
          "markup_range": 0.040459922459658015,
          "min_markup": 0.0012941486533780897,
          "n_close_orders": 7,
          "qty_pct_close": 0.010018747346681822,
          "qty_pct_entry": 0.02594755735598491,
          "wallet_exposure_limit": 1.0,
          "we_multiplier_close": 0.0,
          "we_multiplier_entry": 0},
 "short": {"backwards_tp": true,
           "delay_between_fills_minutes_close": 537.9372210470859,
           "delay_between_fills_minutes_entry": 1345.935654864877,
           "delay_weight_close": 77.08408442971782,
           "delay_weight_entry": 20.214509770518443,
           "ema_dist_close": 0.002985524236693715,
           "ema_dist_entry": -0.008592033269683297,
           "ema_span_0": 1440,
           "ema_span_1": 5,
           "enabled": true,
           "markup_range": 0.006167187928206891,
           "min_markup": 0.00896491818332198,
           "n_close_orders": 4,
           "qty_pct_close": 0.0355242240144221,
           "qty_pct_entry": 0.01,
           "wallet_exposure_limit": 1.0,
           "we_multiplier_close": 0.0,
           "we_multiplier_entry": 0.9240980847282785}}