{"config_name": "recursive_grid_1_symbols_1080days",
 "logging_level": 0,
 "long": {"auto_unstuck_delay_minutes": 655.9430795390011,
          "auto_unstuck_ema_dist": -0.009363955035533555,
          "auto_unstuck_qty_pct": 0.04826584100227142,
          "auto_unstuck_wallet_exposure_threshold": 0.502830497781541,
          "backwards_tp": true,
          "ddown_factor": 2.418034639593321,
          "ema_span_0": 1336.2268303678036,
          "ema_span_1": 1436.3983048056302,
          "enabled": true,
          "initial_eprice_ema_dist": -0.07692299138285247,
          "initial_qty_pct": 0.005,
          "markup_range": 0.0025407044422753,
          "min_markup": 0.002817914419676153,
          "n_close_orders": 10,
          "rentry_pprice_dist": 0.03465752434840714,
          "rentry_pprice_dist_wallet_exposure_weighting": 4.2465500517091685,
          "wallet_exposure_limit": 1.0},
 "short": {"auto_unstuck_delay_minutes": 1025.138223628799,
           "auto_unstuck_ema_dist": -0.08695844463553806,
           "auto_unstuck_qty_pct": 0.019305453686552676,
           "auto_unstuck_wallet_exposure_threshold": 0.2980871454968035,
           "backwards_tp": true,
           "ddown_factor": 2.9007299126538864,
           "ema_span_0": 1136.6976836506371,
           "ema_span_1": 451.29454374756506,
           "enabled": false,
           "initial_eprice_ema_dist": -0.000679086284511049,
           "initial_qty_pct": 0.09383355328270161,
           "markup_range": 0.001412255566055116,
           "min_markup": 0.005136812008796542,
           "n_close_orders": 9,
           "rentry_pprice_dist": 0.013025092449883698,
           "rentry_pprice_dist_wallet_exposure_weighting": 26.11432763997788,
           "wallet_exposure_limit": 0.9090981586574358}}