{"config_name": "recursive_grid_1_symbols_1080days",
 "logging_level": 0,
 "long": {"auto_unstuck_delay_minutes": 962.234829058542,
          "auto_unstuck_ema_dist": -0.05443400765314857,
          "auto_unstuck_qty_pct": 0.019157242112888707,
          "auto_unstuck_wallet_exposure_threshold": 0.5765382824021819,
          "backwards_tp": true,
          "ddown_factor": 1.9403096189100142,
          "ema_span_0": 1125.050759801098,
          "ema_span_1": 1149.9398550525127,
          "enabled": true,
          "initial_eprice_ema_dist": -0.07480202202459442,
          "initial_qty_pct": 0.01166569181029209,
          "markup_range": 0.005564807155993629,
          "min_markup": 0.004547989187854537,
          "n_close_orders": 12,
          "rentry_pprice_dist": 0.027562091667776303,
          "rentry_pprice_dist_wallet_exposure_weighting": 1.8779007612784469,
          "wallet_exposure_limit": 1},
 "short": {"auto_unstuck_delay_minutes": 581.5434845112547,
           "auto_unstuck_ema_dist": -0.018871438363631074,
           "auto_unstuck_qty_pct": 0.013844017158215234,
           "auto_unstuck_wallet_exposure_threshold": 0.07499848443751572,
           "backwards_tp": true,
           "ddown_factor": 1.2224385608115822,
           "ema_span_0": 944.5090301858078,
           "ema_span_1": 222.98794270561152,
           "enabled": false,
           "initial_eprice_ema_dist": -0.06351693945747414,
           "initial_qty_pct": 0.07858691464629264,
           "markup_range": 0.014627505182088016,
           "min_markup": 0.006322226496436437,
           "n_close_orders": 5,
           "rentry_pprice_dist": 0.02928410953278051,
           "rentry_pprice_dist_wallet_exposure_weighting": 16.22958676667009,
           "wallet_exposure_limit": 0.0062173459179076795}}