{
    "config_name": "recursive_grid_APTUSDT_454days",
    "long": {
        "auto_unstuck_delay_minutes": 1287.0411658955722,
        "auto_unstuck_ema_dist": -0.02256530648923212,
        "auto_unstuck_qty_pct": 0.01,
        "auto_unstuck_wallet_exposure_threshold": 0.0786531985077836,
        "backwards_tp": false,
        "ddown_factor": 1.0837754436244245,
        "ema_span_0": 573.9520029487735,
        "ema_span_1": 530.1955656399456,
        "enabled": true,
        "initial_eprice_ema_dist": 0.005333952304636837,
        "initial_qty_pct": 0.05,
        "markup_range": 0.05545814993657494,
        "min_markup": 0.006425906698704807,
        "n_close_orders": 4,
        "rentry_pprice_dist": 0.04290015069410302,
        "rentry_pprice_dist_wallet_exposure_weighting": 0.8222670797967914,
        "wallet_exposure_limit": 1.0
    },
    "short": {
        "auto_unstuck_ema_dist": 0.0015712132130873888,
        "auto_unstuck_wallet_exposure_threshold": 0.03188215351621147,
        "backwards_tp": true,
        "ddown_factor": 1.5429878586987857,
        "ema_span_0": 716.0125040411851,
        "ema_span_1": 315.48784004845635,
        "enabled": true,
        "initial_eprice_ema_dist": 0.002499552334428443,
        "initial_qty_pct": 0.010669684962885617,
        "markup_range": 0.0020241365043860587,
        "min_markup": 0.002300310200009684,
        "n_close_orders": 11,
        "rentry_pprice_dist": 0.029115125563804207,
        "rentry_pprice_dist_wallet_exposure_weighting": 5.849419386666722,
        "wallet_exposure_limit": 1
    }
}