{
    "config_name": "recursive_grid_0days",
    "long": {
        "auto_unstuck_delay_minutes": 730.3312186368985,
        "auto_unstuck_ema_dist": 0.0022383320584140045,
        "auto_unstuck_qty_pct": 0.02284785160997343,
        "auto_unstuck_wallet_exposure_threshold": 0.6993046320092303,
        "backwards_tp": true,
        "ddown_factor": 1.3706317384714013,
        "ema_span_0": 910.92182139162,
        "ema_span_1": 445.39025158429376,
        "enabled": true,
        "initial_eprice_ema_dist": -0.02342585771336536,
        "initial_qty_pct": 0.012912925438952264,
        "markup_range": 0.0010252134174917747,
        "min_markup": 0.00582271675896672,
        "n_close_orders": 9,
        "rentry_pprice_dist": 0.01951170191144171,
        "rentry_pprice_dist_wallet_exposure_weighting": 3.4355029441536544,
        "wallet_exposure_limit": 1
    },
    "short": {
        "auto_unstuck_ema_dist": 0.0025251969132336115,
        "auto_unstuck_wallet_exposure_threshold": 0.03028782223174623,
        "backwards_tp": true,
        "ddown_factor": 1.0730240076591744,
        "ema_span_0": 701.8123210619663,
        "ema_span_1": 787.8274633507496,
        "enabled": true,
        "initial_eprice_ema_dist": -0.008066033134805868,
        "initial_qty_pct": 0.010589802275208827,
        "markup_range": 0.004275961021610487,
        "min_markup": 0.0043661418049913536,
        "n_close_orders": 13,
        "rentry_pprice_dist": 0.02037417093138758,
        "rentry_pprice_dist_wallet_exposure_weighting": 3.1693633237372913,
        "wallet_exposure_limit": 1.0
    }
}