{
    "config_name": "recursive_grid_0days",
    "long": {
        "auto_unstuck_ema_dist": 0.0026110074012928772,
        "auto_unstuck_wallet_exposure_threshold": 0.08775431942420986,
        "backwards_tp": true,
        "ddown_factor": 2.3531492450060987,
        "ema_span_0": 693.2459154983023,
        "ema_span_1": 1019.0640174287731,
        "enabled": true,
        "initial_eprice_ema_dist": 0.012090423294859242,
        "initial_qty_pct": 0.021825920313636803,
        "markup_range": 0.012378412630688217,
        "min_markup": 0.009824548951970711,
        "n_close_orders": 3,
        "rentry_pprice_dist": 0.04246147979774827,
        "rentry_pprice_dist_wallet_exposure_weighting": 0.0,
        "wallet_exposure_limit": 0.3
    },
    "short": {
        "auto_unstuck_ema_dist": 0.00026946726624346614,
        "auto_unstuck_wallet_exposure_threshold": 0.03322298831329054,
        "backwards_tp": true,
        "ddown_factor": 0.8472389990719401,
        "ema_span_0": 929.0048169528164,
        "ema_span_1": 1223.163320439252,
        "enabled": true,
        "initial_eprice_ema_dist": -0.01078007466704536,
        "initial_qty_pct": 0.01351035068015489,
        "markup_range": 0.007622288402096931,
        "min_markup": 0.001859444927907341,
        "n_close_orders": 7,
        "rentry_pprice_dist": 0.01574217832559907,
        "rentry_pprice_dist_wallet_exposure_weighting": 7.334797864437287,
        "wallet_exposure_limit": 1.0
    }
}