{
    "config_name": "recursive_grid_0days",
    "long": {
        "auto_unstuck_ema_dist": 0.004643898082490268,
        "auto_unstuck_wallet_exposure_threshold": 0.05420013665329612,
        "backwards_tp": true,
        "ddown_factor": 2.473034670048506,
        "ema_span_0": 239.33798008686148,
        "ema_span_1": 794.165698001681,
        "enabled": true,
        "initial_eprice_ema_dist": 0.007116914810970279,
        "initial_qty_pct": 0.06491579759789413,
        "markup_range": 0.0029613356668427415,
        "min_markup": 0.001691360822787694,
        "n_close_orders": 8,
        "rentry_pprice_dist": 0.03647312531162996,
        "rentry_pprice_dist_wallet_exposure_weighting": 1.1922253837070997,
        "wallet_exposure_limit": 0.3
    },
    "short": {
        "auto_unstuck_ema_dist": 0.0027744184008723035,
        "auto_unstuck_wallet_exposure_threshold": 0.031433449764958585,
        "backwards_tp": true,
        "ddown_factor": 2.4651887305114446,
        "ema_span_0": 1286.7571417342333,
        "ema_span_1": 1235.2190834898483,
        "enabled": true,
        "initial_eprice_ema_dist": 0.003999912880896731,
        "initial_qty_pct": 0.02148536990659187,
        "markup_range": 0.006868293833409079,
        "min_markup": 0.003145017231112709,
        "n_close_orders": 3,
        "rentry_pprice_dist": 0.04926581925477411,
        "rentry_pprice_dist_wallet_exposure_weighting": 0.00018965963977766534,
        "wallet_exposure_limit": 1.0
    }
}