{
    "config_name": "recursive_grid_0days",
    "long": {
        "auto_unstuck_ema_dist": -0.002402474547192259,
        "auto_unstuck_wallet_exposure_threshold": 0.09275155842822712,
        "backwards_tp": true,
        "ddown_factor": 2.719004157078227,
        "ema_span_0": 536.9217762010505,
        "ema_span_1": 975.314276167218,
        "enabled": true,
        "initial_eprice_ema_dist": -0.0013027155859169541,
        "initial_qty_pct": 0.013978115575490576,
        "markup_range": 0.0026460801186863605,
        "min_markup": 0.002590885974750935,
        "n_close_orders": 10,
        "rentry_pprice_dist": 0.0206447290610682,
        "rentry_pprice_dist_wallet_exposure_weighting": 3.634605986751704,
        "wallet_exposure_limit": 0.3
    },
    "short": {
        "auto_unstuck_ema_dist": 0.001,
        "auto_unstuck_wallet_exposure_threshold": 0.06285186777042388,
        "backwards_tp": true,
        "ddown_factor": 2.512446962908997,
        "ema_span_0": 448.19674506652143,
        "ema_span_1": 1159.7926266073114,
        "enabled": true,
        "initial_eprice_ema_dist": -0.0006105520667803469,
        "initial_qty_pct": 0.0105438447740705,
        "markup_range": 0.010837340300833328,
        "min_markup": 0.0027994937732046276,
        "n_close_orders": 9,
        "rentry_pprice_dist": 0.03775344444283727,
        "rentry_pprice_dist_wallet_exposure_weighting": 2.4476243956472774,
        "wallet_exposure_limit": 1.0
    }
}