{
    "config_name": "recursive_grid_0days",
    "long": {
        "auto_unstuck_ema_dist": 0.0008345253213211676,
        "auto_unstuck_wallet_exposure_threshold": 0.05,
        "backwards_tp": true,
        "ddown_factor": 2.5399549351785957,
        "ema_span_0": 663.3186748809743,
        "ema_span_1": 1172.143226035736,
        "enabled": true,
        "initial_eprice_ema_dist": -0.0002557542224346633,
        "initial_qty_pct": 0.019722298181740962,
        "markup_range": 0.001664913775302253,
        "min_markup": 0.004495553886700624,
        "n_close_orders": 3,
        "rentry_pprice_dist": 0.026999851722476112,
        "rentry_pprice_dist_wallet_exposure_weighting": 3.1380011562561063,
        "wallet_exposure_limit": 0.3
    },
    "short": {
        "auto_unstuck_delay_minutes": 1032.4864133913316,
        "auto_unstuck_ema_dist": -0.02516923323308295,
        "auto_unstuck_qty_pct": 0.06107145297983496,
        "auto_unstuck_wallet_exposure_threshold": 0.14820312052117576,
        "backwards_tp": true,
        "ddown_factor": 0.8290876274286235,
        "ema_span_0": 1396.7851667943723,
        "ema_span_1": 1325.4779938728543,
        "enabled": true,
        "initial_eprice_ema_dist": -0.009449266384309304,
        "initial_qty_pct": 0.01839575214212803,
        "markup_range": 0.005144827305287065,
        "min_markup": 0.003379994098355331,
        "n_close_orders": 3,
        "rentry_pprice_dist": 0.023096469820123817,
        "rentry_pprice_dist_wallet_exposure_weighting": 1.6410528731368643,
        "wallet_exposure_limit": 1
    }
}