{"config_name": "recursive_grid_1_symbols_1080days",
 "logging_level": 0,
 "long": {"auto_unstuck_delay_minutes": 0,
          "auto_unstuck_ema_dist": -0.0665035398824442,
          "auto_unstuck_qty_pct": 0.007541969288877203,
          "auto_unstuck_wallet_exposure_threshold": 0.006129906004676943,
          "backwards_tp": true,
          "ddown_factor": 2.27852723909652,
          "ema_span_0": 1370.9619737366584,
          "ema_span_1": 13.294371599871377,
          "enabled": true,
          "initial_eprice_ema_dist": -0.02458140316959447,
          "initial_qty_pct": 0.0072182649778488855,
          "markup_range": 0.00526087634803648,
          "min_markup": 0.0020904140974549227,
          "n_close_orders": 9,
          "rentry_pprice_dist": 0.0436317377424357,
          "rentry_pprice_dist_wallet_exposure_weighting": 0.19850499423105586,
          "wallet_exposure_limit": 1.0},
 "short": {"auto_unstuck_delay_minutes": 1350.1890868777916,
           "auto_unstuck_ema_dist": -0.02871732612636692,
           "auto_unstuck_qty_pct": 0.03379750196113816,
           "auto_unstuck_wallet_exposure_threshold": 0.1301034303716856,
           "backwards_tp": true,
           "ddown_factor": 0.10347697632763253,
           "ema_span_0": 88.73802458437929,
           "ema_span_1": 2215.853148395162,
           "enabled": false,
           "initial_eprice_ema_dist": -0.006553674033893397,
           "initial_qty_pct": 0.026813779642648045,
           "markup_range": 0.02699226635126424,
           "min_markup": 0.007829697578137874,
           "n_close_orders": 13,
           "rentry_pprice_dist": 0.013429063125207887,
           "rentry_pprice_dist_wallet_exposure_weighting": 33.60374713766481,
           "wallet_exposure_limit": 0.8103350579221326}}