{"config_name": "recursive_grid_1_symbols_1080days",
 "logging_level": 0,
 "long": {"auto_unstuck_delay_minutes": 915.9122687586332,
          "auto_unstuck_ema_dist": -0.02646789745001997,
          "auto_unstuck_qty_pct": 0.04712246962789859,
          "auto_unstuck_wallet_exposure_threshold": 0.06702876497373196,
          "backwards_tp": true,
          "ddown_factor": 2.820939912676845,
          "ema_span_0": 967.9168000344998,
          "ema_span_1": 1299.010302904569,
          "enabled": true,
          "initial_eprice_ema_dist": 0.007587660471064404,
          "initial_qty_pct": 0.008754364662839567,
          "markup_range": 0.0023058028486186988,
          "min_markup": 0.003992567260135803,
          "n_close_orders": 8,
          "rentry_pprice_dist": 0.02738646161494885,
          "rentry_pprice_dist_wallet_exposure_weighting": 1.0935574514662267,
          "wallet_exposure_limit": 1},
 "short": {"auto_unstuck_delay_minutes": 1173.5243380026707,
           "auto_unstuck_ema_dist": -0.08796082815554533,
           "auto_unstuck_qty_pct": 0.07028758493834841,
           "auto_unstuck_wallet_exposure_threshold": 0.09347895350525064,
           "backwards_tp": true,
           "ddown_factor": 1.9187616078011303,
           "ema_span_0": 309.46628287801093,
           "ema_span_1": 1843.1474044988406,
           "enabled": false,
           "initial_eprice_ema_dist": -0.0936567602454699,
           "initial_qty_pct": 0.01526523399024753,
           "markup_range": 0.013542452233828146,
           "min_markup": 0.0015348408493449071,
           "n_close_orders": 11,
           "rentry_pprice_dist": 0.015059251483991678,
           "rentry_pprice_dist_wallet_exposure_weighting": 7.120543262524701,
           "wallet_exposure_limit": 0.0588683043812297}}