{"config_name": "recursive_grid_1_symbols_1080days",
 "logging_level": 0,
 "long": {"auto_unstuck_delay_minutes": 557.077282798322,
          "auto_unstuck_ema_dist": -0.08288033951913108,
          "auto_unstuck_qty_pct": 0.024975362058796368,
          "auto_unstuck_wallet_exposure_threshold": 0.049313805439876526,
          "backwards_tp": true,
          "ddown_factor": 2.2767415608564185,
          "ema_span_0": 1169.813330210614,
          "ema_span_1": 1314.8298465436428,
          "enabled": true,
          "initial_eprice_ema_dist": -0.009621506870560013,
          "initial_qty_pct": 0.005162951008675907,
          "markup_range": 0.001582016622973666,
          "min_markup": 0.0029407722730407705,
          "n_close_orders": 11,
          "rentry_pprice_dist": 0.032228828556569014,
          "rentry_pprice_dist_wallet_exposure_weighting": 2.7848586930658907,
          "wallet_exposure_limit": 2.0},
 "short": {"auto_unstuck_delay_minutes": 1077.2496911047017,
           "auto_unstuck_ema_dist": -0.08908138157546061,
           "auto_unstuck_qty_pct": 0.04245013173145536,
           "auto_unstuck_wallet_exposure_threshold": 0.6767173832733472,
           "backwards_tp": true,
           "ddown_factor": 2.042324753622612,
           "ema_span_0": 868.5688320342944,
           "ema_span_1": 349.0647405737665,
           "enabled": true,
           "initial_eprice_ema_dist": -0.06762480552885884,
           "initial_qty_pct": 0.005,
           "markup_range": 0.0015688010317015146,
           "min_markup": 0.0012699287325617721,
           "n_close_orders": 9,
           "rentry_pprice_dist": 0.01882326593953544,
           "rentry_pprice_dist_wallet_exposure_weighting": 14.425878662530009,
           "wallet_exposure_limit": 1.0}}