{"config_name": "recursive_grid_1_symbols_1080days",
 "logging_level": 0,
 "long": {"auto_unstuck_delay_minutes": 766.1663478462635,
          "auto_unstuck_ema_dist": -0.08541650845425389,
          "auto_unstuck_qty_pct": 0.07140885227221953,
          "auto_unstuck_wallet_exposure_threshold": 0.6141155562323732,
          "backwards_tp": true,
          "ddown_factor": 0.1,
          "ema_span_0": 15.720070745114832,
          "ema_span_1": 1863.8160135908686,
          "enabled": true,
          "initial_eprice_ema_dist": -0.06940803588257673,
          "initial_qty_pct": 0.016848195617078187,
          "markup_range": 0.0005018151192412568,
          "min_markup": 0.009467400035923487,
          "n_close_orders": 14,
          "rentry_pprice_dist": 0.03306634268343602,
          "rentry_pprice_dist_wallet_exposure_weighting": 0.7878181212819174,
          "wallet_exposure_limit": 1.0},
 "short": {"auto_unstuck_delay_minutes": 1406.979994657615,
           "auto_unstuck_ema_dist": -0.09521419720321858,
           "auto_unstuck_qty_pct": 0.005250102227157756,
           "auto_unstuck_wallet_exposure_threshold": 0.0921834662272924,
           "backwards_tp": true,
           "ddown_factor": 1.7430818546019033,
           "ema_span_0": 129.97133229765083,
           "ema_span_1": 1174.1625130724447,
           "enabled": false,
           "initial_eprice_ema_dist": -0.06605603065008835,
           "initial_qty_pct": 0.05091870063454753,
           "markup_range": 0.03420857524514838,
           "min_markup": 0.003060689527189765,
           "n_close_orders": 13,
           "rentry_pprice_dist": 0.058622972321286965,
           "rentry_pprice_dist_wallet_exposure_weighting": 21.589037901412034,
           "wallet_exposure_limit": 0.3990723411390762}}