{"config_name": "recursive_grid_1_symbols_1080days",
 "logging_level": 0,
 "long": {"auto_unstuck_delay_minutes": 1086.8988455527526,
          "auto_unstuck_ema_dist": -0.09544551807887658,
          "auto_unstuck_qty_pct": 0.04451515450955511,
          "auto_unstuck_wallet_exposure_threshold": 0.637476567454314,
          "backwards_tp": true,
          "ddown_factor": 2.1209982756587107,
          "ema_span_0": 1430.5186908995965,
          "ema_span_1": 1207.0545441423862,
          "enabled": true,
          "initial_eprice_ema_dist": 0.011067028773391044,
          "initial_qty_pct": 0.005,
          "markup_range": 0.0,
          "min_markup": 0.0028040354864062376,
          "n_close_orders": 3,
          "rentry_pprice_dist": 0.04873318522388621,
          "rentry_pprice_dist_wallet_exposure_weighting": 0.02820914089567808,
          "wallet_exposure_limit": 1.0},
 "short": {"auto_unstuck_delay_minutes": 486.5868810390026,
           "auto_unstuck_ema_dist": -0.09893758302991122,
           "auto_unstuck_qty_pct": 0.07404388749855711,
           "auto_unstuck_wallet_exposure_threshold": 0.2755736087997089,
           "backwards_tp": true,
           "ddown_factor": 1.0975810533756778,
           "ema_span_0": 1389.8117143042991,
           "ema_span_1": 2325.7938283603335,
           "enabled": false,
           "initial_eprice_ema_dist": -0.09458860777036926,
           "initial_qty_pct": 0.09954393312411092,
           "markup_range": 0.03169330895729676,
           "min_markup": 0.008642107033687046,
           "n_close_orders": 10,
           "rentry_pprice_dist": 0.02779511433981474,
           "rentry_pprice_dist_wallet_exposure_weighting": 36.1218596988119,
           "wallet_exposure_limit": 0.06259359389185992}}