{"config_name": "recursive_grid_1_symbols_1080days",
 "logging_level": 0,
 "long": {"auto_unstuck_delay_minutes": 0,
          "auto_unstuck_ema_dist": -0.045991730936575,
          "auto_unstuck_qty_pct": 0,
          "auto_unstuck_wallet_exposure_threshold": 0.7,
          "backwards_tp": true,
          "ddown_factor": 0.6264225377250328,
          "ema_span_0": 585.4110272604715,
          "ema_span_1": 1094.711012735853,
          "enabled": true,
          "initial_eprice_ema_dist": -0.04484207882805336,
          "initial_qty_pct": 0.005057993564225732,
          "markup_range": 0.0,
          "min_markup": 0.0036712440192644574,
          "n_close_orders": 14,
          "rentry_pprice_dist": 0.029466967828773196,
          "rentry_pprice_dist_wallet_exposure_weighting": 1.8321014499139074,
          "wallet_exposure_limit": 2.0},
 "short": {"auto_unstuck_delay_minutes": 412.77000581004364,
           "auto_unstuck_ema_dist": 0.004980968861235304,
           "auto_unstuck_qty_pct": 0.035488421469360425,
           "auto_unstuck_wallet_exposure_threshold": 0.36326965313440673,
           "backwards_tp": true,
           "ddown_factor": 0.11396086563980383,
           "ema_span_0": 10.425215171362245,
           "ema_span_1": 2499.597895340623,
           "enabled": true,
           "initial_eprice_ema_dist": -0.007627344496951548,
           "initial_qty_pct": 0.04925143346090005,
           "markup_range": 8.022129090276489e-06,
           "min_markup": 0.003091874007051845,
           "n_close_orders": 3,
           "rentry_pprice_dist": 0.02380979026140279,
           "rentry_pprice_dist_wallet_exposure_weighting": 4.054821071602053,
           "wallet_exposure_limit": 1.0}}