{"config_name": "recursive_grid_1_symbols_1080days",
 "logging_level": 0,
 "long": {"auto_unstuck_delay_minutes": 862.7590962704271,
          "auto_unstuck_ema_dist": -0.003972092385460896,
          "auto_unstuck_qty_pct": 0.051672566283070175,
          "auto_unstuck_wallet_exposure_threshold": 0.5057472129581321,
          "backwards_tp": true,
          "ddown_factor": 1.0841909853155094,
          "ema_span_0": 590.3605649578207,
          "ema_span_1": 226.50195142201275,
          "enabled": true,
          "initial_eprice_ema_dist": 0.0076018074862156445,
          "initial_qty_pct": 0.015213429294961747,
          "markup_range": 0.004919347195731257,
          "min_markup": 0.008751364348866624,
          "n_close_orders": 13,
          "rentry_pprice_dist": 0.028545579513959803,
          "rentry_pprice_dist_wallet_exposure_weighting": 2.5662616461412258,
          "wallet_exposure_limit": 1},
 "short": {"auto_unstuck_delay_minutes": 989.2481744595342,
           "auto_unstuck_ema_dist": -0.02746037730774703,
           "auto_unstuck_qty_pct": 0.0051514274155263,
           "auto_unstuck_wallet_exposure_threshold": 0.3870695677017986,
           "backwards_tp": true,
           "ddown_factor": 0.3845374317407326,
           "ema_span_0": 819.1499814967841,
           "ema_span_1": 2095.807741434303,
           "enabled": false,
           "initial_eprice_ema_dist": -0.017610521242082178,
           "initial_qty_pct": 0.007060572324669834,
           "markup_range": 7.561372675159106e-05,
           "min_markup": 0.002684029298158277,
           "n_close_orders": 11,
           "rentry_pprice_dist": 0.041901223949700674,
           "rentry_pprice_dist_wallet_exposure_weighting": 22.85887394398629,
           "wallet_exposure_limit": 0.011599216108390098}}