{"config_name": "recursive_grid_1_symbols_1080days",
 "logging_level": 0,
 "long": {"auto_unstuck_delay_minutes": 199.47627182498974,
          "auto_unstuck_ema_dist": -0.044693413631227884,
          "auto_unstuck_qty_pct": 0.04429424572564369,
          "auto_unstuck_wallet_exposure_threshold": 0.03936657004993355,
          "backwards_tp": true,
          "ddown_factor": 0.884197207464976,
          "ema_span_0": 362.348112992932,
          "ema_span_1": 761.7851433887214,
          "enabled": true,
          "initial_eprice_ema_dist": -0.03641368087539999,
          "initial_qty_pct": 0.010394422832383397,
          "markup_range": 0.010529694099135756,
          "min_markup": 0.00873432719472244,
          "n_close_orders": 3,
          "rentry_pprice_dist": 0.04365229761448257,
          "rentry_pprice_dist_wallet_exposure_weighting": 0.8035643394631631,
          "wallet_exposure_limit": 1.0},
 "short": {"auto_unstuck_delay_minutes": 1079.779866774612,
           "auto_unstuck_ema_dist": -0.06018204206098451,
           "auto_unstuck_qty_pct": 0.0013027322619279414,
           "auto_unstuck_wallet_exposure_threshold": 0.08870866218503223,
           "backwards_tp": true,
           "ddown_factor": 0.1903684153692613,
           "ema_span_0": 1036.4053275032097,
           "ema_span_1": 1333.4080781476114,
           "enabled": false,
           "initial_eprice_ema_dist": -0.04024705178659282,
           "initial_qty_pct": 0.012545767189684783,
           "markup_range": 0.013496811742093308,
           "min_markup": 0.009294771550555518,
           "n_close_orders": 3,
           "rentry_pprice_dist": 0.049752120218694795,
           "rentry_pprice_dist_wallet_exposure_weighting": 24.917926256714242,
           "wallet_exposure_limit": 0.8547050350956297}}