{"config_name": "recursive_grid_1_symbols_1080days",
 "logging_level": 0,
 "long": {"auto_unstuck_delay_minutes": 1402.1451150740754,
          "auto_unstuck_ema_dist": -0.028545564655330674,
          "auto_unstuck_qty_pct": 0.022671991672337386,
          "auto_unstuck_wallet_exposure_threshold": 0.5986782064589725,
          "backwards_tp": true,
          "ddown_factor": 1.3542589865614296,
          "ema_span_0": 1293.7278928407345,
          "ema_span_1": 424.35784289821936,
          "enabled": true,
          "initial_eprice_ema_dist": -0.09279656957400209,
          "initial_qty_pct": 0.008475685355571496,
          "markup_range": 0.010141567341421104,
          "min_markup": 0.004117029503593693,
          "n_close_orders": 12,
          "rentry_pprice_dist": 0.03943982617713686,
          "rentry_pprice_dist_wallet_exposure_weighting": 4.000583752328442,
          "wallet_exposure_limit": 1},
 "short": {"auto_unstuck_delay_minutes": 787.1090764895107,
           "auto_unstuck_ema_dist": -0.04473407353037896,
           "auto_unstuck_qty_pct": 0.004819215811784243,
           "auto_unstuck_wallet_exposure_threshold": 0.3343905469056227,
           "backwards_tp": true,
           "ddown_factor": 2.5673076286131944,
           "ema_span_0": 640.7347666344176,
           "ema_span_1": 1202.9726980869877,
           "enabled": false,
           "initial_eprice_ema_dist": -0.09278688591161194,
           "initial_qty_pct": 0.08849112829179133,
           "markup_range": 0.05275201496964469,
           "min_markup": 0.0015537243958196017,
           "n_close_orders": 10,
           "rentry_pprice_dist": 0.03387363134671339,
           "rentry_pprice_dist_wallet_exposure_weighting": 2.1233686844142685,
           "wallet_exposure_limit": 0.3863863082244454}}