{"config_name": "recursive_grid_1_symbols_1080days",
 "logging_level": 0,
 "long": {"auto_unstuck_delay_minutes": 418.8072742073832,
          "auto_unstuck_ema_dist": -0.0021774619480099677,
          "auto_unstuck_qty_pct": 0.04635342367335975,
          "auto_unstuck_wallet_exposure_threshold": 0.5905699130122842,
          "backwards_tp": true,
          "ddown_factor": 0.5121380891217452,
          "ema_span_0": 979.6992526723111,
          "ema_span_1": 1215.3836270658344,
          "enabled": true,
          "initial_eprice_ema_dist": -0.09300745132810483,
          "initial_qty_pct": 0.023840367235278076,
          "markup_range": 0.0012487643998359056,
          "min_markup": 0.00972554367861515,
          "n_close_orders": 5,
          "rentry_pprice_dist": 0.05980715202077163,
          "rentry_pprice_dist_wallet_exposure_weighting": 0.7993622166944157,
          "wallet_exposure_limit": 1.0},
 "short": {"auto_unstuck_delay_minutes": 51.676927099677116,
           "auto_unstuck_ema_dist": -0.09799770426340111,
           "auto_unstuck_qty_pct": 0.05572612537978669,
           "auto_unstuck_wallet_exposure_threshold": 0.06584574903549041,
           "backwards_tp": true,
           "ddown_factor": 2.317626260658514,
           "ema_span_0": 1412.6382891776623,
           "ema_span_1": 730.4051813502111,
           "enabled": false,
           "initial_eprice_ema_dist": -0.005187923266623068,
           "initial_qty_pct": 0.012664774383332952,
           "markup_range": 0.027308919257697937,
           "min_markup": 0.005830099963202526,
           "n_close_orders": 7,
           "rentry_pprice_dist": 0.026444895484781954,
           "rentry_pprice_dist_wallet_exposure_weighting": 31.43449569321127,
           "wallet_exposure_limit": 0.6300696565487194}}