{"config_name": "recursive_grid_1_symbols_1080days",
 "logging_level": 0,
 "long": {"auto_unstuck_delay_minutes": 1145.1321228069833,
          "auto_unstuck_ema_dist": -0.0018226374890303529,
          "auto_unstuck_qty_pct": 0.0020015304675409544,
          "auto_unstuck_wallet_exposure_threshold": 0.5936902278262703,
          "backwards_tp": true,
          "ddown_factor": 1.069904566311191,
          "ema_span_0": 1277.3097243782588,
          "ema_span_1": 310.9719154850205,
          "enabled": true,
          "initial_eprice_ema_dist": -0.026160494672333542,
          "initial_qty_pct": 0.007496131968976569,
          "markup_range": 0.002316439931846254,
          "min_markup": 0.009624460934767974,
          "n_close_orders": 15,
          "rentry_pprice_dist": 0.03260674180300348,
          "rentry_pprice_dist_wallet_exposure_weighting": 1.958551339339015,
          "wallet_exposure_limit": 1.0},
 "short": {"auto_unstuck_delay_minutes": 227.1312683600572,
           "auto_unstuck_ema_dist": -0.0868324669136655,
           "auto_unstuck_qty_pct": 0.0778369852148896,
           "auto_unstuck_wallet_exposure_threshold": 0.045127917333372854,
           "backwards_tp": true,
           "ddown_factor": 2.718697226359195,
           "ema_span_0": 184.23330175712513,
           "ema_span_1": 355.020977802884,
           "enabled": false,
           "initial_eprice_ema_dist": -0.02784296137601816,
           "initial_qty_pct": 0.032849672144111636,
           "markup_range": 0.008659641503592259,
           "min_markup": 0.006616552592621962,
           "n_close_orders": 13,
           "rentry_pprice_dist": 0.040081479575308825,
           "rentry_pprice_dist_wallet_exposure_weighting": 1.242176956925709,
           "wallet_exposure_limit": 0.3674034148032387}}