{"config_name": "recursive_grid_1_symbols_1080days",
 "logging_level": 0,
 "long": {"auto_unstuck_delay_minutes": 932.9683610313496,
          "auto_unstuck_ema_dist": -0.06469622409968284,
          "auto_unstuck_qty_pct": 0.015584211990611583,
          "auto_unstuck_wallet_exposure_threshold": 0.4599486262109312,
          "backwards_tp": true,
          "ddown_factor": 1.4584919485753287,
          "ema_span_0": 629.3580456013266,
          "ema_span_1": 1310.0554141630728,
          "enabled": true,
          "initial_eprice_ema_dist": -0.012454065822540269,
          "initial_qty_pct": 0.026447271418772466,
          "markup_range": 0.0004584029464807977,
          "min_markup": 0.0037061394830552267,
          "n_close_orders": 4,
          "rentry_pprice_dist": 0.02695998156660992,
          "rentry_pprice_dist_wallet_exposure_weighting": 7.840805603644798,
          "wallet_exposure_limit": 1.0},
 "short": {"auto_unstuck_delay_minutes": 1276.3152952785877,
           "auto_unstuck_ema_dist": 0.0023504894156615996,
           "auto_unstuck_qty_pct": 0.06261902296983667,
           "auto_unstuck_wallet_exposure_threshold": 0.22767223780176907,
           "backwards_tp": true,
           "ddown_factor": 0.3010823724281755,
           "ema_span_0": 973.3994058428914,
           "ema_span_1": 2107.7267547928354,
           "enabled": false,
           "initial_eprice_ema_dist": -0.04023362175951117,
           "initial_qty_pct": 0.09097415820575791,
           "markup_range": 0.05103051413948893,
           "min_markup": 0.001209824575664618,
           "n_close_orders": 14,
           "rentry_pprice_dist": 0.04555794771488243,
           "rentry_pprice_dist_wallet_exposure_weighting": 4.693039409058208,
           "wallet_exposure_limit": 0.3824108394903897}}