{"config_name": "recursive_grid_1_symbols_1080days",
 "logging_level": 0,
 "long": {"auto_unstuck_delay_minutes": 43.671570337478514,
          "auto_unstuck_ema_dist": -0.02186324647790096,
          "auto_unstuck_qty_pct": 0.034787445089699554,
          "auto_unstuck_wallet_exposure_threshold": 0.5040512590680304,
          "backwards_tp": true,
          "ddown_factor": 1.2728008460715632,
          "ema_span_0": 976.4887257164139,
          "ema_span_1": 1462.8705555002803,
          "enabled": true,
          "initial_eprice_ema_dist": 0.009189738102693079,
          "initial_qty_pct": 0.006386145939049181,
          "markup_range": 0.004279736477074177,
          "min_markup": 0.0028650465892962667,
          "n_close_orders": 3,
          "rentry_pprice_dist": 0.02362357284708535,
          "rentry_pprice_dist_wallet_exposure_weighting": 7.268632773821093,
          "wallet_exposure_limit": 2.0},
 "short": {"auto_unstuck_delay_minutes": 1423.4876403502788,
           "auto_unstuck_ema_dist": -0.06233305703993566,
           "auto_unstuck_qty_pct": 0.01904666863571826,
           "auto_unstuck_wallet_exposure_threshold": 0.40793736017377247,
           "backwards_tp": true,
           "ddown_factor": 2.1190250607684558,
           "ema_span_0": 501.4586817526236,
           "ema_span_1": 972.4603646519481,
           "enabled": true,
           "initial_eprice_ema_dist": 0.004702439771030069,
           "initial_qty_pct": 0.006262735975248169,
           "markup_range": 0.0003927822690478888,
           "min_markup": 0.008424544728087466,
           "n_close_orders": 4,
           "rentry_pprice_dist": 0.04504731837837697,
           "rentry_pprice_dist_wallet_exposure_weighting": 20.690006401647246,
           "wallet_exposure_limit": 1.0}}