{"config_name": "recursive_grid_1_symbols_1080days",
 "logging_level": 0,
 "long": {"auto_unstuck_delay_minutes": 290.7671124139606,
          "auto_unstuck_ema_dist": -0.011108972620273851,
          "auto_unstuck_qty_pct": 0.04302670355701989,
          "auto_unstuck_wallet_exposure_threshold": 0.3316203330055003,
          "backwards_tp": true,
          "ddown_factor": 0.17875554552032313,
          "ema_span_0": 1320.0961514041094,
          "ema_span_1": 1646.7792688386683,
          "enabled": true,
          "initial_eprice_ema_dist": -0.008775662537755597,
          "initial_qty_pct": 0.007235864998974419,
          "markup_range": 0.007762165052599728,
          "min_markup": 0.003683169949447633,
          "n_close_orders": 9,
          "rentry_pprice_dist": 0.015484789714762696,
          "rentry_pprice_dist_wallet_exposure_weighting": 1.506215136503203,
          "wallet_exposure_limit": 1},
 "short": {"auto_unstuck_delay_minutes": 741.535430079662,
           "auto_unstuck_ema_dist": -0.009949810457119748,
           "auto_unstuck_qty_pct": 0.05667398853843637,
           "auto_unstuck_wallet_exposure_threshold": 0.4029168233346226,
           "backwards_tp": true,
           "ddown_factor": 1.7222239722573676,
           "ema_span_0": 631.9341771440796,
           "ema_span_1": 1113.9712551121324,
           "enabled": false,
           "initial_eprice_ema_dist": -0.001254868201417167,
           "initial_qty_pct": 0.017883257829299323,
           "markup_range": 0.0553065489381463,
           "min_markup": 0.004846089786858252,
           "n_close_orders": 10,
           "rentry_pprice_dist": 0.026044585449140338,
           "rentry_pprice_dist_wallet_exposure_weighting": 18.961767903947365,
           "wallet_exposure_limit": 0.5090734407110501}}