{"config_name": "recursive_grid_1_symbols_1080days",
 "logging_level": 0,
 "long": {"auto_unstuck_delay_minutes": 982.0626778796858,
          "auto_unstuck_ema_dist": -0.044000439312031854,
          "auto_unstuck_qty_pct": 0.07672929445090149,
          "auto_unstuck_wallet_exposure_threshold": 0.3224867459071568,
          "backwards_tp": true,
          "ddown_factor": 0.10002369501097749,
          "ema_span_0": 941.7722410318523,
          "ema_span_1": 1526.5062875807241,
          "enabled": true,
          "initial_eprice_ema_dist": -0.015026676817923296,
          "initial_qty_pct": 0.005,
          "markup_range": 0.008616394584081791,
          "min_markup": 0.0017115089845665885,
          "n_close_orders": 4,
          "rentry_pprice_dist": 0.015484789714762696,
          "rentry_pprice_dist_wallet_exposure_weighting": 1.1836348876864038,
          "wallet_exposure_limit": 1.0},
 "short": {"auto_unstuck_delay_minutes": 352.06393278884525,
           "auto_unstuck_ema_dist": -0.04560879860447597,
           "auto_unstuck_qty_pct": 0.07106483745481562,
           "auto_unstuck_wallet_exposure_threshold": 0.5418451273938892,
           "backwards_tp": true,
           "ddown_factor": 2.6914873698482142,
           "ema_span_0": 845.488510514681,
           "ema_span_1": 2063.360562310583,
           "enabled": false,
           "initial_eprice_ema_dist": 0.010270359020203595,
           "initial_qty_pct": 0.022241522698132742,
           "markup_range": 0.052864764827238626,
           "min_markup": 0.008788431008819021,
           "n_close_orders": 5,
           "rentry_pprice_dist": 0.01829866560020091,
           "rentry_pprice_dist_wallet_exposure_weighting": 27.408790436908195,
           "wallet_exposure_limit": 0.5512261859546076}}