{"config_name": "recursive_grid_1_symbols_1080days",
 "logging_level": 0,
 "long": {"auto_unstuck_delay_minutes": 60.73568595684849,
          "auto_unstuck_ema_dist": -0.04764960499142749,
          "auto_unstuck_qty_pct": 0.0067046010711454985,
          "auto_unstuck_wallet_exposure_threshold": 0.6937357091144177,
          "backwards_tp": true,
          "ddown_factor": 0.8943438568021727,
          "ema_span_0": 817.4514761226262,
          "ema_span_1": 182.92143027538486,
          "enabled": true,
          "initial_eprice_ema_dist": -0.025272555072223403,
          "initial_qty_pct": 0.005,
          "markup_range": 0.0016133672759404292,
          "min_markup": 0.004636766193056992,
          "n_close_orders": 15,
          "rentry_pprice_dist": 0.0421480613804814,
          "rentry_pprice_dist_wallet_exposure_weighting": 0.0010322965264820921,
          "wallet_exposure_limit": 1.0},
 "short": {"auto_unstuck_delay_minutes": 1196.8450215265104,
           "auto_unstuck_ema_dist": -0.004483645202456102,
           "auto_unstuck_qty_pct": 0.06269539071575185,
           "auto_unstuck_wallet_exposure_threshold": 0.6788304746592496,
           "backwards_tp": true,
           "ddown_factor": 2.6686422772956475,
           "ema_span_0": 255.8438307438303,
           "ema_span_1": 15.097181114350008,
           "enabled": false,
           "initial_eprice_ema_dist": -0.05847140812960912,
           "initial_qty_pct": 0.07900161976358633,
           "markup_range": 0.02668833348056269,
           "min_markup": 0.0040074163373786335,
           "n_close_orders": 13,
           "rentry_pprice_dist": 0.04984918069967385,
           "rentry_pprice_dist_wallet_exposure_weighting": 0.9017736125541642,
           "wallet_exposure_limit": 0.03155266801477963}}