{"config_name": "recursive_grid_1_symbols_1080days",
 "logging_level": 0,
 "long": {"auto_unstuck_delay_minutes": 704.5437504807124,
          "auto_unstuck_ema_dist": -0.07991131628443869,
          "auto_unstuck_qty_pct": 0.044580415618133536,
          "auto_unstuck_wallet_exposure_threshold": 0.6010754812811989,
          "backwards_tp": true,
          "ddown_factor": 0.1,
          "ema_span_0": 747.6862387455709,
          "ema_span_1": 1410.04705487796,
          "enabled": true,
          "initial_eprice_ema_dist": 0.006392947646945407,
          "initial_qty_pct": 0.013048935708080352,
          "markup_range": 0.009183765637302407,
          "min_markup": 0.005064817001342772,
          "n_close_orders": 15,
          "rentry_pprice_dist": 0.026786734117774165,
          "rentry_pprice_dist_wallet_exposure_weighting": 1.4849126151021896,
          "wallet_exposure_limit": 1},
 "short": {"auto_unstuck_delay_minutes": 943.0063145951194,
           "auto_unstuck_ema_dist": -0.03623397273751944,
           "auto_unstuck_qty_pct": 0.06136587534139567,
           "auto_unstuck_wallet_exposure_threshold": 0.5179776627318013,
           "backwards_tp": true,
           "ddown_factor": 1.4319400137086533,
           "ema_span_0": 21.33512224092579,
           "ema_span_1": 99.2813223687757,
           "enabled": false,
           "initial_eprice_ema_dist": -0.0867572811759208,
           "initial_qty_pct": 0.034549939939704725,
           "markup_range": 0.015361742034788302,
           "min_markup": 0.005854973087660215,
           "n_close_orders": 10,
           "rentry_pprice_dist": 0.02831044468185176,
           "rentry_pprice_dist_wallet_exposure_weighting": 37.96806861208065,
           "wallet_exposure_limit": 0.44578495850442}}