{"config_name": "recursive_grid_1_symbols_1080days",
 "logging_level": 0,
 "long": {"auto_unstuck_delay_minutes": 63.382202490654365,
          "auto_unstuck_ema_dist": -0.0105175694052555,
          "auto_unstuck_qty_pct": 0.0696421884324956,
          "auto_unstuck_wallet_exposure_threshold": 0.6061719422022552,
          "backwards_tp": true,
          "ddown_factor": 2.1742395045617466,
          "ema_span_0": 1038.257352956605,
          "ema_span_1": 613.4984374257361,
          "enabled": true,
          "initial_eprice_ema_dist": 0.009069718283022013,
          "initial_qty_pct": 0.008591300730790407,
          "markup_range": 0.017218626229372407,
          "min_markup": 0.009643707953220077,
          "n_close_orders": 14,
          "rentry_pprice_dist": 0.057133728509907694,
          "rentry_pprice_dist_wallet_exposure_weighting": 3.6922902100637955,
          "wallet_exposure_limit": 1.0},
 "short": {"auto_unstuck_delay_minutes": 1363.593195355366,
           "auto_unstuck_ema_dist": -0.004106437484246855,
           "auto_unstuck_qty_pct": 0.06331129364801033,
           "auto_unstuck_wallet_exposure_threshold": 0.31164865801829733,
           "backwards_tp": true,
           "ddown_factor": 1.8453300932431376,
           "ema_span_0": 1113.3363928664755,
           "ema_span_1": 968.7505742964726,
           "enabled": false,
           "initial_eprice_ema_dist": 0.013572113364249835,
           "initial_qty_pct": 0.013893932055973432,
           "markup_range": 0.04491554870191424,
           "min_markup": 0.009668880774853405,
           "n_close_orders": 3,
           "rentry_pprice_dist": 0.02920895211356337,
           "rentry_pprice_dist_wallet_exposure_weighting": 28.294271348663948,
           "wallet_exposure_limit": 0.24661237693357274}}