{"config_name": "recursive_grid_1_symbols_1080days",
 "logging_level": 0,
 "long": {"auto_unstuck_delay_minutes": 704.7650450084095,
          "auto_unstuck_ema_dist": -0.04225299057918035,
          "auto_unstuck_qty_pct": 0.03554562795914663,
          "auto_unstuck_wallet_exposure_threshold": 0.6491895781987721,
          "backwards_tp": true,
          "ddown_factor": 0.17323190108264816,
          "ema_span_0": 1201.4747099359756,
          "ema_span_1": 995.9313983494101,
          "enabled": true,
          "initial_eprice_ema_dist": 0.003958931962752435,
          "initial_qty_pct": 0.009552077674802657,
          "markup_range": 0.006520567590605786,
          "min_markup": 0.005223751620441344,
          "n_close_orders": 10,
          "rentry_pprice_dist": 0.022623717455091178,
          "rentry_pprice_dist_wallet_exposure_weighting": 2.347500513783589,
          "wallet_exposure_limit": 1.0},
 "short": {"auto_unstuck_delay_minutes": 1022.989042983415,
           "auto_unstuck_ema_dist": -0.00476219320243422,
           "auto_unstuck_qty_pct": 0.06390573628178733,
           "auto_unstuck_wallet_exposure_threshold": 0.19538743478647708,
           "backwards_tp": true,
           "ddown_factor": 0.29840479274707477,
           "ema_span_0": 223.22745026867307,
           "ema_span_1": 486.60150244556706,
           "enabled": false,
           "initial_eprice_ema_dist": -0.08701598930757509,
           "initial_qty_pct": 0.07086547993436164,
           "markup_range": 0.04865109078039477,
           "min_markup": 0.003282634007547293,
           "n_close_orders": 13,
           "rentry_pprice_dist": 0.03476826609867832,
           "rentry_pprice_dist_wallet_exposure_weighting": 23.363487371978596,
           "wallet_exposure_limit": 0.7083727444471277}}