{"config_name": "recursive_grid_1_symbols_1080days",
 "logging_level": 0,
 "long": {"auto_unstuck_delay_minutes": 0.09305955349065216,
          "auto_unstuck_ema_dist": 0.002305366595030976,
          "auto_unstuck_qty_pct": 0.07796741121152279,
          "auto_unstuck_wallet_exposure_threshold": 0.6595505405744135,
          "backwards_tp": true,
          "ddown_factor": 2.826580275092336,
          "ema_span_0": 925.1654961070072,
          "ema_span_1": 1442.9773183591487,
          "enabled": true,
          "initial_eprice_ema_dist": -0.0072409213415274825,
          "initial_qty_pct": 0.005684215175106937,
          "markup_range": 0.0013075906182876838,
          "min_markup": 0.003118133372610911,
          "n_close_orders": 11,
          "rentry_pprice_dist": 0.04053017047903998,
          "rentry_pprice_dist_wallet_exposure_weighting": 7.353807433375828,
          "wallet_exposure_limit": 1.0},
 "short": {"auto_unstuck_delay_minutes": 142.51033322382193,
           "auto_unstuck_ema_dist": -0.05032474369336468,
           "auto_unstuck_qty_pct": 0.0011781817971826581,
           "auto_unstuck_wallet_exposure_threshold": 0.2959596999372152,
           "backwards_tp": true,
           "ddown_factor": 2.2260783539213644,
           "ema_span_0": 1029.5160547069668,
           "ema_span_1": 710.7773117862795,
           "enabled": false,
           "initial_eprice_ema_dist": -0.05659853053418866,
           "initial_qty_pct": 0.07161918020536885,
           "markup_range": 0.01084821076762377,
           "min_markup": 0.006633023312282546,
           "n_close_orders": 6,
           "rentry_pprice_dist": 0.03608770808009262,
           "rentry_pprice_dist_wallet_exposure_weighting": 39.708328223219425,
           "wallet_exposure_limit": 0.8775051576963515}}