{"config_name": "recursive_grid_1_symbols_1080days",
 "logging_level": 0,
 "long": {"auto_unstuck_delay_minutes": 678.0596619387044,
          "auto_unstuck_ema_dist": -0.09079804108127555,
          "auto_unstuck_qty_pct": 0.0319022736214251,
          "auto_unstuck_wallet_exposure_threshold": 0.33645923674186035,
          "backwards_tp": true,
          "ddown_factor": 1.7111754098898377,
          "ema_span_0": 1197.7524072035937,
          "ema_span_1": 1530.1973636054677,
          "enabled": true,
          "initial_eprice_ema_dist": -0.02444650787595777,
          "initial_qty_pct": 0.005,
          "markup_range": 0.0,
          "min_markup": 0.0017331472022216294,
          "n_close_orders": 6,
          "rentry_pprice_dist": 0.036715985763920024,
          "rentry_pprice_dist_wallet_exposure_weighting": 1.0603685037917137,
          "wallet_exposure_limit": 1},
 "short": {"auto_unstuck_delay_minutes": 1033.240851143252,
           "auto_unstuck_ema_dist": -0.04853636372644546,
           "auto_unstuck_qty_pct": 0.05471933064768038,
           "auto_unstuck_wallet_exposure_threshold": 0.32327321664460074,
           "backwards_tp": true,
           "ddown_factor": 1.3446048273640983,
           "ema_span_0": 1047.8453997169497,
           "ema_span_1": 1027.838557331522,
           "enabled": false,
           "initial_eprice_ema_dist": -0.0014850739565244464,
           "initial_qty_pct": 0.053582541526258194,
           "markup_range": 0.025537039435515465,
           "min_markup": 0.00483859003927266,
           "n_close_orders": 9,
           "rentry_pprice_dist": 0.045493681664342964,
           "rentry_pprice_dist_wallet_exposure_weighting": 3.1027728507781527,
           "wallet_exposure_limit": 0.4307632731758422}}