{"config_name": "recursive_grid_1_symbols_1080days",
 "logging_level": 0,
 "long": {"auto_unstuck_delay_minutes": 997.5189199005421,
          "auto_unstuck_ema_dist": -0.07264475648176698,
          "auto_unstuck_qty_pct": 0.02094005231523294,
          "auto_unstuck_wallet_exposure_threshold": 0.5662958643449296,
          "backwards_tp": true,
          "ddown_factor": 1.1476518895574024,
          "ema_span_0": 559.686337287571,
          "ema_span_1": 1408.0742515059028,
          "enabled": true,
          "initial_eprice_ema_dist": -0.004803804037321181,
          "initial_qty_pct": 0.010029084576190273,
          "markup_range": 0.005741427550036498,
          "min_markup": 0.004080004718280757,
          "n_close_orders": 16,
          "rentry_pprice_dist": 0.025203018548597696,
          "rentry_pprice_dist_wallet_exposure_weighting": 4.853449898102828,
          "wallet_exposure_limit": 1},
 "short": {"auto_unstuck_delay_minutes": 671.3502476189215,
           "auto_unstuck_ema_dist": -0.07625735616828559,
           "auto_unstuck_qty_pct": 0.06942718020903105,
           "auto_unstuck_wallet_exposure_threshold": 0.567622761959796,
           "backwards_tp": true,
           "ddown_factor": 1.1564972933708864,
           "ema_span_0": 664.7340944956351,
           "ema_span_1": 1203.611873031264,
           "enabled": false,
           "initial_eprice_ema_dist": 0.009278009989138247,
           "initial_qty_pct": 0.04840030935431615,
           "markup_range": 0.015303212053035756,
           "min_markup": 0.009819493363911653,
           "n_close_orders": 5,
           "rentry_pprice_dist": 0.011395327468703644,
           "rentry_pprice_dist_wallet_exposure_weighting": 4.3490825929132715,
           "wallet_exposure_limit": 0.11281405599905969}}