{"config_name": "recursive_grid_1_symbols_1080days",
 "logging_level": 0,
 "long": {"auto_unstuck_delay_minutes": 1215.9693225320334,
          "auto_unstuck_ema_dist": -0.07569414758506655,
          "auto_unstuck_qty_pct": 0.030247943389633436,
          "auto_unstuck_wallet_exposure_threshold": 0.259482179172885,
          "backwards_tp": true,
          "ddown_factor": 0.3267725735094325,
          "ema_span_0": 336.50055911252446,
          "ema_span_1": 1085.9481192695835,
          "enabled": true,
          "initial_eprice_ema_dist": 0.0030502419582724384,
          "initial_qty_pct": 0.009718663522202091,
          "markup_range": 0.00590251229720695,
          "min_markup": 0.006914570468692393,
          "n_close_orders": 11,
          "rentry_pprice_dist": 0.026127147027325597,
          "rentry_pprice_dist_wallet_exposure_weighting": 1.5474570376057408,
          "wallet_exposure_limit": 1},
 "short": {"auto_unstuck_delay_minutes": 529.0752478430221,
           "auto_unstuck_ema_dist": -0.057433038766881835,
           "auto_unstuck_qty_pct": 0.005139499597939077,
           "auto_unstuck_wallet_exposure_threshold": 0.682610865309611,
           "backwards_tp": true,
           "ddown_factor": 2.0091208599208987,
           "ema_span_0": 99.38921328879896,
           "ema_span_1": 1493.3629259900736,
           "enabled": false,
           "initial_eprice_ema_dist": -0.077352776111823,
           "initial_qty_pct": 0.061483406565025364,
           "markup_range": 0.0569502449147862,
           "min_markup": 0.007636258444665865,
           "n_close_orders": 14,
           "rentry_pprice_dist": 0.051250432915825775,
           "rentry_pprice_dist_wallet_exposure_weighting": 31.323706553230494,
           "wallet_exposure_limit": 0.6810922841573316}}