{"config_name": "recursive_grid_1_symbols_1080days",
 "logging_level": 0,
 "long": {"auto_unstuck_delay_minutes": 808.1088339652056,
          "auto_unstuck_ema_dist": -0.043205941347787574,
          "auto_unstuck_qty_pct": 0.04067233187571412,
          "auto_unstuck_wallet_exposure_threshold": 0.0757320051957693,
          "backwards_tp": true,
          "ddown_factor": 0.20685060106333847,
          "ema_span_0": 102.63097477426146,
          "ema_span_1": 266.0239923003773,
          "enabled": true,
          "initial_eprice_ema_dist": -0.09311922333454702,
          "initial_qty_pct": 0.005,
          "markup_range": 0.005090153397215727,
          "min_markup": 0.008829800423970066,
          "n_close_orders": 11,
          "rentry_pprice_dist": 0.03175251047319111,
          "rentry_pprice_dist_wallet_exposure_weighting": 0.45264783000329506,
          "wallet_exposure_limit": 1},
 "short": {"auto_unstuck_delay_minutes": 1004.6902648027099,
           "auto_unstuck_ema_dist": -0.0905996870597334,
           "auto_unstuck_qty_pct": 0.019270625594151707,
           "auto_unstuck_wallet_exposure_threshold": 0.23029947764579556,
           "backwards_tp": true,
           "ddown_factor": 2.226981086618061,
           "ema_span_0": 369.0887259157169,
           "ema_span_1": 25.341466756643673,
           "enabled": false,
           "initial_eprice_ema_dist": -0.02547435407593264,
           "initial_qty_pct": 0.01603592989760496,
           "markup_range": 0.004958575498136685,
           "min_markup": 0.00298268640585469,
           "n_close_orders": 12,
           "rentry_pprice_dist": 0.0410609000867911,
           "rentry_pprice_dist_wallet_exposure_weighting": 19.613287722684916,
           "wallet_exposure_limit": 0.8154585558798964}}