{"config_name": "clock_1_symbols_1440days",
 "long": {"backwards_tp": true,
          "delay_between_fills_minutes_close": 1061.0838342264392,
          "delay_between_fills_minutes_entry": 1434.6847639324942,
          "delay_weight_close": 99.83120638943974,
          "delay_weight_entry": 9.751842129087377,
          "ema_dist_close": 0.0009392552890926669,
          "ema_dist_entry": 0.0027329516184623048,
          "ema_span_0": 1417.2654037229215,
          "ema_span_1": 83.15797022679567,
          "enabled": true,
          "markup_range": 0.059999934083392256,
          "min_markup": 0.01,
          "n_close_orders": 8,
          "qty_pct_close": 0.01612464667816303,
          "qty_pct_entry": 0.015621202391251669,
          "wallet_exposure_limit": 1.0,
          "we_multiplier_close": 0.0,
          "we_multiplier_entry": 9.9939612285452},
 "short": {"backwards_tp": true,
           "delay_between_fills_minutes_close": 666.3070249658864,
           "delay_between_fills_minutes_entry": 1377.9829145225958,
           "delay_weight_close": 0.2517837001676327,
           "delay_weight_entry": 16.618821090619328,
           "ema_dist_close": -0.0003635402651856865,
           "ema_dist_entry": -0.0070707644564789625,
           "ema_span_0": 1047.4613013195194,
           "ema_span_1": 1408.7136244564244,
           "enabled": true,
           "markup_range": 0.03882796713849281,
           "min_markup": 0.0039688454478054155,
           "n_close_orders": 12,
           "qty_pct_close": 0.0492552282097617,
           "qty_pct_entry": 0.01,
           "wallet_exposure_limit": 1.0,
           "we_multiplier_close": 0.0,
           "we_multiplier_entry": 5.517419774402113}}