{"config_name": "recursive_grid_1_symbols_1080days",
 "logging_level": 0,
 "long": {"auto_unstuck_delay_minutes": 753.8779478174441,
          "auto_unstuck_ema_dist": -0.09718652428475866,
          "auto_unstuck_qty_pct": 0.06211706488044504,
          "auto_unstuck_wallet_exposure_threshold": 0.6870851186580123,
          "backwards_tp": true,
          "ddown_factor": 2.992153971756637,
          "ema_span_0": 970.1275001287096,
          "ema_span_1": 2494.572452165681,
          "enabled": true,
          "initial_eprice_ema_dist": -0.004023789208369016,
          "initial_qty_pct": 0.007838628092657802,
          "markup_range": 0.0,
          "min_markup": 0.004371206064299465,
          "n_close_orders": 9,
          "rentry_pprice_dist": 0.06,
          "rentry_pprice_dist_wallet_exposure_weighting": 5.392432493584296,
          "wallet_exposure_limit": 1.0},
 "short": {"auto_unstuck_delay_minutes": 485.56449287421907,
           "auto_unstuck_ema_dist": -0.06478279783415747,
           "auto_unstuck_qty_pct": 0.016505796148708,
           "auto_unstuck_wallet_exposure_threshold": 0.25193613265788073,
           "backwards_tp": true,
           "ddown_factor": 0.4670597616413932,
           "ema_span_0": 278.35236515936975,
           "ema_span_1": 782.1940172761645,
           "enabled": false,
           "initial_eprice_ema_dist": -0.024644972196922535,
           "initial_qty_pct": 0.06738980775823235,
           "markup_range": 0.043746408544802225,
           "min_markup": 0.0010831878534526516,
           "n_close_orders": 11,
           "rentry_pprice_dist": 0.03443326483593781,
           "rentry_pprice_dist_wallet_exposure_weighting": 1.5560340134608541,
           "wallet_exposure_limit": 0.9197369778219165}}