{"config_name": "recursive_grid_1_symbols_1080days",
 "logging_level": 0,
 "long": {"auto_unstuck_delay_minutes": 633.5250283970732,
          "auto_unstuck_ema_dist": -0.06337556190505715,
          "auto_unstuck_qty_pct": 0.08,
          "auto_unstuck_wallet_exposure_threshold": 0.15255794576775839,
          "backwards_tp": true,
          "ddown_factor": 0.9708768758963677,
          "ema_span_0": 1006.9088557009205,
          "ema_span_1": 1151.3812837090702,
          "enabled": true,
          "initial_eprice_ema_dist": 0.0037411764659685256,
          "initial_qty_pct": 0.009448364550701164,
          "markup_range": 0.003925889989321305,
          "min_markup": 0.001495192042199355,
          "n_close_orders": 11,
          "rentry_pprice_dist": 0.020102095359194744,
          "rentry_pprice_dist_wallet_exposure_weighting": 0.8869670100737828,
          "wallet_exposure_limit": 1},
 "short": {"auto_unstuck_delay_minutes": 1211.7131236894973,
           "auto_unstuck_ema_dist": -0.04612898465841096,
           "auto_unstuck_qty_pct": 0.03865661216151001,
           "auto_unstuck_wallet_exposure_threshold": 0.2157102454010257,
           "backwards_tp": true,
           "ddown_factor": 0.5796547478608582,
           "ema_span_0": 854.0053495511245,
           "ema_span_1": 487.46219580676495,
           "enabled": false,
           "initial_eprice_ema_dist": -0.08010306962203781,
           "initial_qty_pct": 0.01033178850214718,
           "markup_range": 0.03412008985981001,
           "min_markup": 0.005587713609688407,
           "n_close_orders": 12,
           "rentry_pprice_dist": 0.02208987854272167,
           "rentry_pprice_dist_wallet_exposure_weighting": 36.84951447245967,
           "wallet_exposure_limit": 0.6151521957846618}}