{"config_name": "recursive_grid_1_symbols_1080days",
 "logging_level": 0,
 "long": {"auto_unstuck_delay_minutes": 970.1228357708271,
          "auto_unstuck_ema_dist": -0.023412540359986554,
          "auto_unstuck_qty_pct": 0.03713504340214965,
          "auto_unstuck_wallet_exposure_threshold": 0.6825137903427821,
          "backwards_tp": true,
          "ddown_factor": 0.44404623909420693,
          "ema_span_0": 969.5769869532554,
          "ema_span_1": 1124.0232513069511,
          "enabled": true,
          "initial_eprice_ema_dist": 0.0065124233587170784,
          "initial_qty_pct": 0.0073962342889802345,
          "markup_range": 0.0018500868893675392,
          "min_markup": 0.003804492711259107,
          "n_close_orders": 5,
          "rentry_pprice_dist": 0.011355384725183323,
          "rentry_pprice_dist_wallet_exposure_weighting": 3.983681787626765,
          "wallet_exposure_limit": 1},
 "short": {"auto_unstuck_delay_minutes": 121.3986990749187,
           "auto_unstuck_ema_dist": -0.06188065121084004,
           "auto_unstuck_qty_pct": 0.07571864919627909,
           "auto_unstuck_wallet_exposure_threshold": 0.27738165060218567,
           "backwards_tp": true,
           "ddown_factor": 0.49010669813280083,
           "ema_span_0": 380.00311548446405,
           "ema_span_1": 290.388682207003,
           "enabled": false,
           "initial_eprice_ema_dist": -0.011637731338797919,
           "initial_qty_pct": 0.030429829124849518,
           "markup_range": 0.04031525619602023,
           "min_markup": 0.0018538440212862203,
           "n_close_orders": 7,
           "rentry_pprice_dist": 0.023846895337573944,
           "rentry_pprice_dist_wallet_exposure_weighting": 11.79676866528311,
           "wallet_exposure_limit": 0.5111720617717547}}