{
    "config_name": "recursive_grid_1_symbols_1080days",
    "logging_level": 0,
    "long": {
        "auto_unstuck_delay_minutes": 1091.9249122302017,
        "auto_unstuck_ema_dist": -0.08514350453347158,
        "auto_unstuck_qty_pct": 0.010358255142866238,
        "auto_unstuck_wallet_exposure_threshold": 0.5807792212712123,
        "backwards_tp": true,
        "ddown_factor": 2.208932570232063,
        "ema_span_0": 775.5641240096238,
        "ema_span_1": 588.0992743341152,
        "enabled": true,
        "initial_eprice_ema_dist": 0.0011088603456135102,
        "initial_qty_pct": 0.010855596003675212,
        "markup_range": 0.004565117890083648,
        "min_markup": 0.0070493794542243375,
        "n_close_orders": 11,
        "rentry_pprice_dist": 0.0246999068091038,
        "rentry_pprice_dist_wallet_exposure_weighting": 4.048541794732258,
        "wallet_exposure_limit": 1
    },
    "short": {
        "auto_unstuck_delay_minutes": 1440.0,
        "auto_unstuck_ema_dist": -0.08419545565515338,
        "auto_unstuck_qty_pct": 0.0799999122588327,
        "auto_unstuck_wallet_exposure_threshold": 0.5768250360198495,
        "backwards_tp": true,
        "ddown_factor": 0.1,
        "ema_span_0": 1440.0,
        "ema_span_1": 2299.05552126575,
        "enabled": true,
        "initial_eprice_ema_dist": 0.0005272268096782741,
        "initial_qty_pct": 0.028798182796128738,
        "markup_range": 0.00526198825142755,
        "min_markup": 0.0012118800950973528,
        "n_close_orders": 12,
        "rentry_pprice_dist": 0.05307218710046859,
        "rentry_pprice_dist_wallet_exposure_weighting": 0.000445476921262447,
        "wallet_exposure_limit": 1.0
    }
}