{"config_name": "recursive_grid_1_symbols_1080days",
 "logging_level": 0,
 "long": {"auto_unstuck_delay_minutes": 516.3941132044077,
          "auto_unstuck_ema_dist": -0.09670758478226248,
          "auto_unstuck_qty_pct": 0.03552943618798157,
          "auto_unstuck_wallet_exposure_threshold": 0.5999664190764684,
          "backwards_tp": true,
          "ddown_factor": 1.0449858588394494,
          "ema_span_0": 839.2498709479736,
          "ema_span_1": 2026.1354899095431,
          "enabled": true,
          "initial_eprice_ema_dist": -0.019401384838974994,
          "initial_qty_pct": 0.021241448014025475,
          "markup_range": 0.0027603991710673267,
          "min_markup": 0.0014663833379457353,
          "n_close_orders": 6,
          "rentry_pprice_dist": 0.037350199336696525,
          "rentry_pprice_dist_wallet_exposure_weighting": 2.875980513420638,
          "wallet_exposure_limit": 1.0},
 "short": {"auto_unstuck_delay_minutes": 315.0132164802083,
           "auto_unstuck_ema_dist": -0.001247199203744484,
           "auto_unstuck_qty_pct": 0.047653766654256025,
           "auto_unstuck_wallet_exposure_threshold": 0.038762359746826666,
           "backwards_tp": true,
           "ddown_factor": 1.8379618628965277,
           "ema_span_0": 542.4393987180623,
           "ema_span_1": 291.7497127025562,
           "enabled": false,
           "initial_eprice_ema_dist": -0.08806902201685958,
           "initial_qty_pct": 0.05652667836314276,
           "markup_range": 0.03291157095768095,
           "min_markup": 0.008848046215547786,
           "n_close_orders": 14,
           "rentry_pprice_dist": 0.05715826939334272,
           "rentry_pprice_dist_wallet_exposure_weighting": 12.431229922502336,
           "wallet_exposure_limit": 0.02179050975489416}}