{"config_name": "recursive_grid_1_symbols_1080days",
 "logging_level": 0,
 "long": {"auto_unstuck_delay_minutes": 1360.9637473027306,
          "auto_unstuck_ema_dist": -0.020778780949113937,
          "auto_unstuck_qty_pct": 0.001497666480664211,
          "auto_unstuck_wallet_exposure_threshold": 0.586882096145259,
          "backwards_tp": true,
          "ddown_factor": 1.8832423646108774,
          "ema_span_0": 569.4712187336927,
          "ema_span_1": 140.97062710042613,
          "enabled": true,
          "initial_eprice_ema_dist": -0.09398980385377853,
          "initial_qty_pct": 0.011575801068275679,
          "markup_range": 0.0,
          "min_markup": 0.0022749622841221305,
          "n_close_orders": 10,
          "rentry_pprice_dist": 0.023503216915058918,
          "rentry_pprice_dist_wallet_exposure_weighting": 0.44367295970413,
          "wallet_exposure_limit": 1},
 "short": {"auto_unstuck_delay_minutes": 63.49578562282781,
           "auto_unstuck_ema_dist": -0.08099747595399369,
           "auto_unstuck_qty_pct": 0.03569061980207988,
           "auto_unstuck_wallet_exposure_threshold": 0.24518213460514068,
           "backwards_tp": true,
           "ddown_factor": 1.6972547559683329,
           "ema_span_0": 1311.5659430293051,
           "ema_span_1": 2002.8490135122156,
           "enabled": false,
           "initial_eprice_ema_dist": -0.01848066674331736,
           "initial_qty_pct": 0.05297808526496044,
           "markup_range": 0.05580929611013873,
           "min_markup": 0.0067311535971091895,
           "n_close_orders": 9,
           "rentry_pprice_dist": 0.048455024116139105,
           "rentry_pprice_dist_wallet_exposure_weighting": 31.244818452781715,
           "wallet_exposure_limit": 0.08937552726422104}}