{"config_name": "recursive_grid_1_symbols_1080days",
 "logging_level": 0,
 "long": {"auto_unstuck_delay_minutes": 261.3385862234711,
          "auto_unstuck_ema_dist": 0.0002816737347781423,
          "auto_unstuck_qty_pct": 0.0004910289342850631,
          "auto_unstuck_wallet_exposure_threshold": 0.11545062143661097,
          "backwards_tp": true,
          "ddown_factor": 1.669079018954166,
          "ema_span_0": 428.7061458817118,
          "ema_span_1": 248.50095018872128,
          "enabled": true,
          "initial_eprice_ema_dist": -0.004148560894127008,
          "initial_qty_pct": 0.005209611824982913,
          "markup_range": 0.0012958278272246452,
          "min_markup": 0.0027116617656793678,
          "n_close_orders": 10,
          "rentry_pprice_dist": 0.018080021200148986,
          "rentry_pprice_dist_wallet_exposure_weighting": 1.8956529360786243,
          "wallet_exposure_limit": 1.0},
 "short": {"auto_unstuck_delay_minutes": 126.18269911806098,
           "auto_unstuck_ema_dist": -0.08403255218629142,
           "auto_unstuck_qty_pct": 0.06863413968392618,
           "auto_unstuck_wallet_exposure_threshold": 0.5817836690803195,
           "backwards_tp": true,
           "ddown_factor": 1.469221742032792,
           "ema_span_0": 125.3742201224612,
           "ema_span_1": 1733.1263259516145,
           "enabled": false,
           "initial_eprice_ema_dist": -0.08535230695398005,
           "initial_qty_pct": 0.07228517530491292,
           "markup_range": 0.04134215813266584,
           "min_markup": 0.007020474869542772,
           "n_close_orders": 5,
           "rentry_pprice_dist": 0.04620268049314128,
           "rentry_pprice_dist_wallet_exposure_weighting": 8.862037534513284,
           "wallet_exposure_limit": 0.42697387495226513}}