{"config_name": "recursive_grid_1_symbols_1080days",
 "logging_level": 0,
 "long": {"auto_unstuck_delay_minutes": 37.60653811458409,
          "auto_unstuck_ema_dist": 0.0022988993726813403,
          "auto_unstuck_qty_pct": 0.008644499934623892,
          "auto_unstuck_wallet_exposure_threshold": 0.042700913703401254,
          "backwards_tp": true,
          "ddown_factor": 1.6648552666813936,
          "ema_span_0": 587.9697711959526,
          "ema_span_1": 686.1597987971604,
          "enabled": true,
          "initial_eprice_ema_dist": 0.000955818152236922,
          "initial_qty_pct": 0.007897597850338526,
          "markup_range": 0.0,
          "min_markup": 0.001586772248214289,
          "n_close_orders": 11,
          "rentry_pprice_dist": 0.019415520631796315,
          "rentry_pprice_dist_wallet_exposure_weighting": 1.4088647275262611,
          "wallet_exposure_limit": 2.0},
 "short": {"auto_unstuck_delay_minutes": 255.59555685330545,
           "auto_unstuck_ema_dist": -0.09329907814796072,
           "auto_unstuck_qty_pct": 0.006381502412378171,
           "auto_unstuck_wallet_exposure_threshold": 0.7,
           "backwards_tp": true,
           "ddown_factor": 2.22785477401931,
           "ema_span_0": 1371.478239894279,
           "ema_span_1": 583.4326892748674,
           "enabled": true,
           "initial_eprice_ema_dist": -0.06381447331382496,
           "initial_qty_pct": 0.005007298184932001,
           "markup_range": 0.00012593452573517487,
           "min_markup": 0.0013496676136535185,
           "n_close_orders": 3,
           "rentry_pprice_dist": 0.016022000458125022,
           "rentry_pprice_dist_wallet_exposure_weighting": 21.260242156120793,
           "wallet_exposure_limit": 1.0}}