{"config_name": "recursive_grid_1_symbols_1080days",
 "logging_level": 0,
 "long": {"auto_unstuck_delay_minutes": 962.234829058542,
          "auto_unstuck_ema_dist": -0.05443400765314857,
          "auto_unstuck_qty_pct": 0.019157242112888707,
          "auto_unstuck_wallet_exposure_threshold": 0.5765382824021819,
          "backwards_tp": true,
          "ddown_factor": 1.9403096189100142,
          "ema_span_0": 1125.050759801098,
          "ema_span_1": 1149.9398550525127,
          "enabled": true,
          "initial_eprice_ema_dist": -0.07480202202459442,
          "initial_qty_pct": 0.01166569181029209,
          "markup_range": 0.005564807155993629,
          "min_markup": 0.004547989187854537,
          "n_close_orders": 12,
          "rentry_pprice_dist": 0.027562091667776303,
          "rentry_pprice_dist_wallet_exposure_weighting": 1.8779007612784469,
          "wallet_exposure_limit": 1},
 "short": {"auto_unstuck_delay_minutes": 1038.9039111893392,
           "auto_unstuck_ema_dist": -0.047183798160632125,
           "auto_unstuck_qty_pct": 0.06637771854163897,
           "auto_unstuck_wallet_exposure_threshold": 0.19441111132255567,
           "backwards_tp": true,
           "ddown_factor": 2.4255569031132778,
           "ema_span_0": 918.1301956961723,
           "ema_span_1": 952.4695226158491,
           "enabled": false,
           "initial_eprice_ema_dist": -0.020091273977910912,
           "initial_qty_pct": 0.058953876002452166,
           "markup_range": 0.040913486377919174,
           "min_markup": 0.0016246203988625884,
           "n_close_orders": 14,
           "rentry_pprice_dist": 0.046177217568662436,
           "rentry_pprice_dist_wallet_exposure_weighting": 1.5450931575934046,
           "wallet_exposure_limit": 0.6362578559385262}}