{"config_name": "clock_1_symbols_1440days",
 "long": {"backwards_tp": true,
          "delay_between_fills_minutes_close": 571.4054095791954,
          "delay_between_fills_minutes_entry": 759.7171751563916,
          "delay_weight_close": 21.562700416983457,
          "delay_weight_entry": 24.65533859342861,
          "ema_dist_close": 0.0015110197773393723,
          "ema_dist_entry": 0.003,
          "ema_span_0": 685.3216438154286,
          "ema_span_1": 865.9728668287937,
          "enabled": true,
          "markup_range": 0.006663661742758247,
          "min_markup": 0.007143385933448542,
          "n_close_orders": 2,
          "qty_pct_close": 0.011715361152217987,
          "qty_pct_entry": 0.01,
          "wallet_exposure_limit": 1.0,
          "we_multiplier_close": 0.0,
          "we_multiplier_entry": 1.7119106090986738},
 "short": {"backwards_tp": true,
           "delay_between_fills_minutes_close": 1175.189270688928,
           "delay_between_fills_minutes_entry": 809.5835266320865,
           "delay_weight_close": 0,
           "delay_weight_entry": 0,
           "ema_dist_close": -0.0005141524290543147,
           "ema_dist_entry": -0.035403755563398746,
           "ema_span_0": 155.23941159844304,
           "ema_span_1": 725.2033100549359,
           "enabled": true,
           "markup_range": 0.01916842479201977,
           "min_markup": 0.009860296467193002,
           "n_close_orders": 10,
           "qty_pct_close": 0.045247267147156774,
           "qty_pct_entry": 0.010484431090390498,
           "wallet_exposure_limit": 1.0,
           "we_multiplier_close": 0.0,
           "we_multiplier_entry": 0.38862184068523786}}