{"config_name": "recursive_grid_1_symbols_1080days",
 "logging_level": 0,
 "long": {"auto_unstuck_delay_minutes": 686.0600688393928,
          "auto_unstuck_ema_dist": -0.06997323224361096,
          "auto_unstuck_qty_pct": 0.03118693713956025,
          "auto_unstuck_wallet_exposure_threshold": 0.34515343176779684,
          "backwards_tp": true,
          "ddown_factor": 2.0267884290382727,
          "ema_span_0": 729.0049302703865,
          "ema_span_1": 707.6019463190474,
          "enabled": true,
          "initial_eprice_ema_dist": 0.012591903201833158,
          "initial_qty_pct": 0.005662172723015792,
          "markup_range": 0.006808679981085669,
          "min_markup": 0.001808804413294165,
          "n_close_orders": 7,
          "rentry_pprice_dist": 0.05149542638150488,
          "rentry_pprice_dist_wallet_exposure_weighting": 0.24014767820838365,
          "wallet_exposure_limit": 1.0},
 "short": {"auto_unstuck_delay_minutes": 526.1153265961082,
           "auto_unstuck_ema_dist": -0.06452406983627268,
           "auto_unstuck_qty_pct": 0.01885120403222513,
           "auto_unstuck_wallet_exposure_threshold": 0.05802712729850828,
           "backwards_tp": true,
           "ddown_factor": 2.8658867646052197,
           "ema_span_0": 1095.6685252894654,
           "ema_span_1": 504.7931178370306,
           "enabled": false,
           "initial_eprice_ema_dist": -0.06971445626006832,
           "initial_qty_pct": 0.006653928778850659,
           "markup_range": 0.03818826749241466,
           "min_markup": 0.00956980612130855,
           "n_close_orders": 7,
           "rentry_pprice_dist": 0.0362868064652668,
           "rentry_pprice_dist_wallet_exposure_weighting": 39.94472958387747,
           "wallet_exposure_limit": 0.8580653156936042}}