{"config_name": "recursive_grid_1_symbols_1080days",
 "logging_level": 0,
 "long": {"auto_unstuck_delay_minutes": 215.69447089626098,
          "auto_unstuck_ema_dist": -0.028994655403869654,
          "auto_unstuck_qty_pct": 0.03530324137633183,
          "auto_unstuck_wallet_exposure_threshold": 0.10540005378466646,
          "backwards_tp": true,
          "ddown_factor": 1.2845860103931612,
          "ema_span_0": 731.0492912325253,
          "ema_span_1": 111.13276624213529,
          "enabled": true,
          "initial_eprice_ema_dist": -0.058938586035853856,
          "initial_qty_pct": 0.007519618275221645,
          "markup_range": 0.0024309167649415354,
          "min_markup": 0.008137083724271238,
          "n_close_orders": 5,
          "rentry_pprice_dist": 0.029699986142043815,
          "rentry_pprice_dist_wallet_exposure_weighting": 0.06088582420523664,
          "wallet_exposure_limit": 1},
 "short": {"auto_unstuck_delay_minutes": 524.2330104665084,
           "auto_unstuck_ema_dist": -0.0211623061143926,
           "auto_unstuck_qty_pct": 0.05992167681141516,
           "auto_unstuck_wallet_exposure_threshold": 0.20026820307140616,
           "backwards_tp": true,
           "ddown_factor": 2.602990670224953,
           "ema_span_0": 1225.3466972946937,
           "ema_span_1": 315.47695867583536,
           "enabled": false,
           "initial_eprice_ema_dist": -0.06712875111614786,
           "initial_qty_pct": 0.010913116870077753,
           "markup_range": 0.0073885050542245876,
           "min_markup": 0.003398203935367079,
           "n_close_orders": 9,
           "rentry_pprice_dist": 0.03960763158093995,
           "rentry_pprice_dist_wallet_exposure_weighting": 8.049713955454795,
           "wallet_exposure_limit": 0.1830491592057546}}