{"config_name": "recursive_grid_1_symbols_1080days",
 "logging_level": 0,
 "long": {"auto_unstuck_delay_minutes": 1109.470297115781,
          "auto_unstuck_ema_dist": -0.08992297897550373,
          "auto_unstuck_qty_pct": 0.023817473363976566,
          "auto_unstuck_wallet_exposure_threshold": 0.008179764732027625,
          "backwards_tp": true,
          "ddown_factor": 0.2895721033652614,
          "ema_span_0": 1407.6806622678457,
          "ema_span_1": 1587.148370438925,
          "enabled": true,
          "initial_eprice_ema_dist": 0.004076013612600138,
          "initial_qty_pct": 0.005,
          "markup_range": 0.0,
          "min_markup": 0.009965728521569517,
          "n_close_orders": 15,
          "rentry_pprice_dist": 0.016361721447424614,
          "rentry_pprice_dist_wallet_exposure_weighting": 1.4762456929002952,
          "wallet_exposure_limit": 1.0},
 "short": {"auto_unstuck_delay_minutes": 492.32611550128235,
           "auto_unstuck_ema_dist": -0.02305053974623847,
           "auto_unstuck_qty_pct": 0.032984838043146544,
           "auto_unstuck_wallet_exposure_threshold": 0.3240383155905572,
           "backwards_tp": true,
           "ddown_factor": 2.797596335867084,
           "ema_span_0": 997.8278013991269,
           "ema_span_1": 1076.0663841087298,
           "enabled": false,
           "initial_eprice_ema_dist": 0.012077741851757598,
           "initial_qty_pct": 0.010350396671766836,
           "markup_range": 0.005552877799806051,
           "min_markup": 0.001532059333810318,
           "n_close_orders": 10,
           "rentry_pprice_dist": 0.023201210121246055,
           "rentry_pprice_dist_wallet_exposure_weighting": 30.407176168928792,
           "wallet_exposure_limit": 0.5049820425453637}}