{"config_name": "recursive_grid_1_symbols_1080days",
 "logging_level": 0,
 "long": {"auto_unstuck_delay_minutes": 636.7187205571813,
          "auto_unstuck_ema_dist": -0.07695204008713995,
          "auto_unstuck_qty_pct": 0.042295820065618356,
          "auto_unstuck_wallet_exposure_threshold": 0.022484482780055073,
          "backwards_tp": true,
          "ddown_factor": 0.1318676591182238,
          "ema_span_0": 694.8237500264922,
          "ema_span_1": 665.7005057768455,
          "enabled": true,
          "initial_eprice_ema_dist": -0.09737912076439972,
          "initial_qty_pct": 0.015100081203046897,
          "markup_range": 0.005967282556900887,
          "min_markup": 0.0013758246986082167,
          "n_close_orders": 10,
          "rentry_pprice_dist": 0.030655202230517077,
          "rentry_pprice_dist_wallet_exposure_weighting": 3.0320650034144734,
          "wallet_exposure_limit": 1},
 "short": {"auto_unstuck_delay_minutes": 711.2402500300847,
           "auto_unstuck_ema_dist": -0.03838236894580362,
           "auto_unstuck_qty_pct": 0.01427829616459313,
           "auto_unstuck_wallet_exposure_threshold": 0.6227024102645797,
           "backwards_tp": true,
           "ddown_factor": 1.236635376245003,
           "ema_span_0": 855.2744562876746,
           "ema_span_1": 1294.87331216134,
           "enabled": false,
           "initial_eprice_ema_dist": 0.007158708317570289,
           "initial_qty_pct": 0.07618712783468609,
           "markup_range": 0.04379493636088029,
           "min_markup": 0.003775629624053233,
           "n_close_orders": 6,
           "rentry_pprice_dist": 0.024739541363891664,
           "rentry_pprice_dist_wallet_exposure_weighting": 8.463744988986042,
           "wallet_exposure_limit": 0.9850007728662366}}