{"config_name": "clock_1_symbols_1440days",
 "long": {"backwards_tp": true,
          "delay_between_fills_minutes_close": 400.81007432514446,
          "delay_between_fills_minutes_entry": 1439.8977793530505,
          "delay_weight_close": 43.48829341038413,
          "delay_weight_entry": 23.53613446667166,
          "ema_dist_close": 0.0027079932842997197,
          "ema_dist_entry": -0.013911153554001538,
          "ema_span_0": 7.255292521784564,
          "ema_span_1": 1222.3767406236689,
          "enabled": true,
          "markup_range": 0.05576237901419909,
          "min_markup": 0.009804202003929013,
          "n_close_orders": 6,
          "qty_pct_close": 0.04278340848119288,
          "qty_pct_entry": 0.012719279975765621,
          "wallet_exposure_limit": 1.0,
          "we_multiplier_close": 0.0,
          "we_multiplier_entry": 4.199849505269192},
 "short": {"backwards_tp": true,
           "delay_between_fills_minutes_close": 1440.0,
           "delay_between_fills_minutes_entry": 641.84701605371,
           "delay_weight_close": 0,
           "delay_weight_entry": 0,
           "ema_dist_close": -0.009598566239795641,
           "ema_dist_entry": -0.04514096956326924,
           "ema_span_0": 1397.7488600202435,
           "ema_span_1": 242.1864118247909,
           "enabled": true,
           "markup_range": 0.06,
           "min_markup": 0.004544277639508671,
           "n_close_orders": 14,
           "qty_pct_close": 0.04567990286315379,
           "qty_pct_entry": 0.015697889770843205,
           "wallet_exposure_limit": 1.0,
           "we_multiplier_close": 0.0,
           "we_multiplier_entry": 9.733134039145252}}