{"config_name": "recursive_grid_1_symbols_1080days",
 "logging_level": 0,
 "long": {"auto_unstuck_delay_minutes": 202.09008398038924,
          "auto_unstuck_ema_dist": -0.030281477487679065,
          "auto_unstuck_qty_pct": 0.04191211874179665,
          "auto_unstuck_wallet_exposure_threshold": 0.4919845151839997,
          "backwards_tp": true,
          "ddown_factor": 1.0954690019022995,
          "ema_span_0": 1355.149132469983,
          "ema_span_1": 1841.858529520698,
          "enabled": true,
          "initial_eprice_ema_dist": -0.01379644144885914,
          "initial_qty_pct": 0.014550169142681568,
          "markup_range": 0.004127499473233571,
          "min_markup": 0.007197340889585221,
          "n_close_orders": 9,
          "rentry_pprice_dist": 0.02427420484852924,
          "rentry_pprice_dist_wallet_exposure_weighting": 1.515494607260783,
          "wallet_exposure_limit": 1},
 "short": {"auto_unstuck_delay_minutes": 1090.8659249791376,
           "auto_unstuck_ema_dist": -0.07051007753246054,
           "auto_unstuck_qty_pct": 0.07826728969275386,
           "auto_unstuck_wallet_exposure_threshold": 0.019525545582600366,
           "backwards_tp": true,
           "ddown_factor": 1.9851988159372045,
           "ema_span_0": 103.61782969130302,
           "ema_span_1": 1660.818020532921,
           "enabled": false,
           "initial_eprice_ema_dist": -0.04568988326883919,
           "initial_qty_pct": 0.03973622317992621,
           "markup_range": 0.058923664420482004,
           "min_markup": 0.009811010205269872,
           "n_close_orders": 15,
           "rentry_pprice_dist": 0.03799613590513332,
           "rentry_pprice_dist_wallet_exposure_weighting": 23.40537776659432,
           "wallet_exposure_limit": 0.7121771966593621}}