{"config_name": "recursive_grid_1_symbols_1080days",
 "logging_level": 0,
 "long": {"auto_unstuck_delay_minutes": 1.0448880631967792,
          "auto_unstuck_ema_dist": 0.004580928365247734,
          "auto_unstuck_qty_pct": 0.0032587005090693793,
          "auto_unstuck_wallet_exposure_threshold": 0.09870748507046,
          "backwards_tp": true,
          "ddown_factor": 1.4186783837488064,
          "ema_span_0": 1028.2561400033119,
          "ema_span_1": 1285.054242734646,
          "enabled": true,
          "initial_eprice_ema_dist": -0.010062005292076888,
          "initial_qty_pct": 0.01557525389012309,
          "markup_range": 0.0037473066782073073,
          "min_markup": 0.006431012798492082,
          "n_close_orders": 8,
          "rentry_pprice_dist": 0.03132300603706052,
          "rentry_pprice_dist_wallet_exposure_weighting": 0.38852689159646026,
          "wallet_exposure_limit": 1.0},
 "short": {"auto_unstuck_delay_minutes": 643.3949808731786,
           "auto_unstuck_ema_dist": -0.062345626598496656,
           "auto_unstuck_qty_pct": 0.009066072562241914,
           "auto_unstuck_wallet_exposure_threshold": 0.2614018776233337,
           "backwards_tp": true,
           "ddown_factor": 1.5210639369588796,
           "ema_span_0": 1378.1486953410295,
           "ema_span_1": 2421.2380945876325,
           "enabled": false,
           "initial_eprice_ema_dist": -0.024422435269326664,
           "initial_qty_pct": 0.07434885360649655,
           "markup_range": 0.02738499558721391,
           "min_markup": 0.002446119651701966,
           "n_close_orders": 4,
           "rentry_pprice_dist": 0.03079513542425738,
           "rentry_pprice_dist_wallet_exposure_weighting": 39.006092965105246,
           "wallet_exposure_limit": 0.26482468344410715}}