{"config_name": "recursive_grid_1_symbols_1080days",
 "logging_level": 0,
 "long": {"auto_unstuck_delay_minutes": 786.4176906803979,
          "auto_unstuck_ema_dist": -0.012384059412888369,
          "auto_unstuck_qty_pct": 0.0524338943662375,
          "auto_unstuck_wallet_exposure_threshold": 0.23536273449761758,
          "backwards_tp": true,
          "ddown_factor": 0.750348679742932,
          "ema_span_0": 368.2087818917179,
          "ema_span_1": 194.05450432933696,
          "enabled": true,
          "initial_eprice_ema_dist": -0.02303516552855449,
          "initial_qty_pct": 0.005003039883137499,
          "markup_range": 3.140341880054528e-06,
          "min_markup": 0.005389115436901372,
          "n_close_orders": 5,
          "rentry_pprice_dist": 0.024649302909942796,
          "rentry_pprice_dist_wallet_exposure_weighting": 2.280584588827892,
          "wallet_exposure_limit": 1.0},
 "short": {"auto_unstuck_delay_minutes": 1123.1429493707867,
           "auto_unstuck_ema_dist": -0.03477804437645084,
           "auto_unstuck_qty_pct": 0.05895159630338716,
           "auto_unstuck_wallet_exposure_threshold": 0.06033360423597644,
           "backwards_tp": true,
           "ddown_factor": 1.4419524307797154,
           "ema_span_0": 1037.0063453298399,
           "ema_span_1": 1762.3797791397435,
           "enabled": false,
           "initial_eprice_ema_dist": -0.03788651970286565,
           "initial_qty_pct": 0.015821721938060345,
           "markup_range": 0.0013236299258311045,
           "min_markup": 0.0037599791424815206,
           "n_close_orders": 8,
           "rentry_pprice_dist": 0.059129704852957474,
           "rentry_pprice_dist_wallet_exposure_weighting": 6.461760671858823,
           "wallet_exposure_limit": 0.21792557117488964}}