{"config_name": "recursive_grid_1_symbols_30days",
 "logging_level": 0,
 "long": {"auto_unstuck_delay_minutes": 0,
          "auto_unstuck_ema_dist": 0,
          "auto_unstuck_qty_pct": 0,
          "auto_unstuck_wallet_exposure_threshold": 0.0,
          "backwards_tp": true,
          "ddown_factor": 1.674692451417698,
          "ema_span_0": 1173.6061241620196,
          "ema_span_1": 1345.7703082109158,
          "enabled": true,
          "initial_eprice_ema_dist": 0.0008397860381108204,
          "initial_qty_pct": 0.007534252973631746,
          "markup_range": 0.00824210226218281,
          "min_markup": 0.009827338473242835,
          "n_close_orders": 6,
          "rentry_pprice_dist": 0.04073825856083074,
          "rentry_pprice_dist_wallet_exposure_weighting": 0.4563928582217053,
          "wallet_exposure_limit": 1},
 "short": {"auto_unstuck_delay_minutes": 0.0,
           "auto_unstuck_ema_dist": 0.0,
           "auto_unstuck_qty_pct": 0.0,
           "auto_unstuck_wallet_exposure_threshold": 0.0,
           "backwards_tp": true,
           "ddown_factor": 1.3097196828008233,
           "ema_span_0": 602.1246730062143,
           "ema_span_1": 645.5628669609749,
           "enabled": false,
           "initial_eprice_ema_dist": -0.00022906900987491527,
           "initial_qty_pct": 0.006548079578491406,
           "markup_range": 0.005545530477562696,
           "min_markup": 0.009756464856627699,
           "n_close_orders": 7,
           "rentry_pprice_dist": 0.020455553314045943,
           "rentry_pprice_dist_wallet_exposure_weighting": 4.733400547675359,
           "wallet_exposure_limit": 1.0}}