{"config_name": "recursive_grid_1_symbols_1080days",
 "logging_level": 0,
 "long": {"auto_unstuck_delay_minutes": 1364.1184509671502,
          "auto_unstuck_ema_dist": -0.03785488398867882,
          "auto_unstuck_qty_pct": 0.011951372640168328,
          "auto_unstuck_wallet_exposure_threshold": 0.6331655518497675,
          "backwards_tp": true,
          "ddown_factor": 2.194387428862508,
          "ema_span_0": 759.7955535192704,
          "ema_span_1": 1028.7501755564808,
          "enabled": true,
          "initial_eprice_ema_dist": 0.0051607622874153755,
          "initial_qty_pct": 0.005725951652594416,
          "markup_range": 0.0006529445531996101,
          "min_markup": 0.0014921012323565262,
          "n_close_orders": 3,
          "rentry_pprice_dist": 0.0192854163774374,
          "rentry_pprice_dist_wallet_exposure_weighting": 4.399653981951412,
          "wallet_exposure_limit": 2.0},
 "short": {"auto_unstuck_delay_minutes": 134.04005335711136,
           "auto_unstuck_ema_dist": -0.019456731000721535,
           "auto_unstuck_qty_pct": 0.0008414437262550833,
           "auto_unstuck_wallet_exposure_threshold": 0.6098041268659872,
           "backwards_tp": true,
           "ddown_factor": 1.477572777330296,
           "ema_span_0": 1028.7218512167967,
           "ema_span_1": 503.0379282808065,
           "enabled": true,
           "initial_eprice_ema_dist": -0.07874303884645828,
           "initial_qty_pct": 0.009311320055519436,
           "markup_range": 2.147561147739868e-10,
           "min_markup": 0.005494879567387496,
           "n_close_orders": 16,
           "rentry_pprice_dist": 0.05006192535598265,
           "rentry_pprice_dist_wallet_exposure_weighting": 0.023700205440017802,
           "wallet_exposure_limit": 1.0}}