{"config_name": "recursive_grid_1_symbols_1080days",
 "logging_level": 0,
 "long": {"auto_unstuck_delay_minutes": 23.981141653067418,
          "auto_unstuck_ema_dist": -0.051036866016842236,
          "auto_unstuck_qty_pct": 0.07966920331725097,
          "auto_unstuck_wallet_exposure_threshold": 0.6662060716195541,
          "backwards_tp": true,
          "ddown_factor": 0.11709231767383708,
          "ema_span_0": 921.1209562943433,
          "ema_span_1": 964.4351085384507,
          "enabled": true,
          "initial_eprice_ema_dist": 0.013928024113400958,
          "initial_qty_pct": 0.005,
          "markup_range": 0.0022152168311575715,
          "min_markup": 0.0065248571411508915,
          "n_close_orders": 16,
          "rentry_pprice_dist": 0.05890388290576005,
          "rentry_pprice_dist_wallet_exposure_weighting": 2.3567245974394653,
          "wallet_exposure_limit": 1.0},
 "short": {"auto_unstuck_delay_minutes": 992.652873243613,
           "auto_unstuck_ema_dist": -0.0676707641381471,
           "auto_unstuck_qty_pct": 0.046743359229361195,
           "auto_unstuck_wallet_exposure_threshold": 0.025649659217589126,
           "backwards_tp": true,
           "ddown_factor": 1.638014708307123,
           "ema_span_0": 1251.8307037366612,
           "ema_span_1": 1210.0083718030435,
           "enabled": false,
           "initial_eprice_ema_dist": -0.033105507320511596,
           "initial_qty_pct": 0.07838087370160114,
           "markup_range": 0.038999893163799,
           "min_markup": 0.007472241034923747,
           "n_close_orders": 7,
           "rentry_pprice_dist": 0.05014103222409927,
           "rentry_pprice_dist_wallet_exposure_weighting": 22.322098176641767,
           "wallet_exposure_limit": 0.40841697993872494}}