{"config_name": "recursive_grid_1_symbols_1080days",
 "logging_level": 0,
 "long": {"auto_unstuck_delay_minutes": 494.29973036030907,
          "auto_unstuck_ema_dist": -0.05585128235240878,
          "auto_unstuck_qty_pct": 0.07231450537974322,
          "auto_unstuck_wallet_exposure_threshold": 0.26794922452378395,
          "backwards_tp": true,
          "ddown_factor": 0.469146480645641,
          "ema_span_0": 1058.5861433099094,
          "ema_span_1": 446.1364493222016,
          "enabled": true,
          "initial_eprice_ema_dist": 0.012141116028811988,
          "initial_qty_pct": 0.01073780576587785,
          "markup_range": 0.0029406034689110068,
          "min_markup": 0.0033671884094497763,
          "n_close_orders": 4,
          "rentry_pprice_dist": 0.039385646087621067,
          "rentry_pprice_dist_wallet_exposure_weighting": 5.878553676402101,
          "wallet_exposure_limit": 1},
 "short": {"auto_unstuck_delay_minutes": 1155.7679491097292,
           "auto_unstuck_ema_dist": -0.019066203493080858,
           "auto_unstuck_qty_pct": 0.009678594509839602,
           "auto_unstuck_wallet_exposure_threshold": 0.6049445077067048,
           "backwards_tp": true,
           "ddown_factor": 0.5440850187259842,
           "ema_span_0": 955.8834785607678,
           "ema_span_1": 172.57509008313633,
           "enabled": false,
           "initial_eprice_ema_dist": 0.0058200582644520465,
           "initial_qty_pct": 0.04996700510200101,
           "markup_range": 0.00985648889817292,
           "min_markup": 0.003682627740243398,
           "n_close_orders": 10,
           "rentry_pprice_dist": 0.0585896085434426,
           "rentry_pprice_dist_wallet_exposure_weighting": 33.43625066668386,
           "wallet_exposure_limit": 0.9501252894461205}}