{"config_name": "recursive_grid_1_symbols_1080days",
 "logging_level": 0,
 "long": {"auto_unstuck_delay_minutes": 669.2806565921828,
          "auto_unstuck_ema_dist": -0.05127471788158163,
          "auto_unstuck_qty_pct": 0.04343297677568162,
          "auto_unstuck_wallet_exposure_threshold": 0.10450670514041349,
          "backwards_tp": true,
          "ddown_factor": 0.2727977995186722,
          "ema_span_0": 983.2025145828997,
          "ema_span_1": 1423.7966272179806,
          "enabled": true,
          "initial_eprice_ema_dist": 0.015,
          "initial_qty_pct": 0.009125359939842394,
          "markup_range": 0.019361798233937803,
          "min_markup": 0.0024483348471566638,
          "n_close_orders": 13,
          "rentry_pprice_dist": 0.02500090382480445,
          "rentry_pprice_dist_wallet_exposure_weighting": 0.0007245305211633287,
          "wallet_exposure_limit": 1.0},
 "short": {"auto_unstuck_delay_minutes": 229.43944510459067,
           "auto_unstuck_ema_dist": -0.06400066465433146,
           "auto_unstuck_qty_pct": 0.02621968050641015,
           "auto_unstuck_wallet_exposure_threshold": 0.2799052894232773,
           "backwards_tp": true,
           "ddown_factor": 0.7568015977319411,
           "ema_span_0": 1117.8185520036259,
           "ema_span_1": 1104.383127299338,
           "enabled": false,
           "initial_eprice_ema_dist": -0.037274444196609524,
           "initial_qty_pct": 0.014256585954202816,
           "markup_range": 0.005057198458772072,
           "min_markup": 0.0018807275127668362,
           "n_close_orders": 3,
           "rentry_pprice_dist": 0.021489936555102188,
           "rentry_pprice_dist_wallet_exposure_weighting": 31.293217626318707,
           "wallet_exposure_limit": 0.36948973937957963}}