{"config_name": "recursive_grid_1_symbols_1080days",
 "logging_level": 0,
 "long": {"auto_unstuck_delay_minutes": 1030.0213149538076,
          "auto_unstuck_ema_dist": -0.05943856502913103,
          "auto_unstuck_qty_pct": 0.03477916859782252,
          "auto_unstuck_wallet_exposure_threshold": 0.1430544624221101,
          "backwards_tp": true,
          "ddown_factor": 1.783431476292753,
          "ema_span_0": 800.7409657200878,
          "ema_span_1": 2164.235183331633,
          "enabled": true,
          "initial_eprice_ema_dist": -0.007993691905555362,
          "initial_qty_pct": 0.005641203667030818,
          "markup_range": 0.0041241003242432584,
          "min_markup": 0.004489371472450407,
          "n_close_orders": 9,
          "rentry_pprice_dist": 0.04212381895841691,
          "rentry_pprice_dist_wallet_exposure_weighting": 1.621916311613476,
          "wallet_exposure_limit": 1},
 "short": {"auto_unstuck_delay_minutes": 903.3463223273966,
           "auto_unstuck_ema_dist": -0.07919462690339112,
           "auto_unstuck_qty_pct": 0.05120149929470389,
           "auto_unstuck_wallet_exposure_threshold": 0.5724054044368432,
           "backwards_tp": true,
           "ddown_factor": 2.9739891975761075,
           "ema_span_0": 843.1321270257641,
           "ema_span_1": 1793.3797279337812,
           "enabled": false,
           "initial_eprice_ema_dist": 0.007090922116566117,
           "initial_qty_pct": 0.06381072234655853,
           "markup_range": 0.01464690892597882,
           "min_markup": 0.005243246285225698,
           "n_close_orders": 5,
           "rentry_pprice_dist": 0.017864599552809175,
           "rentry_pprice_dist_wallet_exposure_weighting": 19.85969279823204,
           "wallet_exposure_limit": 0.6217646740467364}}