{"config_name": "clock_1_symbols_1440days",
 "long": {"backwards_tp": true,
          "delay_between_fills_minutes_close": 1406.930151892684,
          "delay_between_fills_minutes_entry": 1267.9972202776294,
          "delay_weight_close": 82.95502957670604,
          "delay_weight_entry": 19.03461180158176,
          "ema_dist_close": 0.0029562802174936506,
          "ema_dist_entry": 0.0029893564109642946,
          "ema_span_0": 1110.276107288724,
          "ema_span_1": 433.56268798350726,
          "enabled": true,
          "markup_range": 0.03340706250613287,
          "min_markup": 0.005677102098484324,
          "n_close_orders": 8,
          "qty_pct_close": 0.023678795274588778,
          "qty_pct_entry": 0.010000370838334324,
          "wallet_exposure_limit": 1.0,
          "we_multiplier_close": 0.0,
          "we_multiplier_entry": 0.054932309115964924},
 "short": {"backwards_tp": true,
           "delay_between_fills_minutes_close": 247.97030488316733,
           "delay_between_fills_minutes_entry": 641.6480971901801,
           "delay_weight_close": 8.75713358268802,
           "delay_weight_entry": 10.244887983437081,
           "ema_dist_close": 0.002709775861607132,
           "ema_dist_entry": -0.02665764186722764,
           "ema_span_0": 681.7343313138678,
           "ema_span_1": 222.19129326286466,
           "enabled": true,
           "markup_range": 0.04730388563327375,
           "min_markup": 0.0034575797448282556,
           "n_close_orders": 11,
           "qty_pct_close": 0.05,
           "qty_pct_entry": 0.01,
           "wallet_exposure_limit": 1.0,
           "we_multiplier_close": 0.0,
           "we_multiplier_entry": 4.239687559960235}}