{"config_name": "clock_1_symbols_1440days",
 "long": {"backwards_tp": true,
          "delay_between_fills_minutes_close": 1295.694421821038,
          "delay_between_fills_minutes_entry": 1134.221950797019,
          "delay_weight_close": 97.65874262302687,
          "delay_weight_entry": 15.566473610025682,
          "ema_dist_close": -0.0032428237192584897,
          "ema_dist_entry": 0.002685114642190722,
          "ema_span_0": 550.4621063392444,
          "ema_span_1": 1428.7979556868015,
          "enabled": true,
          "markup_range": 0.059894078179403766,
          "min_markup": 0.004311984391605248,
          "n_close_orders": 7,
          "qty_pct_close": 0.032123391209504894,
          "qty_pct_entry": 0.02004705670915529,
          "wallet_exposure_limit": 1.0,
          "we_multiplier_close": 0.0,
          "we_multiplier_entry": 1.7382970765309347},
 "short": {"backwards_tp": true,
           "delay_between_fills_minutes_close": 1164.103050744684,
           "delay_between_fills_minutes_entry": 1416.2058750234567,
           "delay_weight_close": 2.4142048894545143,
           "delay_weight_entry": 3.9638857343681124,
           "ema_dist_close": -0.008438756374265695,
           "ema_dist_entry": -0.04928641098530135,
           "ema_span_0": 21.513277494405152,
           "ema_span_1": 1271.5836045247654,
           "enabled": true,
           "markup_range": 0.04342308794909773,
           "min_markup": 0.006175085889278715,
           "n_close_orders": 3,
           "qty_pct_close": 0.011280569408835902,
           "qty_pct_entry": 0.011926196725085214,
           "wallet_exposure_limit": 1.0,
           "we_multiplier_close": 0.0,
           "we_multiplier_entry": 9.28332850606747}}