{"config_name": "recursive_grid_1_symbols_1080days",
 "logging_level": 0,
 "long": {"auto_unstuck_delay_minutes": 369.6917049500688,
          "auto_unstuck_ema_dist": -0.021793108209730867,
          "auto_unstuck_qty_pct": 0.02850035587140619,
          "auto_unstuck_wallet_exposure_threshold": 0.16412807148024103,
          "backwards_tp": true,
          "ddown_factor": 2.1817292949616096,
          "ema_span_0": 1071.3949303249926,
          "ema_span_1": 1445.1279882949023,
          "enabled": true,
          "initial_eprice_ema_dist": -0.001332758809037587,
          "initial_qty_pct": 0.005,
          "markup_range": 0.00322144355964501,
          "min_markup": 0.0030645290511736555,
          "n_close_orders": 6,
          "rentry_pprice_dist": 0.04926542109958365,
          "rentry_pprice_dist_wallet_exposure_weighting": 3.391400367713764,
          "wallet_exposure_limit": 1.0},
 "short": {"auto_unstuck_delay_minutes": 364.67184358484786,
           "auto_unstuck_ema_dist": -0.057327443882570515,
           "auto_unstuck_qty_pct": 0.03380498407300665,
           "auto_unstuck_wallet_exposure_threshold": 0.6621394135101787,
           "backwards_tp": true,
           "ddown_factor": 2.1977708543252374,
           "ema_span_0": 319.17217989059435,
           "ema_span_1": 1630.4838596465836,
           "enabled": false,
           "initial_eprice_ema_dist": -0.06304191774286938,
           "initial_qty_pct": 0.08228013490661049,
           "markup_range": 0.0573217547302332,
           "min_markup": 0.0010472944915041198,
           "n_close_orders": 12,
           "rentry_pprice_dist": 0.010001406850132047,
           "rentry_pprice_dist_wallet_exposure_weighting": 18.484629880258193,
           "wallet_exposure_limit": 0.8526517219043924}}