{"config_name": "recursive_grid_1_symbols_1080days",
 "logging_level": 0,
 "long": {"auto_unstuck_delay_minutes": 296.4559878151925,
          "auto_unstuck_ema_dist": -0.0031700163830633357,
          "auto_unstuck_qty_pct": 0.04257488682813541,
          "auto_unstuck_wallet_exposure_threshold": 0.40635967625616637,
          "backwards_tp": true,
          "ddown_factor": 0.8387319836943299,
          "ema_span_0": 17.140941340558673,
          "ema_span_1": 2500,
          "enabled": true,
          "initial_eprice_ema_dist": -0.06249255810348237,
          "initial_qty_pct": 0.005,
          "markup_range": 0.007758072178814872,
          "min_markup": 0.005088831197989632,
          "n_close_orders": 2,
          "rentry_pprice_dist": 0.030032257165835918,
          "rentry_pprice_dist_wallet_exposure_weighting": 1.6247734163346694,
          "wallet_exposure_limit": 1},
 "short": {"auto_unstuck_delay_minutes": 1082.555952299738,
           "auto_unstuck_ema_dist": -0.08579602735558468,
           "auto_unstuck_qty_pct": 0.06054090698400669,
           "auto_unstuck_wallet_exposure_threshold": 0.5002532898042474,
           "backwards_tp": true,
           "ddown_factor": 0.5403577296481911,
           "ema_span_0": 366.4274524200475,
           "ema_span_1": 1233.508509521386,
           "enabled": false,
           "initial_eprice_ema_dist": -0.03348755043584217,
           "initial_qty_pct": 0.011556399231710111,
           "markup_range": 0.012676711941125376,
           "min_markup": 0.0048053568324373,
           "n_close_orders": 9,
           "rentry_pprice_dist": 0.05265989707391396,
           "rentry_pprice_dist_wallet_exposure_weighting": 2.258082742834895,
           "wallet_exposure_limit": 0.9554229652924578}}