{"config_name": "recursive_grid_1_symbols_1080days",
 "logging_level": 0,
 "long": {"auto_unstuck_delay_minutes": 1406.1921531634587,
          "auto_unstuck_ema_dist": -0.014931593748133881,
          "auto_unstuck_qty_pct": 0.05374212426457563,
          "auto_unstuck_wallet_exposure_threshold": 0.40062308119302653,
          "backwards_tp": true,
          "ddown_factor": 1.2795902424445302,
          "ema_span_0": 1339.5629617171735,
          "ema_span_1": 2438.6902289270083,
          "enabled": true,
          "initial_eprice_ema_dist": -0.0139470340200078,
          "initial_qty_pct": 0.005,
          "markup_range": 0.0006565863409005537,
          "min_markup": 0.007057351490644502,
          "n_close_orders": 6,
          "rentry_pprice_dist": 0.03669624697882838,
          "rentry_pprice_dist_wallet_exposure_weighting": 0.5967677729294323,
          "wallet_exposure_limit": 1.0},
 "short": {"auto_unstuck_delay_minutes": 136.254948128965,
           "auto_unstuck_ema_dist": -0.08329862900599538,
           "auto_unstuck_qty_pct": 0.06676705889451798,
           "auto_unstuck_wallet_exposure_threshold": 0.062254345701479245,
           "backwards_tp": true,
           "ddown_factor": 0.8187789388075165,
           "ema_span_0": 1287.1401300776577,
           "ema_span_1": 1681.6887079524827,
           "enabled": false,
           "initial_eprice_ema_dist": -0.019051363265338253,
           "initial_qty_pct": 0.07993934420623945,
           "markup_range": 0.03297335706276277,
           "min_markup": 0.0055474453886974195,
           "n_close_orders": 11,
           "rentry_pprice_dist": 0.016793145682540356,
           "rentry_pprice_dist_wallet_exposure_weighting": 30.854133218753237,
           "wallet_exposure_limit": 0.1724683233498493}}