{"config_name": "recursive_grid_1_symbols_1080days",
 "logging_level": 0,
 "long": {"auto_unstuck_delay_minutes": 1413.2257012555121,
          "auto_unstuck_ema_dist": -0.00020907594594264152,
          "auto_unstuck_qty_pct": 0.003450579749898319,
          "auto_unstuck_wallet_exposure_threshold": 0.1783411713995618,
          "backwards_tp": true,
          "ddown_factor": 1.0379567967363907,
          "ema_span_0": 1315.1821140639352,
          "ema_span_1": 2327.4845727207944,
          "enabled": true,
          "initial_eprice_ema_dist": -0.012456194873104552,
          "initial_qty_pct": 0.005,
          "markup_range": 0.0,
          "min_markup": 0.005025138872171457,
          "n_close_orders": 15,
          "rentry_pprice_dist": 0.03739543201438659,
          "rentry_pprice_dist_wallet_exposure_weighting": 0.0,
          "wallet_exposure_limit": 1.0},
 "short": {"auto_unstuck_delay_minutes": 928.6749286669408,
           "auto_unstuck_ema_dist": -0.06938507189530142,
           "auto_unstuck_qty_pct": 0.06269218887290251,
           "auto_unstuck_wallet_exposure_threshold": 0.3861341045655659,
           "backwards_tp": true,
           "ddown_factor": 1.1461708738475198,
           "ema_span_0": 262.94403401299985,
           "ema_span_1": 566.7091039356409,
           "enabled": false,
           "initial_eprice_ema_dist": 0.009363555401921186,
           "initial_qty_pct": 0.017828208413983936,
           "markup_range": 0.05009543910129965,
           "min_markup": 0.00293091080920913,
           "n_close_orders": 2,
           "rentry_pprice_dist": 0.04018471137768995,
           "rentry_pprice_dist_wallet_exposure_weighting": 35.916347436572444,
           "wallet_exposure_limit": 0.27817872016285083}}