{"config_name": "recursive_grid_1_symbols_1080days",
 "logging_level": 0,
 "long": {"auto_unstuck_delay_minutes": 477.11600972097284,
          "auto_unstuck_ema_dist": -0.029968017042015464,
          "auto_unstuck_qty_pct": 0.027105172360499682,
          "auto_unstuck_wallet_exposure_threshold": 0.030566797194784553,
          "backwards_tp": true,
          "ddown_factor": 1.2265048787963642,
          "ema_span_0": 150.18652806049172,
          "ema_span_1": 536.8699620949537,
          "enabled": true,
          "initial_eprice_ema_dist": -0.023024468298882286,
          "initial_qty_pct": 0.010794898002360788,
          "markup_range": 0.004556247856875921,
          "min_markup": 0.001,
          "n_close_orders": 2,
          "rentry_pprice_dist": 0.02223226544910475,
          "rentry_pprice_dist_wallet_exposure_weighting": 1.419121747215654,
          "wallet_exposure_limit": 1.0},
 "short": {"auto_unstuck_delay_minutes": 759.09663028388,
           "auto_unstuck_ema_dist": -0.028337613684274537,
           "auto_unstuck_qty_pct": 0.03682379586926534,
           "auto_unstuck_wallet_exposure_threshold": 0.36184412543345373,
           "backwards_tp": true,
           "ddown_factor": 0.4117729193250793,
           "ema_span_0": 175.42564229329494,
           "ema_span_1": 860.8627625105747,
           "enabled": false,
           "initial_eprice_ema_dist": -0.07591389341084136,
           "initial_qty_pct": 0.0634879511642027,
           "markup_range": 0.04544117828531173,
           "min_markup": 0.004443202529508129,
           "n_close_orders": 11,
           "rentry_pprice_dist": 0.0578664722036584,
           "rentry_pprice_dist_wallet_exposure_weighting": 7.990730120652025,
           "wallet_exposure_limit": 0.3343816200179437}}