{"config_name": "recursive_grid_1_symbols_1080days",
 "logging_level": 0,
 "long": {"auto_unstuck_delay_minutes": 832.344309825067,
          "auto_unstuck_ema_dist": 0.00448667076871548,
          "auto_unstuck_qty_pct": 0.06601830185279235,
          "auto_unstuck_wallet_exposure_threshold": 0.02499715207050491,
          "backwards_tp": true,
          "ddown_factor": 2.965340888787511,
          "ema_span_0": 1407.3582047408,
          "ema_span_1": 2080.9416002370135,
          "enabled": true,
          "initial_eprice_ema_dist": -0.08497748753634286,
          "initial_qty_pct": 0.005,
          "markup_range": 0.002799040733040265,
          "min_markup": 0.0017142003837708416,
          "n_close_orders": 5,
          "rentry_pprice_dist": 0.03784512486927215,
          "rentry_pprice_dist_wallet_exposure_weighting": 1.6971239947411212,
          "wallet_exposure_limit": 2.0},
 "short": {"auto_unstuck_delay_minutes": 71.86088999353886,
           "auto_unstuck_ema_dist": -0.07535388488750126,
           "auto_unstuck_qty_pct": 0.06726946187890331,
           "auto_unstuck_wallet_exposure_threshold": 0.6978284073818702,
           "backwards_tp": true,
           "ddown_factor": 0.5596140886788065,
           "ema_span_0": 590.4972079085344,
           "ema_span_1": 1628.7569236482439,
           "enabled": true,
           "initial_eprice_ema_dist": 0.007215014594745043,
           "initial_qty_pct": 0.005027495853701375,
           "markup_range": 0.000548510772244559,
           "min_markup": 0.002611228678177394,
           "n_close_orders": 4,
           "rentry_pprice_dist": 0.05755151100966705,
           "rentry_pprice_dist_wallet_exposure_weighting": 23.83785788486262,
           "wallet_exposure_limit": 1.0}}