{"config_name": "recursive_grid_1_symbols_1080days",
 "logging_level": 0,
 "long": {"auto_unstuck_delay_minutes": 1242.8987300981364,
          "auto_unstuck_ema_dist": 0.0017146695585129336,
          "auto_unstuck_qty_pct": 0.003882253763909124,
          "auto_unstuck_wallet_exposure_threshold": 0.6598272997022742,
          "backwards_tp": true,
          "ddown_factor": 1.3190275657080281,
          "ema_span_0": 1370.1226638448718,
          "ema_span_1": 976.6430206773668,
          "enabled": true,
          "initial_eprice_ema_dist": -0.07070464628853179,
          "initial_qty_pct": 0.005,
          "markup_range": 0.0,
          "min_markup": 0.0016702950635588253,
          "n_close_orders": 16,
          "rentry_pprice_dist": 0.04647776140748583,
          "rentry_pprice_dist_wallet_exposure_weighting": 1.2903865280226559,
          "wallet_exposure_limit": 2.0},
 "short": {"auto_unstuck_delay_minutes": 826.4410331593007,
           "auto_unstuck_ema_dist": 0.0017943361603110076,
           "auto_unstuck_qty_pct": 0.03643506914214203,
           "auto_unstuck_wallet_exposure_threshold": 0.27233703014987415,
           "backwards_tp": true,
           "ddown_factor": 0.12883643383494683,
           "ema_span_0": 663.411000377147,
           "ema_span_1": 1399.6381051729443,
           "enabled": true,
           "initial_eprice_ema_dist": -0.030099404190095998,
           "initial_qty_pct": 0.005,
           "markup_range": 0.0032841006434712588,
           "min_markup": 0.003507728971738942,
           "n_close_orders": 16,
           "rentry_pprice_dist": 0.010000065874114337,
           "rentry_pprice_dist_wallet_exposure_weighting": 12.028869225226016,
           "wallet_exposure_limit": 1.0}}