{"config_name": "recursive_grid_1_symbols_1080days",
 "logging_level": 0,
 "long": {"auto_unstuck_delay_minutes": 408.52457511707286,
          "auto_unstuck_ema_dist": -0.09999757775038666,
          "auto_unstuck_qty_pct": 0.014570409476222786,
          "auto_unstuck_wallet_exposure_threshold": 0.6655196338855331,
          "backwards_tp": true,
          "ddown_factor": 2.103461181004646,
          "ema_span_0": 102.34721889355997,
          "ema_span_1": 1267.8820375119785,
          "enabled": true,
          "initial_eprice_ema_dist": 0.0034797543256053745,
          "initial_qty_pct": 0.005196778827679683,
          "markup_range": 0.0,
          "min_markup": 0.0014016117892216235,
          "n_close_orders": 6,
          "rentry_pprice_dist": 0.049939029114852033,
          "rentry_pprice_dist_wallet_exposure_weighting": 1.9511648637301564,
          "wallet_exposure_limit": 1.0},
 "short": {"auto_unstuck_delay_minutes": 754.4151990677727,
           "auto_unstuck_ema_dist": -0.04910983593445857,
           "auto_unstuck_qty_pct": 0.0712846711597144,
           "auto_unstuck_wallet_exposure_threshold": 0.4911162273172558,
           "backwards_tp": true,
           "ddown_factor": 1.1726801240262448,
           "ema_span_0": 411.8715063032661,
           "ema_span_1": 325.62864485309024,
           "enabled": false,
           "initial_eprice_ema_dist": -0.0746431167109513,
           "initial_qty_pct": 0.030869907626031395,
           "markup_range": 0.05846782722066248,
           "min_markup": 0.009784487034359957,
           "n_close_orders": 15,
           "rentry_pprice_dist": 0.03327813707566456,
           "rentry_pprice_dist_wallet_exposure_weighting": 24.89340732518455,
           "wallet_exposure_limit": 0.3406372094438078}}