{"config_name": "recursive_grid_1_symbols_1080days",
 "logging_level": 0,
 "long": {"auto_unstuck_delay_minutes": 790.6354962867664,
          "auto_unstuck_ema_dist": -0.05318461748023897,
          "auto_unstuck_qty_pct": 0.0003381074696186648,
          "auto_unstuck_wallet_exposure_threshold": 0.5025539633894885,
          "backwards_tp": true,
          "ddown_factor": 0.1869169400484262,
          "ema_span_0": 1291.7105889580066,
          "ema_span_1": 2338.6393997632567,
          "enabled": true,
          "initial_eprice_ema_dist": -0.0005376033811120891,
          "initial_qty_pct": 0.010711695067243569,
          "markup_range": 0.011016982529271042,
          "min_markup": 0.006909531304976116,
          "n_close_orders": 7,
          "rentry_pprice_dist": 0.029944881844073887,
          "rentry_pprice_dist_wallet_exposure_weighting": 0.7630106619569723,
          "wallet_exposure_limit": 1},
 "short": {"auto_unstuck_delay_minutes": 1133.1613901130984,
           "auto_unstuck_ema_dist": -0.04640021395959765,
           "auto_unstuck_qty_pct": 0.02651130208158598,
           "auto_unstuck_wallet_exposure_threshold": 0.30081668341786566,
           "backwards_tp": true,
           "ddown_factor": 0.8838854722258728,
           "ema_span_0": 263.06000629982157,
           "ema_span_1": 874.1956166834384,
           "enabled": false,
           "initial_eprice_ema_dist": -0.09094538272233761,
           "initial_qty_pct": 0.04506106826220296,
           "markup_range": 0.05488804895352466,
           "min_markup": 0.004966530569650354,
           "n_close_orders": 9,
           "rentry_pprice_dist": 0.04575529666248603,
           "rentry_pprice_dist_wallet_exposure_weighting": 26.478907785545537,
           "wallet_exposure_limit": 0.42332167223216677}}