{"config_name": "recursive_grid_1_symbols_1080days",
 "logging_level": 0,
 "long": {"auto_unstuck_delay_minutes": 1434.9826350929884,
          "auto_unstuck_ema_dist": -0.09998521356011401,
          "auto_unstuck_qty_pct": 0.06996968074719931,
          "auto_unstuck_wallet_exposure_threshold": 0.2362972434509676,
          "backwards_tp": true,
          "ddown_factor": 1.2382467514784943,
          "ema_span_0": 1291.0331471988625,
          "ema_span_1": 135.09841222092493,
          "enabled": true,
          "initial_eprice_ema_dist": -0.008791922253615905,
          "initial_qty_pct": 0.005,
          "markup_range": 0.0012022044858522188,
          "min_markup": 0.002146245430458816,
          "n_close_orders": 14,
          "rentry_pprice_dist": 0.04049321377156695,
          "rentry_pprice_dist_wallet_exposure_weighting": 0.0,
          "wallet_exposure_limit": 1.0},
 "short": {"auto_unstuck_delay_minutes": 550.2964291651678,
           "auto_unstuck_ema_dist": -0.09726504240024332,
           "auto_unstuck_qty_pct": 0.04471503530466464,
           "auto_unstuck_wallet_exposure_threshold": 0.3715875302973616,
           "backwards_tp": true,
           "ddown_factor": 1.8642805663005373,
           "ema_span_0": 1155.217525484098,
           "ema_span_1": 2485.3778281000536,
           "enabled": false,
           "initial_eprice_ema_dist": -0.029164767620015006,
           "initial_qty_pct": 0.020593276658489944,
           "markup_range": 0.05323208743359055,
           "min_markup": 0.005258283412073439,
           "n_close_orders": 14,
           "rentry_pprice_dist": 0.011543844975131792,
           "rentry_pprice_dist_wallet_exposure_weighting": 26.7721084912872,
           "wallet_exposure_limit": 0.6479175594120583}}